sport,body_part,self_severity,age,weight_kg,fatigue_score,training_days_per_week,training_hours_per_week,previous_injury,match_within_48h,sport_enc,body_part_enc,self_severity_enc,triage_level,triage_label,requires_doctor,recovery_days
Badminton,Knee,moderate,22,66,6,6,23.9,1,1,5,6,1,2,severe,1,59
Football,Knee,moderate,23,62,3,4,6.4,0,1,1,6,1,0,mild,1,19
Wrestling,Elbow/Forearm,mild,21,58,5,3,13.4,0,0,4,2,0,0,mild,1,2
Football,Knee,moderate,29,60,7,4,12.8,0,1,1,6,1,1,moderate,1,24
Wrestling,Shoulder,moderate,14,63,3,6,5.1,1,0,4,1,1,1,moderate,0,21
Wrestling,Elbow/Forearm,mild,14,55,1,5,13.3,0,1,4,2,0,0,mild,0,2
Kabaddi,Head/Neck,mild,14,51,6,2,17.1,0,0,2,0,0,0,mild,0,1
Football,Head/Neck,mild,22,62,4,2,10.0,0,0,1,0,0,0,mild,0,1
Football,Knee,moderate,15,77,3,4,15.7,0,1,1,6,1,1,moderate,1,13
Cricket,Shoulder,mild,24,61,1,2,19.7,1,1,0,1,0,1,moderate,0,19
Kabaddi,Chest/Back,severe,19,56,3,1,14.4,0,1,2,4,2,2,severe,1,21
Badminton,Shoulder,mild,15,83,4,0,17.7,1,1,5,1,0,0,mild,0,3
Athletics,Thigh/Hamstring,mild,14,83,4,3,12.2,1,0,3,5,0,0,mild,0,3
Badminton,Elbow/Forearm,severe,22,65,5,3,10.2,0,1,5,2,2,2,severe,1,31
Wrestling,Shoulder,mild,23,60,5,3,13.8,0,0,4,1,0,0,mild,0,5
Kabaddi,Wrist/Hand,severe,21,88,7,4,14.2,1,0,2,3,2,2,severe,1,46
Cricket,Elbow/Forearm,moderate,26,68,7,5,10.9,1,0,0,2,1,1,moderate,1,13
Kabaddi,Knee,mild,23,68,6,3,16.9,1,0,2,6,0,0,mild,0,3
Badminton,Ankle/Foot,severe,21,78,5,2,19.7,0,0,5,7,2,2,severe,1,34
Badminton,Knee,moderate,15,84,3,2,21.5,0,0,5,6,1,1,moderate,0,23
Wrestling,Head/Neck,mild,19,72,4,5,20.3,0,0,4,0,0,0,mild,1,3
Athletics,Thigh/Hamstring,severe,21,67,5,4,14.3,0,0,3,5,2,2,severe,1,27
Badminton,Shoulder,moderate,15,49,3,5,16.9,1,0,5,1,1,1,moderate,0,14
Cricket,Elbow/Forearm,mild,21,54,8,2,10.9,1,0,0,2,0,1,moderate,0,11
Kabaddi,Shoulder,mild,22,74,6,7,20.8,0,0,2,1,0,1,moderate,0,4
Football,Thigh/Hamstring,mild,23,49,10,2,22.0,1,0,1,5,0,0,mild,0,3
Badminton,Shoulder,mild,15,63,8,4,27.9,1,0,5,1,0,0,mild,0,5
Football,Head/Neck,moderate,29,66,3,6,13.8,1,1,1,0,1,2,severe,1,22
Badminton,Elbow/Forearm,severe,14,63,5,4,24.3,0,0,5,2,2,2,severe,1,46
Athletics,Ankle/Foot,severe,17,65,9,3,11.3,0,1,3,7,2,1,moderate,1,36
Wrestling,Elbow/Forearm,moderate,20,77,9,4,21.9,0,0,4,2,1,1,moderate,0,5
Cricket,Shoulder,mild,22,76,5,4,15.5,0,1,0,1,0,0,mild,1,4
Badminton,Shoulder,mild,20,62,8,2,9.8,0,0,5,1,0,1,moderate,0,8
Athletics,Knee,moderate,15,72,6,3,20.4,1,0,3,6,1,1,moderate,0,26
Kabaddi,Wrist/Hand,severe,18,61,7,4,21.7,0,1,2,3,2,2,severe,1,43
Cricket,Thigh/Hamstring,mild,24,83,5,5,14.4,0,1,0,5,0,0,mild,0,5
Wrestling,Head/Neck,moderate,20,71,1,0,21.6,1,1,4,0,1,2,severe,1,36
Kabaddi,Knee,mild,30,89,6,4,16.4,0,0,2,6,0,0,mild,0,3
Athletics,Thigh/Hamstring,moderate,17,70,1,1,12.4,0,0,3,5,1,1,moderate,0,10
Badminton,Ankle/Foot,moderate,18,58,2,1,13.9,0,0,5,7,1,1,moderate,0,12
Football,Thigh/Hamstring,mild,26,77,6,4,14.3,0,1,1,5,0,0,mild,0,5
Badminton,Ankle/Foot,moderate,22,45,6,3,17.4,0,1,5,7,1,1,moderate,1,5
Wrestling,Shoulder,mild,30,58,7,4,26.9,1,1,4,1,0,1,moderate,1,16
Football,Thigh/Hamstring,moderate,15,58,2,2,12.1,0,1,1,5,1,1,moderate,1,9
Wrestling,Thigh/Hamstring,moderate,15,73,1,6,21.9,0,0,4,5,1,1,moderate,1,9
Athletics,Thigh/Hamstring,severe,17,81,4,2,16.5,1,1,3,5,2,2,severe,1,36
Kabaddi,Ankle/Foot,mild,20,68,3,4,16.6,0,1,2,7,0,0,mild,0,1
Wrestling,Ankle/Foot,mild,22,67,3,5,15.5,1,0,4,7,0,0,mild,0,3
Athletics,Chest/Back,severe,23,84,2,5,21.3,1,1,3,4,2,2,severe,1,71
Wrestling,Head/Neck,mild,14,70,1,3,22.7,0,0,4,0,0,0,mild,0,2
Athletics,Elbow/Forearm,mild,14,67,5,3,9.5,0,1,3,2,0,0,mild,1,2
Wrestling,Chest/Back,mild,23,46,8,2,18.8,0,0,4,4,0,0,mild,0,5
Football,Chest/Back,moderate,17,58,4,2,25.8,1,1,1,4,1,1,moderate,1,15
Badminton,Knee,mild,20,69,9,3,10.7,1,0,5,6,0,1,moderate,1,24
Badminton,Elbow/Forearm,mild,19,68,5,6,20.3,0,1,5,2,0,0,mild,0,5
Wrestling,Elbow/Forearm,mild,22,86,1,2,11.5,0,1,4,2,0,0,mild,0,4
Cricket,Elbow/Forearm,moderate,14,70,4,0,28.9,0,0,0,2,1,1,moderate,0,12
Football,Thigh/Hamstring,mild,16,45,7,5,14.6,0,1,1,5,0,0,mild,0,3
Badminton,Elbow/Forearm,mild,18,65,3,3,11.9,1,1,5,2,0,0,mild,0,4
Kabaddi,Knee,mild,17,70,7,3,18.3,0,0,2,6,0,0,mild,0,5
Badminton,Shoulder,moderate,24,58,3,2,13.7,0,0,5,1,1,1,moderate,0,12
Badminton,Chest/Back,moderate,18,67,1,3,16.2,1,1,5,4,1,1,moderate,1,18
Athletics,Thigh/Hamstring,moderate,17,71,4,2,13.2,0,0,3,5,1,1,moderate,0,13
Athletics,Thigh/Hamstring,mild,27,76,4,4,18.5,0,0,3,5,0,0,mild,0,2
Athletics,Ankle/Foot,mild,21,92,7,3,5.8,0,0,3,7,0,0,mild,0,1
Badminton,Knee,moderate,14,49,5,3,20.1,0,0,5,6,1,1,moderate,0,28
Badminton,Knee,mild,26,57,2,4,18.4,0,0,5,6,0,0,mild,0,3
Kabaddi,Head/Neck,mild,27,77,2,4,13.6,0,0,2,0,0,0,mild,0,2
Football,Knee,mild,16,45,5,7,23.1,0,0,1,6,0,0,mild,1,5
Athletics,Thigh/Hamstring,moderate,17,48,5,2,13.4,0,0,3,5,1,1,moderate,0,14
Cricket,Knee,severe,21,54,10,4,16.5,1,0,0,6,2,2,severe,1,66
Wrestling,Shoulder,moderate,23,71,2,1,25.4,0,0,4,1,1,1,moderate,0,13
Wrestling,Chest/Back,severe,16,62,6,3,18.7,1,1,4,4,2,2,severe,1,73
Football,Knee,moderate,14,55,1,5,16.4,1,1,1,6,1,1,moderate,0,26
Football,Elbow/Forearm,severe,22,49,7,2,16.4,1,1,1,2,2,2,severe,0,40
Football,Ankle/Foot,severe,14,98,5,4,15.9,1,0,1,7,2,2,severe,1,42
Kabaddi,Elbow/Forearm,moderate,25,63,1,5,8.3,0,0,2,2,1,1,moderate,0,7
Kabaddi,Shoulder,severe,33,71,4,3,18.6,1,0,2,1,2,2,severe,1,52
Wrestling,Wrist/Hand,moderate,26,45,3,3,20.1,0,0,4,3,1,1,moderate,0,12
Football,Ankle/Foot,severe,14,77,2,4,17.3,0,0,1,7,2,2,severe,1,36
Wrestling,Head/Neck,mild,21,52,7,3,12.5,0,1,4,0,0,0,mild,0,1
Kabaddi,Knee,moderate,14,60,8,3,18.4,0,0,2,6,1,2,severe,1,88
Wrestling,Thigh/Hamstring,moderate,18,84,10,5,9.6,1,1,4,5,1,2,severe,1,31
Cricket,Chest/Back,mild,20,67,8,3,12.6,0,0,0,4,0,1,moderate,1,17
Football,Knee,mild,21,79,9,5,6.8,1,0,1,6,0,1,moderate,1,20
Football,Ankle/Foot,severe,14,69,4,5,15.4,0,0,1,7,2,2,severe,0,36
Wrestling,Knee,moderate,20,70,6,1,7.6,1,0,4,6,1,1,moderate,0,18
Wrestling,Shoulder,moderate,24,67,9,3,25.1,1,0,4,1,1,2,severe,0,20
Kabaddi,Ankle/Foot,moderate,18,60,6,5,22.4,0,1,2,7,1,1,moderate,0,10
Football,Ankle/Foot,mild,23,71,6,3,16.6,0,1,1,7,0,0,mild,0,1
Badminton,Ankle/Foot,mild,24,69,6,3,21.6,0,0,5,7,0,0,mild,0,2
Cricket,Shoulder,moderate,19,84,8,5,5.9,0,0,0,1,1,1,moderate,1,13
Wrestling,Ankle/Foot,mild,22,45,3,5,9.3,0,0,4,7,0,0,mild,1,2
Football,Thigh/Hamstring,mild,22,75,4,3,13.2,0,1,1,5,0,0,mild,0,3
Kabaddi,Elbow/Forearm,severe,27,61,3,3,11.0,0,1,2,2,2,2,severe,1,21
Kabaddi,Ankle/Foot,mild,16,56,4,4,8.3,0,0,2,7,0,0,mild,0,5
Wrestling,Head/Neck,moderate,19,68,7,3,13.9,1,0,4,0,1,2,severe,1,19
Badminton,Shoulder,moderate,19,53,6,7,18.3,0,1,5,1,1,1,moderate,1,7
Wrestling,Knee,moderate,17,75,5,1,12.9,0,0,4,6,1,1,moderate,0,11
Football,Ankle/Foot,severe,18,74,7,2,16.5,0,1,1,7,2,1,moderate,1,18
Kabaddi,Ankle/Foot,mild,22,68,5,5,18.7,0,0,2,7,0,0,mild,0,1
Kabaddi,Ankle/Foot,moderate,30,75,7,5,18.5,0,0,2,7,1,1,moderate,0,10
Kabaddi,Shoulder,mild,25,66,5,3,11.9,1,0,2,1,0,1,moderate,1,17
Cricket,Shoulder,mild,24,51,6,4,26.8,0,1,0,1,0,0,mild,0,3
Kabaddi,Knee,mild,18,81,6,2,18.5,0,1,2,6,0,0,mild,0,3
Football,Thigh/Hamstring,mild,16,92,3,1,22.9,1,0,1,5,0,0,mild,0,4
Badminton,Shoulder,moderate,14,63,1,3,21.6,0,0,5,1,1,1,moderate,1,7
Wrestling,Shoulder,mild,26,45,3,5,11.4,0,1,4,1,0,0,mild,0,5
Badminton,Head/Neck,moderate,19,81,5,4,19.2,0,0,5,0,1,2,severe,1,37
Kabaddi,Chest/Back,mild,26,82,6,2,15.8,1,0,2,4,0,0,mild,0,2
Football,Knee,mild,14,81,1,6,25.8,0,1,1,6,0,0,mild,0,5
Cricket,Chest/Back,mild,18,72,6,3,13.1,1,1,0,4,0,0,mild,1,5
Football,Head/Neck,mild,16,54,5,2,13.6,0,1,1,0,0,0,mild,0,2
Wrestling,Thigh/Hamstring,mild,25,79,6,3,13.8,1,0,4,5,0,0,mild,1,3
Wrestling,Head/Neck,severe,14,78,8,4,19.3,0,0,4,0,2,2,severe,1,35
Football,Elbow/Forearm,severe,29,72,10,3,17.0,1,1,1,2,2,2,severe,1,39
Football,Elbow/Forearm,mild,14,61,6,5,11.3,0,0,1,2,0,0,mild,0,2
Badminton,Chest/Back,moderate,23,65,3,3,8.9,1,0,5,4,1,1,moderate,1,11
Athletics,Chest/Back,severe,17,86,1,1,17.1,0,1,3,4,2,2,severe,1,86
Football,Ankle/Foot,moderate,25,75,7,2,8.3,0,0,1,7,1,1,moderate,1,14
Cricket,Elbow/Forearm,mild,21,64,1,3,5.0,0,0,0,2,0,0,mild,0,3
Athletics,Thigh/Hamstring,severe,21,57,1,6,23.7,0,1,3,5,2,2,severe,1,23
Athletics,Ankle/Foot,severe,20,52,7,3,23.5,0,1,3,7,2,2,severe,1,33
Football,Knee,moderate,24,48,8,6,16.9,0,0,1,6,1,1,moderate,1,27
Athletics,Ankle/Foot,severe,18,62,5,3,24.6,1,1,3,7,2,2,severe,1,31
Kabaddi,Ankle/Foot,moderate,23,78,5,5,5.0,0,0,2,7,1,1,moderate,1,8
Badminton,Chest/Back,moderate,23,55,3,6,20.4,0,1,5,4,1,1,moderate,0,8
Cricket,Shoulder,severe,22,70,5,3,17.4,0,0,0,1,2,2,severe,1,60
Football,Thigh/Hamstring,severe,28,54,5,2,15.7,0,1,1,5,2,2,severe,1,22
Cricket,Shoulder,mild,21,60,4,5,19.5,0,0,0,1,0,0,mild,0,2
Badminton,Thigh/Hamstring,mild,26,64,5,2,9.6,1,1,5,5,0,0,mild,0,2
Wrestling,Shoulder,severe,14,45,9,4,14.8,1,0,4,1,2,2,severe,1,38
Football,Ankle/Foot,moderate,20,81,3,3,23.2,1,1,1,7,1,1,moderate,0,11
Cricket,Knee,severe,14,64,5,3,18.8,1,0,0,6,2,2,severe,1,81
Badminton,Wrist/Hand,moderate,20,77,2,4,10.7,0,1,5,3,1,1,moderate,0,11
Badminton,Knee,mild,20,60,5,1,18.2,0,0,5,6,0,0,mild,0,3
Badminton,Chest/Back,moderate,14,68,10,4,13.7,0,0,5,4,1,1,moderate,0,7
Badminton,Thigh/Hamstring,moderate,14,59,7,3,22.2,0,1,5,5,1,1,moderate,0,5
Kabaddi,Shoulder,moderate,17,60,4,5,10.7,0,1,2,1,1,1,moderate,1,17
Kabaddi,Shoulder,mild,16,85,1,4,16.0,1,0,2,1,0,0,mild,0,4
Football,Knee,moderate,21,82,6,3,21.7,0,1,1,6,1,1,moderate,1,10
Athletics,Knee,severe,28,60,4,2,16.2,0,1,3,6,2,2,severe,1,101
Wrestling,Wrist/Hand,mild,14,72,8,2,24.4,0,0,4,3,0,1,moderate,1,14
Cricket,Elbow/Forearm,mild,22,74,2,4,8.9,1,0,0,2,0,0,mild,0,5
Wrestling,Wrist/Hand,mild,14,62,3,5,20.1,0,1,4,3,0,0,mild,0,1
Athletics,Ankle/Foot,mild,16,76,7,2,9.3,1,0,3,7,0,0,mild,0,4
Athletics,Chest/Back,severe,22,61,9,6,20.4,0,0,3,4,2,2,severe,1,50
Badminton,Knee,mild,14,71,5,2,21.0,1,0,5,6,0,1,moderate,0,27
Wrestling,Wrist/Hand,moderate,23,69,3,7,13.4,1,0,4,3,1,1,moderate,0,9
Cricket,Wrist/Hand,moderate,24,79,1,3,15.7,0,1,0,3,1,1,moderate,1,8
Badminton,Ankle/Foot,severe,21,58,6,2,12.6,0,1,5,7,2,2,severe,0,42
Football,Knee,mild,19,60,1,2,20.3,1,0,1,6,0,0,mild,0,3
Athletics,Knee,moderate,17,61,7,4,24.6,0,0,3,6,1,1,moderate,1,23
Athletics,Ankle/Foot,moderate,14,73,4,3,14.1,0,0,3,7,1,1,moderate,0,11
Football,Head/Neck,mild,14,70,4,4,22.0,1,0,1,0,0,1,moderate,1,6
Athletics,Thigh/Hamstring,moderate,19,76,1,4,22.0,0,1,3,5,1,1,moderate,0,5
Cricket,Chest/Back,severe,16,80,3,6,26.8,1,0,0,4,2,2,severe,1,79
Cricket,Wrist/Hand,mild,16,72,4,5,15.3,1,0,0,3,0,0,mild,1,4
Badminton,Shoulder,mild,18,70,1,2,10.8,1,0,5,1,0,1,moderate,1,20
Football,Wrist/Hand,mild,22,66,3,4,11.8,0,0,1,3,0,0,mild,0,1
Football,Shoulder,moderate,18,64,8,4,12.8,0,0,1,1,1,1,moderate,0,11
Wrestling,Wrist/Hand,severe,24,96,6,4,11.5,1,1,4,3,2,2,severe,1,38
Athletics,Knee,moderate,21,66,4,7,9.9,1,0,3,6,1,1,moderate,1,24
Wrestling,Elbow/Forearm,severe,25,65,9,4,19.7,0,0,4,2,2,2,severe,1,42
Athletics,Head/Neck,moderate,21,47,3,4,15.9,0,1,3,0,1,2,severe,1,57
Athletics,Ankle/Foot,moderate,22,95,7,1,16.4,0,0,3,7,1,1,moderate,0,13
Badminton,Ankle/Foot,moderate,19,53,4,2,24.3,0,1,5,7,1,1,moderate,0,6
Athletics,Knee,mild,21,71,8,1,10.5,1,1,3,6,0,0,mild,0,7
Cricket,Head/Neck,mild,16,76,5,2,13.9,1,1,0,0,0,0,mild,0,1
Kabaddi,Ankle/Foot,moderate,14,69,3,6,25.4,0,0,2,7,1,1,moderate,1,7
Football,Knee,mild,25,60,7,5,13.8,0,0,1,6,0,0,mild,0,4
Football,Head/Neck,mild,15,77,7,2,13.3,0,0,1,0,0,0,mild,1,3
Athletics,Ankle/Foot,moderate,18,81,9,6,16.7,1,1,3,7,1,2,severe,1,23
Cricket,Shoulder,mild,14,60,1,1,5.0,0,0,0,1,0,0,mild,0,3
Wrestling,Ankle/Foot,mild,19,89,9,3,11.0,0,1,4,7,0,1,moderate,0,4
Athletics,Thigh/Hamstring,mild,21,78,3,3,17.2,0,0,3,5,0,0,mild,0,2
Athletics,Shoulder,severe,14,78,6,3,16.3,1,0,3,1,2,2,severe,0,71
Athletics,Knee,moderate,22,74,8,4,16.0,1,0,3,6,1,2,severe,1,118
Wrestling,Thigh/Hamstring,moderate,15,66,6,6,21.1,0,1,4,5,1,1,moderate,0,6
Kabaddi,Shoulder,mild,14,55,1,4,20.5,0,0,2,1,0,0,mild,0,3
Kabaddi,Thigh/Hamstring,moderate,18,70,5,3,20.2,0,0,2,5,1,1,moderate,0,8
Badminton,Knee,moderate,18,50,5,3,18.6,0,0,5,6,1,1,moderate,0,11
Football,Chest/Back,moderate,24,67,4,7,13.9,1,0,1,4,1,1,moderate,0,14
Athletics,Knee,moderate,25,64,3,2,20.7,1,0,3,6,1,1,moderate,1,23
Cricket,Thigh/Hamstring,mild,22,57,3,5,14.3,0,0,0,5,0,0,mild,0,2
Athletics,Thigh/Hamstring,mild,17,61,7,2,21.7,0,0,3,5,0,0,mild,0,3
Kabaddi,Ankle/Foot,mild,14,64,5,3,12.0,0,0,2,7,0,0,mild,0,4
Athletics,Thigh/Hamstring,severe,22,71,3,2,21.4,1,0,3,5,2,2,severe,0,39
Athletics,Thigh/Hamstring,mild,17,87,5,4,25.7,1,0,3,5,0,0,mild,0,3
Cricket,Head/Neck,mild,14,57,5,2,21.9,0,1,0,0,0,0,mild,1,1
Kabaddi,Ankle/Foot,mild,18,60,4,4,13.5,0,1,2,7,0,0,mild,0,4
Badminton,Knee,mild,27,76,6,2,20.2,0,0,5,6,0,0,mild,0,5
Football,Knee,mild,14,61,2,3,14.1,0,0,1,6,0,0,mild,0,4
Football,Ankle/Foot,moderate,19,72,3,5,18.5,0,0,1,7,1,1,moderate,0,11
Cricket,Ankle/Foot,mild,16,93,4,3,16.4,1,1,0,7,0,1,moderate,0,9
Badminton,Ankle/Foot,mild,17,80,2,4,20.5,0,0,5,7,0,0,mild,0,5
Wrestling,Wrist/Hand,moderate,17,47,7,2,12.0,0,0,4,3,1,1,moderate,1,9
Cricket,Wrist/Hand,mild,16,71,6,4,29.4,0,1,0,3,0,0,mild,0,3
Kabaddi,Knee,mild,15,62,8,3,14.2,0,0,2,6,0,0,mild,0,6
Kabaddi,Chest/Back,severe,17,85,6,7,16.5,1,1,2,4,2,2,severe,1,32
Athletics,Ankle/Foot,moderate,19,71,1,1,5.0,0,0,3,7,1,1,moderate,0,5
Cricket,Ankle/Foot,severe,14,64,3,4,22.7,0,1,0,7,2,2,severe,1,22
Football,Knee,moderate,24,61,7,4,14.5,0,1,1,6,1,1,moderate,1,23
Badminton,Elbow/Forearm,mild,20,85,3,4,19.8,1,0,5,2,0,1,moderate,0,14
Wrestling,Chest/Back,mild,24,74,7,2,17.0,0,0,4,4,0,0,mild,0,2
Athletics,Knee,mild,15,65,3,4,18.2,0,1,3,6,0,0,mild,0,4
Badminton,Ankle/Foot,severe,18,64,8,5,17.6,0,0,5,7,2,2,severe,1,36
Athletics,Thigh/Hamstring,severe,29,45,6,5,22.4,0,0,3,5,2,2,severe,1,16
Badminton,Thigh/Hamstring,moderate,25,69,1,4,23.5,0,0,5,5,1,1,moderate,1,14
Football,Ankle/Foot,moderate,22,67,4,6,31.4,1,0,1,7,1,2,severe,1,28
Badminton,Ankle/Foot,severe,20,66,1,5,21.6,1,0,5,7,2,2,severe,1,15
Wrestling,Chest/Back,moderate,14,86,10,4,18.1,1,1,4,4,1,2,severe,1,71
Kabaddi,Head/Neck,severe,18,87,6,3,19.5,1,0,2,0,2,2,severe,1,22
Cricket,Elbow/Forearm,moderate,18,49,1,4,5.8,1,0,0,2,1,1,moderate,0,10
Athletics,Knee,moderate,17,80,6,5,10.4,1,0,3,6,1,1,moderate,0,13
Kabaddi,Knee,severe,23,55,5,7,11.4,0,0,2,6,2,2,severe,0,111
Football,Thigh/Hamstring,mild,29,81,3,2,8.4,1,0,1,5,0,0,mild,0,4
Kabaddi,Ankle/Foot,severe,21,61,4,4,24.1,1,0,2,7,2,2,severe,1,39
Badminton,Thigh/Hamstring,moderate,19,53,4,4,8.8,0,0,5,5,1,1,moderate,1,12
Wrestling,Ankle/Foot,mild,15,76,5,6,11.8,0,0,4,7,0,0,mild,0,4
Badminton,Ankle/Foot,moderate,20,67,1,5,20.4,1,1,5,7,1,1,moderate,0,10
Football,Head/Neck,moderate,23,58,6,2,9.1,0,1,1,0,1,2,severe,1,43
Athletics,Chest/Back,mild,17,78,6,5,19.5,1,0,3,4,0,0,mild,0,3
Football,Ankle/Foot,mild,25,86,3,5,10.4,1,1,1,7,0,0,mild,0,5
Badminton,Elbow/Forearm,moderate,14,70,5,2,8.0,0,0,5,2,1,1,moderate,1,11
Wrestling,Knee,severe,16,58,3,5,17.4,0,1,4,6,2,2,severe,1,48
Wrestling,Knee,moderate,15,72,5,5,12.8,0,0,4,6,1,1,moderate,0,23
Kabaddi,Ankle/Foot,mild,20,58,2,4,7.3,1,0,2,7,0,0,mild,0,2
Badminton,Knee,mild,17,69,2,5,14.4,1,0,5,6,0,0,mild,1,7
Wrestling,Ankle/Foot,moderate,20,65,5,5,16.9,0,0,4,7,1,1,moderate,0,7
Football,Knee,moderate,21,66,5,3,23.1,0,1,1,6,1,1,moderate,1,20
Badminton,Elbow/Forearm,moderate,24,69,5,3,14.4,0,0,5,2,1,1,moderate,1,9
Wrestling,Knee,mild,24,64,2,3,17.1,0,0,4,6,0,0,mild,0,4
Football,Ankle/Foot,mild,14,63,10,3,17.8,0,0,1,7,0,1,moderate,1,11
Kabaddi,Knee,moderate,20,63,10,2,21.0,1,1,2,6,1,1,moderate,1,24
Kabaddi,Knee,mild,22,65,2,0,15.0,0,0,2,6,0,0,mild,1,5
Kabaddi,Thigh/Hamstring,mild,19,62,4,6,12.2,1,1,2,5,0,0,mild,0,2
Athletics,Thigh/Hamstring,mild,20,69,8,2,8.7,1,1,3,5,0,0,mild,0,2
Kabaddi,Shoulder,mild,21,81,2,3,17.6,1,0,2,1,0,0,mild,0,5
Football,Chest/Back,mild,20,68,5,2,12.9,1,1,1,4,0,0,mild,0,2
Athletics,Thigh/Hamstring,mild,20,72,7,4,17.5,0,1,3,5,0,0,mild,0,3
Athletics,Thigh/Hamstring,moderate,28,57,10,1,16.9,0,0,3,5,1,2,severe,1,35
Cricket,Shoulder,severe,14,70,10,1,17.5,0,0,0,1,2,2,severe,1,40
Kabaddi,Knee,mild,23,62,6,1,18.3,0,0,2,6,0,0,mild,1,4
Wrestling,Head/Neck,moderate,22,61,5,4,15.6,0,0,4,0,1,2,severe,1,60
Wrestling,Knee,moderate,14,85,4,4,21.3,0,0,4,6,1,1,moderate,1,19
Athletics,Head/Neck,mild,20,52,3,5,33.5,1,0,3,0,0,1,moderate,0,1
Kabaddi,Chest/Back,mild,14,66,3,5,8.8,0,1,2,4,0,0,mild,0,3
Badminton,Knee,moderate,16,60,1,4,17.1,1,1,5,6,1,1,moderate,1,13
Badminton,Ankle/Foot,moderate,19,91,1,6,16.5,1,1,5,7,1,1,moderate,0,12
Football,Ankle/Foot,moderate,23,74,5,5,19.7,1,1,1,7,1,1,moderate,1,13
Football,Knee,moderate,14,76,4,2,15.6,0,1,1,6,1,1,moderate,0,19
Wrestling,Elbow/Forearm,mild,14,82,4,4,12.8,0,0,4,2,0,0,mild,0,2
Kabaddi,Thigh/Hamstring,moderate,20,59,2,2,12.3,1,0,2,5,1,1,moderate,0,10
Athletics,Thigh/Hamstring,mild,14,89,6,6,11.7,0,0,3,5,0,0,mild,0,5
Kabaddi,Head/Neck,moderate,15,60,8,6,20.9,1,0,2,0,1,2,severe,1,47
Badminton,Thigh/Hamstring,mild,22,69,1,5,16.2,0,0,5,5,0,0,mild,0,5
Cricket,Ankle/Foot,moderate,15,53,4,3,17.1,1,0,0,7,1,1,moderate,1,6
Kabaddi,Head/Neck,mild,17,54,6,5,16.0,0,0,2,0,0,0,mild,0,3
Football,Shoulder,moderate,23,77,4,4,14.4,0,0,1,1,1,1,moderate,1,14
Wrestling,Thigh/Hamstring,mild,20,83,9,4,17.2,0,1,4,5,0,1,moderate,1,14
Athletics,Knee,moderate,26,80,8,5,13.2,0,1,3,6,1,2,severe,1,45
Kabaddi,Shoulder,moderate,14,76,4,3,14.2,1,1,2,1,1,1,moderate,0,11
Cricket,Ankle/Foot,severe,14,59,4,2,20.7,0,0,0,7,2,2,severe,1,15
Badminton,Ankle/Foot,mild,20,67,6,5,18.4,1,0,5,7,0,0,mild,0,2
Cricket,Elbow/Forearm,moderate,26,67,4,4,16.2,0,1,0,2,1,1,moderate,0,5
Wrestling,Wrist/Hand,mild,14,60,4,1,17.0,1,1,4,3,0,0,mild,1,1
Badminton,Thigh/Hamstring,moderate,20,66,3,3,25.4,1,0,5,5,1,1,moderate,0,10
Football,Thigh/Hamstring,moderate,24,54,7,6,21.1,1,1,1,5,1,1,moderate,1,14
Kabaddi,Knee,moderate,21,50,8,4,13.5,0,0,2,6,1,1,moderate,0,19
Badminton,Thigh/Hamstring,severe,18,73,2,3,8.0,0,0,5,5,2,2,severe,1,22
Athletics,Ankle/Foot,mild,17,91,6,2,19.2,0,0,3,7,0,0,mild,0,4
Football,Ankle/Foot,moderate,16,59,2,2,19.4,1,0,1,7,1,1,moderate,0,6
Kabaddi,Chest/Back,mild,27,77,4,3,5.0,1,0,2,4,0,0,mild,0,4
Wrestling,Shoulder,mild,16,68,6,3,12.1,0,0,4,1,0,1,moderate,0,2
Kabaddi,Knee,moderate,14,62,8,4,20.5,0,0,2,6,1,1,moderate,1,24
Wrestling,Chest/Back,mild,17,78,4,3,15.9,1,0,4,4,0,0,mild,1,4
Wrestling,Elbow/Forearm,mild,16,67,4,6,16.4,0,0,4,2,0,0,mild,0,4
Wrestling,Knee,moderate,18,60,2,2,9.2,0,0,4,6,1,1,moderate,0,22
Badminton,Shoulder,mild,14,54,1,5,16.0,0,1,5,1,0,0,mild,0,4
Kabaddi,Chest/Back,severe,21,45,5,4,14.9,1,0,2,4,2,2,severe,1,57
Athletics,Shoulder,moderate,19,58,8,0,13.9,0,0,3,1,1,1,moderate,0,20
Cricket,Chest/Back,moderate,16,52,4,3,9.1,0,0,0,4,1,1,moderate,1,18
Football,Head/Neck,mild,17,67,5,4,17.8,0,0,1,0,0,0,mild,0,1
Cricket,Ankle/Foot,mild,25,65,6,7,14.3,1,0,0,7,0,1,moderate,0,11
Cricket,Knee,mild,16,76,7,4,22.7,0,0,0,6,0,0,mild,0,7
Football,Thigh/Hamstring,moderate,14,78,8,4,5.6,0,0,1,5,1,1,moderate,0,7
Wrestling,Head/Neck,mild,19,63,1,3,15.0,0,1,4,0,0,0,mild,1,2
Athletics,Wrist/Hand,mild,18,79,6,4,15.0,1,0,3,3,0,0,mild,0,4
Wrestling,Shoulder,mild,16,67,3,4,14.6,0,0,4,1,0,0,mild,0,5
Wrestling,Elbow/Forearm,severe,26,79,4,7,17.3,1,0,4,2,2,2,severe,1,28
Cricket,Elbow/Forearm,moderate,27,82,10,6,10.4,0,1,0,2,1,2,severe,1,27
Athletics,Ankle/Foot,moderate,14,48,3,2,18.6,0,0,3,7,1,1,moderate,0,14
Kabaddi,Head/Neck,mild,22,87,3,6,7.2,1,0,2,0,0,0,mild,0,2
Kabaddi,Head/Neck,moderate,15,86,6,5,10.5,0,1,2,0,1,2,severe,1,43
Badminton,Shoulder,mild,24,83,5,1,14.5,0,0,5,1,0,0,mild,1,2
Wrestling,Elbow/Forearm,mild,23,77,2,6,14.3,0,1,4,2,0,0,mild,0,5
Wrestling,Knee,severe,22,63,8,4,8.8,0,0,4,6,2,2,severe,1,47
Football,Chest/Back,mild,22,49,6,4,10.9,0,0,1,4,0,0,mild,1,4
Athletics,Thigh/Hamstring,moderate,18,65,4,3,13.4,1,1,3,5,1,1,moderate,0,5
Cricket,Elbow/Forearm,moderate,25,92,7,4,24.8,0,0,0,2,1,1,moderate,1,8
Athletics,Ankle/Foot,moderate,17,64,7,6,8.5,0,0,3,7,1,1,moderate,0,10
Badminton,Chest/Back,moderate,23,87,4,3,18.8,0,0,5,4,1,1,moderate,1,11
Cricket,Shoulder,severe,19,70,5,4,12.3,0,0,0,1,2,2,severe,1,69
Kabaddi,Elbow/Forearm,severe,29,61,4,4,23.8,1,0,2,2,2,2,severe,1,40
Athletics,Thigh/Hamstring,severe,24,56,10,2,14.4,0,1,3,5,2,2,severe,0,39
Cricket,Head/Neck,mild,20,57,4,4,9.1,1,0,0,0,0,0,mild,0,1
Badminton,Chest/Back,mild,23,55,8,4,17.0,1,1,5,4,0,1,moderate,0,21
Kabaddi,Ankle/Foot,moderate,25,66,4,3,17.7,1,0,2,7,1,1,moderate,0,7
Badminton,Knee,mild,21,63,8,3,9.6,1,0,5,6,0,1,moderate,1,12
Badminton,Thigh/Hamstring,mild,22,53,3,5,17.0,0,1,5,5,0,0,mild,0,5
Kabaddi,Chest/Back,severe,21,67,2,4,7.1,0,1,2,4,2,2,severe,1,60
Athletics,Shoulder,mild,20,66,5,3,11.7,0,0,3,1,0,0,mild,0,2
Cricket,Elbow/Forearm,moderate,14,81,6,3,20.0,0,0,0,2,1,1,moderate,0,13
Kabaddi,Wrist/Hand,moderate,20,63,10,3,12.0,0,0,2,3,1,1,moderate,1,11
Athletics,Wrist/Hand,moderate,21,62,5,4,9.7,0,0,3,3,1,1,moderate,0,8
Badminton,Thigh/Hamstring,mild,20,70,3,3,15.8,0,1,5,5,0,0,mild,0,5
Badminton,Ankle/Foot,mild,25,54,5,5,13.4,0,1,5,7,0,0,mild,0,5
Kabaddi,Head/Neck,mild,22,56,3,2,17.5,0,1,2,0,0,0,mild,0,1
Kabaddi,Shoulder,mild,21,72,1,3,11.4,1,0,2,1,0,0,mild,0,4
Athletics,Knee,moderate,19,78,8,3,25.7,1,0,3,6,1,1,moderate,0,23
Football,Knee,moderate,14,60,2,7,17.1,0,0,1,6,1,1,moderate,1,10
Athletics,Knee,mild,23,77,3,2,17.1,0,0,3,6,0,0,mild,0,4
Wrestling,Shoulder,moderate,22,61,5,2,19.8,0,0,4,1,1,1,moderate,0,12
Kabaddi,Shoulder,moderate,25,58,2,3,11.0,1,0,2,1,1,1,moderate,1,14
Athletics,Head/Neck,moderate,14,76,1,2,21.7,0,0,3,0,1,2,severe,1,17
Football,Knee,severe,18,75,9,3,22.9,0,1,1,6,2,2,severe,1,85
Wrestling,Knee,severe,18,58,1,3,10.2,0,1,4,6,2,2,severe,1,45
Badminton,Ankle/Foot,severe,15,52,7,3,9.4,1,1,5,7,2,2,severe,1,37
Football,Chest/Back,severe,24,56,9,5,14.8,0,0,1,4,2,2,severe,1,75
Cricket,Elbow/Forearm,moderate,28,62,5,4,15.7,0,0,0,2,1,1,moderate,1,14
Wrestling,Knee,moderate,14,51,9,5,16.5,1,0,4,6,1,1,moderate,0,12
Cricket,Chest/Back,moderate,23,71,1,2,15.4,1,0,0,4,1,1,moderate,0,13
Kabaddi,Knee,severe,20,70,2,4,14.9,0,0,2,6,2,2,severe,1,40
Badminton,Chest/Back,severe,14,74,4,4,16.6,1,1,5,4,2,2,severe,1,60
Badminton,Shoulder,severe,18,55,5,4,17.5,0,1,5,1,2,2,severe,1,45
Kabaddi,Thigh/Hamstring,mild,17,80,1,0,22.0,0,1,2,5,0,0,mild,0,4
Kabaddi,Ankle/Foot,mild,17,57,3,3,12.2,0,0,2,7,0,0,mild,0,3
Kabaddi,Thigh/Hamstring,moderate,20,73,4,4,19.1,0,1,2,5,1,1,moderate,0,5
Badminton,Elbow/Forearm,mild,20,76,2,3,6.7,0,0,5,2,0,0,mild,0,5
Cricket,Chest/Back,moderate,25,83,4,2,10.0,1,1,0,4,1,1,moderate,0,21
Kabaddi,Head/Neck,mild,18,57,2,0,12.7,1,1,2,0,0,1,moderate,1,4
Kabaddi,Thigh/Hamstring,mild,28,61,4,4,14.8,0,0,2,5,0,0,mild,0,4
Kabaddi,Ankle/Foot,mild,25,49,3,1,17.8,0,1,2,7,0,0,mild,0,3
Football,Knee,moderate,25,81,2,2,14.8,1,0,1,6,1,1,moderate,1,25
Kabaddi,Chest/Back,severe,26,85,4,0,9.2,1,1,2,4,2,2,severe,1,67
Football,Ankle/Foot,severe,24,67,3,4,19.3,0,0,1,7,2,2,severe,1,36
Athletics,Elbow/Forearm,mild,24,61,4,4,13.4,0,1,3,2,0,0,mild,0,3
Kabaddi,Head/Neck,moderate,19,76,1,5,15.6,1,0,2,0,1,2,severe,1,26
Cricket,Shoulder,severe,19,97,8,3,17.9,0,1,0,1,2,2,severe,1,42
Badminton,Wrist/Hand,severe,17,75,6,3,6.1,0,1,5,3,2,2,severe,1,43
Wrestling,Knee,moderate,16,82,1,4,18.6,0,0,4,6,1,1,moderate,0,28
Cricket,Elbow/Forearm,mild,16,56,5,5,11.1,0,1,0,2,0,1,moderate,0,3
Badminton,Wrist/Hand,mild,18,86,2,4,10.3,1,0,5,3,0,0,mild,0,3
Athletics,Shoulder,severe,24,72,3,4,16.6,0,1,3,1,2,2,severe,1,51
Cricket,Thigh/Hamstring,moderate,18,63,4,4,21.6,0,0,0,5,1,1,moderate,1,9
Wrestling,Thigh/Hamstring,moderate,14,45,8,5,15.7,0,0,4,5,1,2,severe,1,34
Wrestling,Knee,mild,18,75,3,4,14.0,1,1,4,6,0,0,mild,0,7
Athletics,Head/Neck,mild,14,63,4,3,22.2,0,1,3,0,0,0,mild,1,2
Athletics,Thigh/Hamstring,mild,26,80,5,3,5.4,0,1,3,5,0,0,mild,0,2
Cricket,Elbow/Forearm,moderate,22,72,8,3,27.5,0,0,0,2,1,1,moderate,1,9
Cricket,Elbow/Forearm,moderate,19,68,10,1,21.3,0,0,0,2,1,2,severe,1,56
Athletics,Ankle/Foot,moderate,14,78,5,5,14.8,0,1,3,7,1,1,moderate,0,9
Badminton,Wrist/Hand,moderate,20,65,5,2,21.9,0,0,5,3,1,1,moderate,1,5
Wrestling,Head/Neck,mild,21,75,4,2,11.4,0,0,4,0,0,0,mild,1,2
Athletics,Knee,severe,26,83,5,6,10.6,0,1,3,6,2,2,severe,1,30
Wrestling,Elbow/Forearm,severe,19,71,7,4,13.2,0,0,4,2,2,2,severe,1,37
Cricket,Thigh/Hamstring,mild,25,71,7,2,23.1,0,0,0,5,0,0,mild,0,5
Athletics,Elbow/Forearm,severe,22,72,9,3,26.4,0,1,3,2,2,2,severe,1,39
Cricket,Chest/Back,mild,14,82,10,2,10.7,1,0,0,4,0,0,mild,0,4
Badminton,Ankle/Foot,mild,23,52,9,3,20.2,1,1,5,7,0,0,mild,0,3
Football,Chest/Back,severe,21,59,7,4,19.5,0,0,1,4,2,2,severe,0,74
Athletics,Thigh/Hamstring,mild,15,87,4,6,13.4,0,0,3,5,0,0,mild,0,4
Badminton,Elbow/Forearm,mild,18,66,8,3,12.4,1,1,5,2,0,0,mild,0,2
Kabaddi,Ankle/Foot,mild,27,54,9,2,16.9,1,0,2,7,0,1,moderate,0,11
Wrestling,Shoulder,severe,22,57,3,3,16.4,0,0,4,1,2,2,severe,1,36
Wrestling,Shoulder,mild,21,80,7,3,20.3,0,1,4,1,0,0,mild,0,5
Football,Ankle/Foot,mild,20,80,5,6,8.3,0,1,1,7,0,0,mild,0,1
Wrestling,Shoulder,severe,19,58,7,4,18.8,0,1,4,1,2,2,severe,1,51
Football,Chest/Back,moderate,15,72,3,1,21.8,0,1,1,4,1,1,moderate,1,17
Football,Knee,severe,29,58,3,3,9.5,0,0,1,6,2,2,severe,1,88
Football,Knee,moderate,17,51,4,4,7.3,1,1,1,6,1,1,moderate,0,19
Football,Thigh/Hamstring,mild,14,88,5,4,21.5,0,1,1,5,0,0,mild,0,5
Kabaddi,Knee,moderate,29,59,7,4,22.2,0,0,2,6,1,1,moderate,1,12
Wrestling,Shoulder,mild,17,52,4,3,21.4,0,0,4,1,0,1,moderate,0,5
Kabaddi,Chest/Back,mild,18,68,3,4,16.0,1,1,2,4,0,0,mild,0,13
Wrestling,Shoulder,moderate,20,51,3,4,13.7,0,0,4,1,1,1,moderate,1,7
Badminton,Shoulder,moderate,18,77,7,5,20.6,1,0,5,1,1,1,moderate,1,18
Cricket,Shoulder,moderate,14,89,1,3,16.6,1,1,0,1,1,1,moderate,0,13
Athletics,Ankle/Foot,mild,22,64,4,4,13.3,0,0,3,7,0,0,mild,0,4
Badminton,Head/Neck,mild,15,52,6,3,8.4,0,1,5,0,0,0,mild,0,3
Kabaddi,Chest/Back,mild,14,74,3,5,11.4,0,0,2,4,0,0,mild,1,3
Kabaddi,Chest/Back,moderate,16,73,8,0,11.2,0,0,2,4,1,2,severe,1,46
Badminton,Ankle/Foot,severe,28,84,2,0,13.4,0,0,5,7,2,2,severe,1,14
Wrestling,Knee,moderate,16,55,3,5,10.8,0,1,4,6,1,1,moderate,0,17
Athletics,Thigh/Hamstring,moderate,26,54,4,3,8.2,0,0,3,5,1,1,moderate,1,6
Badminton,Elbow/Forearm,moderate,18,71,4,3,12.6,1,1,5,2,1,1,moderate,1,5
Badminton,Thigh/Hamstring,mild,20,63,3,1,20.3,0,1,5,5,0,0,mild,0,5
Football,Ankle/Foot,severe,18,83,5,4,11.8,0,1,1,7,2,2,severe,1,15
Athletics,Ankle/Foot,mild,16,87,9,4,11.9,0,0,3,7,0,0,mild,1,5
Athletics,Ankle/Foot,mild,25,75,10,1,11.1,0,0,3,7,0,0,mild,1,1
Football,Head/Neck,moderate,25,46,2,7,16.7,0,0,1,0,1,2,severe,1,34
Cricket,Wrist/Hand,mild,25,59,6,5,17.9,0,1,0,3,0,0,mild,0,3
Cricket,Head/Neck,mild,15,58,8,3,13.7,1,0,0,0,0,1,moderate,1,8
Football,Thigh/Hamstring,moderate,20,68,8,2,8.5,0,0,1,5,1,2,severe,1,21
Wrestling,Wrist/Hand,moderate,14,70,3,7,11.4,0,0,4,3,1,1,moderate,1,10
Athletics,Ankle/Foot,moderate,20,72,5,0,14.2,0,0,3,7,1,2,severe,0,10
Badminton,Knee,mild,16,58,4,2,19.8,0,0,5,6,0,0,mild,0,5
Kabaddi,Shoulder,moderate,20,70,5,3,20.0,0,0,2,1,1,1,moderate,0,12
Football,Knee,moderate,17,74,3,5,23.1,0,0,1,6,1,1,moderate,1,26
Cricket,Elbow/Forearm,moderate,21,72,3,4,11.1,0,0,0,2,1,1,moderate,0,12
Cricket,Head/Neck,moderate,27,49,7,3,15.0,1,0,0,0,1,2,severe,1,28
Athletics,Shoulder,severe,19,71,3,6,18.1,1,1,3,1,2,2,severe,1,73
Wrestling,Wrist/Hand,moderate,20,63,4,3,15.8,1,0,4,3,1,1,moderate,1,10
Cricket,Ankle/Foot,moderate,25,66,1,7,11.8,0,0,0,7,1,2,severe,1,17
Badminton,Ankle/Foot,mild,22,78,1,3,16.1,0,1,5,7,0,0,mild,0,1
Badminton,Wrist/Hand,severe,16,74,5,4,5.1,0,1,5,3,2,2,severe,1,45
Kabaddi,Knee,severe,20,77,2,5,11.9,1,0,2,6,2,2,severe,1,83
Wrestling,Wrist/Hand,mild,29,60,7,4,14.9,0,1,4,3,0,0,mild,0,4
Badminton,Elbow/Forearm,mild,27,47,6,4,17.2,0,0,5,2,0,0,mild,0,3
Badminton,Shoulder,mild,23,61,7,3,12.1,1,1,5,1,0,1,moderate,1,21
Athletics,Ankle/Foot,mild,16,60,1,4,15.8,0,0,3,7,0,0,mild,0,1
Badminton,Ankle/Foot,severe,19,64,2,2,17.6,1,0,5,7,2,1,moderate,1,25
Cricket,Shoulder,moderate,15,66,1,3,18.1,0,0,0,1,1,1,moderate,1,18
Cricket,Thigh/Hamstring,mild,16,57,2,1,18.4,0,0,0,5,0,0,mild,0,2
Badminton,Shoulder,moderate,15,73,7,6,11.3,1,0,5,1,1,2,severe,1,7
Kabaddi,Ankle/Foot,moderate,19,72,6,3,22.6,1,0,2,7,1,1,moderate,1,7
Kabaddi,Shoulder,mild,17,82,6,3,13.4,1,0,2,1,0,0,mild,0,3
Badminton,Elbow/Forearm,moderate,14,71,6,3,16.7,0,0,5,2,1,1,moderate,0,5
Kabaddi,Knee,mild,23,45,1,4,5.0,0,1,2,6,0,0,mild,0,4
Wrestling,Shoulder,mild,20,61,3,1,13.3,1,1,4,1,0,0,mild,1,2
Football,Head/Neck,moderate,18,61,7,4,11.2,0,0,1,0,1,2,severe,1,31
Kabaddi,Ankle/Foot,mild,27,96,3,3,22.6,0,1,2,7,0,0,mild,0,2
Badminton,Shoulder,mild,16,88,9,3,14.3,0,1,5,1,0,0,mild,1,3
Wrestling,Head/Neck,moderate,21,66,3,0,23.6,0,0,4,0,1,2,severe,1,16
Badminton,Thigh/Hamstring,mild,21,63,7,6,19.6,0,0,5,5,0,0,mild,0,2
Athletics,Thigh/Hamstring,severe,19,60,2,7,10.3,0,0,3,5,2,2,severe,1,27
Kabaddi,Chest/Back,moderate,23,66,9,2,5.0,0,0,2,4,1,1,moderate,1,8
Badminton,Elbow/Forearm,mild,14,73,1,2,19.3,0,1,5,2,0,0,mild,0,4
Athletics,Thigh/Hamstring,mild,22,45,7,3,17.0,0,1,3,5,0,0,mild,0,4
Wrestling,Elbow/Forearm,moderate,14,61,10,6,14.8,1,0,4,2,1,2,severe,1,25
Kabaddi,Knee,severe,16,94,6,3,12.9,1,1,2,6,2,2,severe,1,101
Football,Ankle/Foot,mild,15,80,7,2,22.6,1,1,1,7,0,1,moderate,0,7
Cricket,Elbow/Forearm,mild,20,80,7,4,20.4,1,1,0,2,0,0,mild,0,2
Kabaddi,Ankle/Foot,moderate,26,87,10,2,18.8,1,0,2,7,1,2,severe,1,25
Cricket,Knee,mild,17,73,6,3,17.5,1,0,0,6,0,0,mild,0,4
Wrestling,Shoulder,moderate,19,61,6,3,15.5,1,0,4,1,1,1,moderate,1,14
Kabaddi,Thigh/Hamstring,severe,28,61,2,1,5.0,0,0,2,5,2,2,severe,1,25
Football,Ankle/Foot,mild,20,51,2,4,15.6,1,1,1,7,0,0,mild,0,1
Football,Knee,mild,17,80,5,5,9.5,0,0,1,6,0,0,mild,0,7
Badminton,Knee,severe,27,77,7,1,12.0,0,0,5,6,2,2,severe,1,53
Badminton,Shoulder,moderate,24,53,5,3,13.8,1,0,5,1,1,1,moderate,1,21
Wrestling,Elbow/Forearm,severe,26,48,5,3,17.1,0,0,4,2,2,2,severe,1,52
Wrestling,Wrist/Hand,severe,14,51,5,2,20.7,1,0,4,3,2,2,severe,1,20
Kabaddi,Elbow/Forearm,moderate,14,80,6,2,13.8,0,1,2,2,1,1,moderate,1,5
Football,Ankle/Foot,moderate,20,63,4,4,12.5,0,0,1,7,1,2,severe,1,13
Kabaddi,Chest/Back,mild,14,57,5,3,11.5,0,0,2,4,0,0,mild,0,3
Cricket,Elbow/Forearm,moderate,21,70,6,4,15.1,1,1,0,2,1,1,moderate,0,12
Cricket,Elbow/Forearm,mild,16,55,1,3,11.0,1,0,0,2,0,1,moderate,0,13
Badminton,Thigh/Hamstring,severe,14,59,2,3,23.1,0,0,5,5,2,2,severe,1,23
Wrestling,Wrist/Hand,mild,16,56,8,2,17.1,1,0,4,3,0,1,moderate,1,11
Wrestling,Wrist/Hand,moderate,25,59,9,3,16.0,0,0,4,3,1,2,severe,1,53
Cricket,Knee,severe,25,68,1,3,19.5,0,0,0,6,2,2,severe,1,59
Badminton,Knee,moderate,19,61,5,3,21.6,1,0,5,6,1,1,moderate,1,21
Wrestling,Shoulder,mild,21,83,1,4,11.2,0,0,4,1,0,0,mild,0,5
Cricket,Wrist/Hand,severe,16,81,3,3,15.0,1,1,0,3,2,2,severe,1,23
Badminton,Knee,moderate,21,61,2,3,13.6,1,1,5,6,1,1,moderate,1,17
Cricket,Elbow/Forearm,mild,21,66,7,1,29.2,0,0,0,2,0,0,mild,0,3
Athletics,Knee,moderate,24,69,4,1,18.8,1,0,3,6,1,1,moderate,1,19
Kabaddi,Shoulder,mild,24,73,1,2,10.4,1,1,2,1,0,0,mild,0,4
Athletics,Chest/Back,moderate,25,60,6,4,18.9,0,0,3,4,1,1,moderate,0,17
Cricket,Wrist/Hand,moderate,20,90,3,4,7.0,0,0,0,3,1,1,moderate,1,10
Cricket,Elbow/Forearm,moderate,19,66,4,3,16.9,1,0,0,2,1,1,moderate,0,8
Athletics,Ankle/Foot,moderate,14,68,1,4,27.0,0,0,3,7,1,1,moderate,0,6
Badminton,Chest/Back,moderate,18,74,6,3,14.0,0,1,5,4,1,1,moderate,1,15
Football,Ankle/Foot,moderate,16,58,1,1,13.0,0,0,1,7,1,1,moderate,1,8
Football,Wrist/Hand,mild,22,60,5,6,22.0,0,0,1,3,0,0,mild,0,1
Badminton,Wrist/Hand,mild,22,58,5,3,16.9,0,0,5,3,0,0,mild,0,4
Wrestling,Head/Neck,mild,18,83,5,3,15.9,0,1,4,0,0,0,mild,1,1
Wrestling,Knee,moderate,16,63,3,2,12.6,0,0,4,6,1,1,moderate,1,28
Football,Head/Neck,severe,14,45,7,2,11.7,0,1,1,0,2,2,severe,1,26
Badminton,Chest/Back,severe,19,54,7,4,14.3,1,0,5,4,2,2,severe,1,63
Cricket,Thigh/Hamstring,mild,14,65,5,4,16.8,0,0,0,5,0,0,mild,0,3
Kabaddi,Knee,mild,15,73,8,3,7.2,1,0,2,6,0,0,mild,0,4
Football,Ankle/Foot,moderate,19,62,6,3,15.6,1,0,1,7,1,1,moderate,0,11
Football,Knee,mild,16,72,6,4,14.4,0,0,1,6,0,0,mild,1,6
Kabaddi,Head/Neck,mild,27,67,7,3,6.5,1,0,2,0,0,1,moderate,1,6
Wrestling,Chest/Back,severe,19,45,10,4,12.1,0,0,4,4,2,2,severe,1,78
Cricket,Thigh/Hamstring,severe,18,50,7,3,29.8,0,0,0,5,2,2,severe,0,35
Wrestling,Shoulder,mild,21,57,2,5,20.7,0,0,4,1,0,0,mild,0,4
Football,Knee,moderate,23,72,10,5,18.6,1,0,1,6,1,2,severe,1,93
Wrestling,Chest/Back,mild,27,66,7,2,8.4,0,1,4,4,0,0,mild,0,4
Athletics,Thigh/Hamstring,mild,26,54,8,5,17.8,1,1,3,5,0,1,moderate,0,8
Badminton,Ankle/Foot,mild,15,81,4,4,24.6,0,1,5,7,0,0,mild,0,1
Kabaddi,Thigh/Hamstring,moderate,18,82,6,0,9.6,1,0,2,5,1,1,moderate,1,10
Football,Thigh/Hamstring,mild,21,66,6,4,10.7,1,1,1,5,0,0,mild,0,2
Athletics,Head/Neck,mild,23,84,8,4,11.7,0,1,3,0,0,1,moderate,1,7
Badminton,Chest/Back,severe,18,68,2,2,10.1,0,1,5,4,2,2,severe,1,78
Athletics,Chest/Back,moderate,23,73,7,1,16.4,1,0,3,4,1,1,moderate,1,20
Wrestling,Wrist/Hand,severe,17,74,1,3,12.8,1,0,4,3,2,2,severe,0,49
Football,Shoulder,mild,21,56,3,3,12.0,0,0,1,1,0,0,mild,0,4
Kabaddi,Knee,moderate,25,66,8,4,14.2,1,0,2,6,1,2,severe,1,61
Kabaddi,Chest/Back,mild,23,67,2,5,15.1,1,1,2,4,0,0,mild,1,3
Wrestling,Chest/Back,mild,15,76,6,2,16.5,1,1,4,4,0,1,moderate,1,8
Football,Ankle/Foot,severe,25,85,7,3,21.5,0,0,1,7,2,2,severe,0,16
Football,Shoulder,mild,25,57,3,4,17.6,0,0,1,1,0,0,mild,0,5
Football,Shoulder,severe,21,75,4,3,23.0,1,0,1,1,2,2,severe,1,85
Cricket,Elbow/Forearm,mild,24,53,7,2,15.5,0,0,0,2,0,0,mild,0,3
Kabaddi,Ankle/Foot,severe,18,73,3,2,16.0,0,0,2,7,2,2,severe,1,35
Kabaddi,Ankle/Foot,mild,24,61,4,4,24.6,1,0,2,7,0,1,moderate,1,13
Cricket,Wrist/Hand,moderate,20,69,2,3,14.3,0,0,0,3,1,1,moderate,1,6
Football,Knee,mild,19,65,1,4,12.9,0,1,1,6,0,0,mild,0,5
Athletics,Knee,mild,26,66,8,3,24.6,0,0,3,6,0,0,mild,0,7
Badminton,Shoulder,moderate,14,68,4,3,7.4,1,1,5,1,1,1,moderate,0,8
Cricket,Shoulder,mild,18,80,3,4,10.1,1,1,0,1,0,0,mild,1,4
Football,Thigh/Hamstring,moderate,31,54,3,2,6.1,1,0,1,5,1,1,moderate,0,5
Wrestling,Elbow/Forearm,moderate,20,64,5,6,19.5,0,1,4,2,1,1,moderate,1,6
Football,Ankle/Foot,mild,17,51,4,1,14.9,0,1,1,7,0,0,mild,0,4
Athletics,Knee,moderate,14,69,3,3,12.5,0,0,3,6,1,1,moderate,1,11
Cricket,Shoulder,severe,23,64,2,5,8.8,0,0,0,1,2,2,severe,1,41
Wrestling,Wrist/Hand,moderate,24,56,6,5,14.8,0,0,4,3,1,1,moderate,1,12
Wrestling,Knee,mild,17,78,7,2,12.3,1,0,4,6,0,1,moderate,1,19
Athletics,Thigh/Hamstring,mild,14,80,4,5,17.6,0,0,3,5,0,0,mild,0,3
Wrestling,Elbow/Forearm,moderate,15,63,8,3,18.9,0,0,4,2,1,1,moderate,0,12
Cricket,Knee,mild,23,61,5,1,6.1,0,1,0,6,0,0,mild,0,7
Wrestling,Wrist/Hand,moderate,25,70,10,5,10.8,1,1,4,3,1,1,moderate,1,8
Wrestling,Wrist/Hand,mild,19,45,5,3,10.1,0,0,4,3,0,0,mild,0,3
Athletics,Thigh/Hamstring,mild,19,73,1,4,12.6,0,0,3,5,0,0,mild,0,2
Kabaddi,Ankle/Foot,mild,14,69,3,4,15.2,0,0,2,7,0,0,mild,0,1
Cricket,Elbow/Forearm,moderate,15,65,3,3,17.5,0,1,0,2,1,1,moderate,0,8
Badminton,Knee,moderate,15,54,6,4,11.0,0,0,5,6,1,1,moderate,1,23
Kabaddi,Knee,mild,19,45,3,4,5.1,0,0,2,6,0,0,mild,0,4
Kabaddi,Head/Neck,mild,21,71,1,2,19.7,0,0,2,0,0,0,mild,0,1
Badminton,Shoulder,moderate,16,57,3,1,14.1,1,1,5,1,1,1,moderate,1,14
Badminton,Knee,mild,25,53,1,2,20.8,1,0,5,6,0,1,moderate,0,15
Badminton,Thigh/Hamstring,moderate,15,59,7,1,17.5,0,1,5,5,1,1,moderate,0,14
Kabaddi,Ankle/Foot,moderate,26,57,6,3,11.8,1,1,2,7,1,1,moderate,1,10
Cricket,Elbow/Forearm,mild,19,66,4,0,13.9,1,0,0,2,0,1,moderate,0,5
Wrestling,Elbow/Forearm,mild,20,85,2,3,17.2,1,1,4,2,0,1,moderate,1,8
Badminton,Knee,mild,28,70,6,3,23.0,0,1,5,6,0,0,mild,0,7
Cricket,Wrist/Hand,mild,22,56,6,2,19.2,0,0,0,3,0,0,mild,0,4
Cricket,Wrist/Hand,mild,16,62,2,2,9.2,1,0,0,3,0,0,mild,0,1
Athletics,Chest/Back,severe,18,45,2,1,6.8,1,0,3,4,2,2,severe,1,49
Athletics,Ankle/Foot,mild,23,59,7,5,22.9,0,0,3,7,0,0,mild,0,1
Badminton,Shoulder,severe,20,79,7,2,21.2,0,0,5,1,2,2,severe,1,83
Wrestling,Knee,mild,16,47,2,5,19.0,1,1,4,6,0,0,mild,0,4
Athletics,Thigh/Hamstring,moderate,26,63,3,3,15.0,1,0,3,5,1,1,moderate,0,10
Football,Thigh/Hamstring,mild,17,52,5,5,14.1,0,0,1,5,0,0,mild,0,4
Cricket,Elbow/Forearm,mild,16,59,5,6,16.6,0,1,0,2,0,0,mild,0,4
Athletics,Knee,mild,15,67,4,7,20.5,0,0,3,6,0,0,mild,0,4
Badminton,Shoulder,mild,14,69,7,3,19.6,1,0,5,1,0,0,mild,0,4
Badminton,Thigh/Hamstring,mild,18,94,7,2,19.9,0,0,5,5,0,0,mild,0,5
Athletics,Thigh/Hamstring,severe,16,68,2,0,11.7,1,1,3,5,2,2,severe,1,36
Cricket,Shoulder,moderate,20,66,5,3,14.8,0,1,0,1,1,2,severe,0,14
Wrestling,Chest/Back,moderate,14,72,5,7,21.4,1,1,4,4,1,1,moderate,1,12
Cricket,Shoulder,moderate,21,71,4,4,24.2,0,1,0,1,1,1,moderate,0,15
Athletics,Thigh/Hamstring,mild,19,58,9,3,14.2,1,0,3,5,0,0,mild,0,2
Badminton,Ankle/Foot,mild,22,59,6,3,9.2,1,1,5,7,0,0,mild,0,3
Wrestling,Shoulder,mild,20,70,9,2,18.1,1,0,4,1,0,1,moderate,1,15
Athletics,Elbow/Forearm,mild,17,69,5,3,12.3,1,0,3,2,0,0,mild,0,4
Cricket,Ankle/Foot,moderate,16,68,5,5,17.5,1,0,0,7,1,1,moderate,0,9
Athletics,Ankle/Foot,mild,30,70,7,3,16.1,1,0,3,7,0,0,mild,0,5
Cricket,Shoulder,mild,18,82,8,5,25.8,0,1,0,1,0,0,mild,0,5
Wrestling,Elbow/Forearm,moderate,14,76,5,4,14.6,1,0,4,2,1,1,moderate,1,10
Kabaddi,Thigh/Hamstring,moderate,25,57,3,3,19.5,1,1,2,5,1,1,moderate,0,11
Football,Chest/Back,mild,18,71,5,2,15.7,1,0,1,4,0,1,moderate,0,14
Athletics,Thigh/Hamstring,mild,14,67,2,5,23.7,0,1,3,5,0,0,mild,0,3
Cricket,Knee,severe,25,47,5,4,13.9,0,0,0,6,2,2,severe,1,60
Athletics,Wrist/Hand,severe,17,69,10,3,19.7,1,0,3,3,2,2,severe,0,57
Kabaddi,Thigh/Hamstring,moderate,14,67,6,5,18.3,0,1,2,5,1,1,moderate,0,11
Wrestling,Wrist/Hand,severe,27,65,10,4,24.2,0,0,4,3,2,2,severe,1,16
Football,Head/Neck,severe,21,67,1,3,18.6,0,0,1,0,2,2,severe,1,23
Badminton,Knee,mild,17,51,7,3,18.7,0,1,5,6,0,0,mild,0,4
Football,Knee,mild,20,69,4,4,7.3,1,1,1,6,0,0,mild,0,3
Football,Ankle/Foot,moderate,20,85,6,3,13.8,0,0,1,7,1,1,moderate,1,6
Kabaddi,Chest/Back,mild,17,75,5,5,20.5,1,1,2,4,0,0,mild,0,4
Wrestling,Shoulder,severe,23,53,4,5,15.8,0,1,4,1,2,2,severe,1,30
Cricket,Elbow/Forearm,severe,14,65,2,4,5.6,0,1,0,2,2,2,severe,1,34
Badminton,Shoulder,mild,23,63,9,6,18.5,0,0,5,1,0,1,moderate,1,16
Athletics,Shoulder,mild,17,73,5,2,9.0,0,0,3,1,0,0,mild,0,4
Kabaddi,Chest/Back,mild,14,69,8,2,10.6,1,1,2,4,0,0,mild,0,4
Badminton,Shoulder,mild,17,64,3,4,19.9,0,0,5,1,0,0,mild,0,4
Wrestling,Wrist/Hand,mild,14,65,3,4,16.8,1,0,4,3,0,0,mild,0,1
Football,Ankle/Foot,severe,17,89,5,3,11.4,0,0,1,7,2,2,severe,1,17
Cricket,Wrist/Hand,moderate,18,61,3,6,15.6,0,0,0,3,1,1,moderate,1,14
Kabaddi,Knee,mild,16,77,6,5,15.9,1,0,2,6,0,0,mild,0,3
Badminton,Ankle/Foot,severe,15,61,3,1,13.9,1,1,5,7,2,2,severe,1,14
Wrestling,Thigh/Hamstring,severe,16,83,3,3,15.0,0,1,4,5,2,2,severe,1,14
Kabaddi,Ankle/Foot,severe,21,82,6,7,18.9,0,1,2,7,2,2,severe,1,16
Kabaddi,Knee,mild,18,50,1,2,16.4,0,1,2,6,0,0,mild,0,4
Wrestling,Shoulder,moderate,14,84,3,5,8.5,0,0,4,1,1,1,moderate,0,7
Wrestling,Thigh/Hamstring,mild,15,57,2,2,10.2,0,0,4,5,0,0,mild,0,3
Badminton,Elbow/Forearm,severe,15,65,1,3,25.5,1,0,5,2,2,2,severe,1,28
Kabaddi,Head/Neck,moderate,14,49,4,3,18.7,1,0,2,0,1,2,severe,1,31
Cricket,Shoulder,severe,14,65,6,4,18.8,0,0,0,1,2,2,severe,1,76
Wrestling,Knee,mild,21,48,3,1,18.7,1,1,4,6,0,0,mild,0,4
Wrestling,Elbow/Forearm,moderate,14,56,4,3,18.2,1,0,4,2,1,1,moderate,1,9
Athletics,Shoulder,moderate,18,55,6,1,13.2,0,0,3,1,1,1,moderate,0,16
Badminton,Chest/Back,moderate,27,45,1,5,6.0,0,0,5,4,1,1,moderate,1,10
Badminton,Ankle/Foot,moderate,27,63,1,3,14.5,0,1,5,7,1,1,moderate,1,14
Badminton,Knee,mild,27,70,5,5,16.8,1,1,5,6,0,0,mild,0,3
Athletics,Ankle/Foot,mild,17,66,9,4,16.1,0,1,3,7,0,0,mild,0,2
Football,Ankle/Foot,moderate,18,80,6,3,17.6,0,1,1,7,1,1,moderate,1,8
Badminton,Chest/Back,mild,16,63,1,7,10.4,1,1,5,4,0,0,mild,0,2
Athletics,Thigh/Hamstring,mild,20,56,1,6,13.2,1,0,3,5,0,1,moderate,0,13
Wrestling,Shoulder,mild,23,74,5,2,16.0,0,1,4,1,0,0,mild,0,2
Cricket,Elbow/Forearm,mild,19,51,7,4,26.6,1,0,0,2,0,0,mild,0,5
Cricket,Shoulder,severe,18,79,4,2,7.1,1,1,0,1,2,2,severe,1,60
Wrestling,Elbow/Forearm,severe,16,82,7,3,17.0,0,0,4,2,2,2,severe,1,28
Football,Shoulder,severe,22,56,5,4,17.3,1,0,1,1,2,2,severe,1,40
Football,Head/Neck,moderate,28,54,7,6,10.8,1,1,1,0,1,2,severe,1,26
Athletics,Shoulder,moderate,18,45,7,2,21.3,0,0,3,1,1,1,moderate,1,21
Cricket,Chest/Back,moderate,17,72,6,3,5.0,1,0,0,4,1,1,moderate,1,18
Football,Knee,mild,14,54,9,2,8.7,0,1,1,6,0,0,mild,0,4
Cricket,Elbow/Forearm,moderate,27,53,1,3,22.0,0,1,0,2,1,1,moderate,1,13
Badminton,Elbow/Forearm,mild,14,72,2,6,16.4,0,1,5,2,0,0,mild,0,2
Cricket,Wrist/Hand,mild,14,66,3,2,25.0,1,0,0,3,0,0,mild,0,3
Kabaddi,Thigh/Hamstring,moderate,24,55,9,6,11.0,0,1,2,5,1,2,severe,1,18
Kabaddi,Knee,mild,16,78,5,1,14.9,0,1,2,6,0,0,mild,0,6
Wrestling,Shoulder,moderate,16,66,10,2,14.2,0,1,4,1,1,1,moderate,0,18
Cricket,Elbow/Forearm,moderate,23,49,4,4,21.2,0,1,0,2,1,1,moderate,0,5
Wrestling,Knee,severe,23,68,7,3,19.9,0,1,4,6,2,2,severe,1,43
Badminton,Elbow/Forearm,mild,15,45,9,2,9.0,0,1,5,2,0,0,mild,0,5
Cricket,Elbow/Forearm,moderate,16,59,5,1,16.1,0,0,0,2,1,2,severe,0,5
Wrestling,Thigh/Hamstring,moderate,17,49,1,3,7.0,1,0,4,5,1,1,moderate,1,13
Football,Thigh/Hamstring,mild,21,58,5,5,7.3,0,1,1,5,0,0,mild,0,2
Cricket,Shoulder,mild,19,45,5,7,14.8,0,0,0,1,0,0,mild,0,2
Kabaddi,Head/Neck,moderate,19,70,3,5,16.8,1,0,2,0,1,2,severe,1,39
Football,Thigh/Hamstring,moderate,19,64,5,3,11.3,1,0,1,5,1,1,moderate,0,14
Kabaddi,Elbow/Forearm,mild,22,78,6,3,26.5,0,1,2,2,0,0,mild,0,4
Athletics,Wrist/Hand,moderate,18,50,8,4,14.4,1,0,3,3,1,1,moderate,0,10
Kabaddi,Chest/Back,moderate,22,87,6,6,9.9,0,0,2,4,1,2,severe,1,90
Wrestling,Wrist/Hand,moderate,22,64,3,5,13.0,0,1,4,3,1,1,moderate,1,5
Kabaddi,Shoulder,mild,30,63,3,0,6.6,0,1,2,1,0,0,mild,0,3
Kabaddi,Thigh/Hamstring,severe,16,101,1,4,17.8,0,0,2,5,2,2,severe,0,31
Wrestling,Knee,severe,17,78,5,3,6.6,0,0,4,6,2,2,severe,1,117
Badminton,Elbow/Forearm,moderate,21,73,6,4,16.7,0,0,5,2,1,1,moderate,0,12
Kabaddi,Wrist/Hand,moderate,25,67,4,4,13.0,1,0,2,3,1,1,moderate,0,11
Wrestling,Wrist/Hand,moderate,28,77,10,1,22.1,1,1,4,3,1,1,moderate,0,5
Wrestling,Elbow/Forearm,moderate,18,48,4,4,10.8,1,0,4,2,1,1,moderate,1,6
Badminton,Elbow/Forearm,severe,24,66,5,3,16.4,0,0,5,2,2,2,severe,1,28
Football,Shoulder,mild,25,45,6,4,18.7,1,0,1,1,0,0,mild,0,4
Wrestling,Ankle/Foot,mild,26,51,4,2,13.4,1,0,4,7,0,0,mild,1,2
Cricket,Knee,mild,24,56,1,4,14.4,0,0,0,6,0,0,mild,0,3
Athletics,Knee,mild,14,62,6,5,16.8,0,1,3,6,0,0,mild,0,5
Wrestling,Thigh/Hamstring,severe,15,45,5,5,9.6,0,0,4,5,2,2,severe,1,35
Badminton,Wrist/Hand,moderate,14,65,5,2,26.0,0,0,5,3,1,1,moderate,1,9
Wrestling,Shoulder,mild,23,72,6,6,5.1,0,0,4,1,0,0,mild,0,2
Badminton,Shoulder,mild,15,68,5,6,10.8,1,0,5,1,0,1,moderate,1,19
Football,Ankle/Foot,moderate,15,66,2,6,19.0,1,1,1,7,1,1,moderate,1,11
Wrestling,Knee,moderate,14,71,5,4,19.4,1,1,4,6,1,1,moderate,1,14
Badminton,Elbow/Forearm,severe,28,53,10,3,15.0,1,0,5,2,2,2,severe,1,21
Kabaddi,Chest/Back,mild,34,56,2,3,19.1,1,0,2,4,0,0,mild,0,5
Football,Ankle/Foot,mild,15,72,6,3,13.3,0,0,1,7,0,0,mild,0,3
Kabaddi,Thigh/Hamstring,moderate,16,56,5,2,9.2,1,1,2,5,1,1,moderate,0,9
Badminton,Wrist/Hand,mild,26,72,4,4,15.5,0,0,5,3,0,0,mild,0,1
Kabaddi,Chest/Back,severe,14,88,3,2,14.9,0,1,2,4,2,2,severe,1,32
Badminton,Ankle/Foot,mild,23,49,7,4,21.5,0,0,5,7,0,0,mild,0,2
Badminton,Shoulder,severe,20,67,5,3,18.1,1,0,5,1,2,2,severe,1,89
Athletics,Chest/Back,severe,23,63,6,4,26.0,0,1,3,4,2,2,severe,1,46
Football,Ankle/Foot,mild,22,64,1,4,5.4,1,0,1,7,0,0,mild,0,1
Badminton,Knee,severe,19,69,1,6,18.2,0,0,5,6,2,2,severe,1,53
Badminton,Ankle/Foot,moderate,14,61,7,3,13.2,1,0,5,7,1,1,moderate,1,12
Football,Shoulder,mild,19,53,3,4,12.8,0,1,1,1,0,0,mild,1,5
Wrestling,Head/Neck,mild,20,75,5,2,7.7,0,0,4,0,0,0,mild,0,3
Wrestling,Head/Neck,mild,21,84,5,5,22.1,1,0,4,0,0,0,mild,0,1
Cricket,Thigh/Hamstring,moderate,19,63,2,4,17.5,0,1,0,5,1,1,moderate,0,8
Badminton,Ankle/Foot,mild,14,84,2,5,21.1,0,1,5,7,0,0,mild,0,5
Kabaddi,Thigh/Hamstring,mild,22,77,7,2,14.6,1,0,2,5,0,0,mild,0,5
Football,Knee,moderate,23,73,8,4,14.3,0,0,1,6,1,2,severe,1,105
Football,Ankle/Foot,severe,19,73,5,5,26.9,1,0,1,7,2,2,severe,0,22
Athletics,Ankle/Foot,mild,20,70,2,4,13.1,0,0,3,7,0,0,mild,0,2
Kabaddi,Ankle/Foot,moderate,14,60,1,3,8.9,1,0,2,7,1,1,moderate,1,6
Cricket,Thigh/Hamstring,mild,20,83,5,3,18.6,1,0,0,5,0,1,moderate,0,11
Badminton,Wrist/Hand,severe,20,86,1,2,14.2,0,0,5,3,2,2,severe,1,58
Football,Ankle/Foot,severe,24,76,5,1,17.0,1,0,1,7,2,2,severe,1,17
Cricket,Chest/Back,mild,15,67,6,5,14.3,1,1,0,4,0,0,mild,0,2
Athletics,Thigh/Hamstring,moderate,22,78,2,6,18.8,0,1,3,5,1,2,severe,1,22
Cricket,Shoulder,moderate,14,60,3,3,15.3,0,1,0,1,1,1,moderate,0,8
Cricket,Chest/Back,mild,23,76,5,3,12.9,0,0,0,4,0,0,mild,0,3
Athletics,Wrist/Hand,moderate,21,59,3,4,11.5,0,1,3,3,1,1,moderate,1,13
Athletics,Shoulder,mild,25,83,4,4,21.0,0,0,3,1,0,0,mild,0,3
Wrestling,Elbow/Forearm,mild,22,53,4,2,8.8,0,0,4,2,0,0,mild,0,2
Cricket,Elbow/Forearm,moderate,24,63,1,3,19.9,0,1,0,2,1,1,moderate,0,9
Badminton,Ankle/Foot,mild,20,79,3,3,15.9,0,1,5,7,0,1,moderate,0,5
Kabaddi,Chest/Back,moderate,23,83,10,3,8.8,0,0,2,4,1,2,severe,1,75
Football,Thigh/Hamstring,moderate,17,58,4,6,16.2,0,1,1,5,1,1,moderate,1,11
Athletics,Shoulder,moderate,14,66,2,4,8.2,1,0,3,1,1,1,moderate,0,17
Cricket,Elbow/Forearm,mild,20,75,6,6,14.7,0,0,0,2,0,0,mild,0,5
Football,Thigh/Hamstring,severe,14,51,4,7,11.3,0,1,1,5,2,2,severe,1,16
Cricket,Elbow/Forearm,mild,19,59,6,5,21.4,0,0,0,2,0,0,mild,0,5
Kabaddi,Wrist/Hand,mild,14,70,2,6,11.1,0,0,2,3,0,0,mild,0,2
Kabaddi,Chest/Back,moderate,14,80,1,1,16.4,1,0,2,4,1,1,moderate,0,8
Cricket,Thigh/Hamstring,moderate,24,61,1,6,13.4,1,0,0,5,1,1,moderate,0,7
Football,Ankle/Foot,moderate,14,56,2,3,13.7,0,0,1,7,1,1,moderate,0,10
Badminton,Wrist/Hand,moderate,14,74,4,1,18.0,1,0,5,3,1,1,moderate,1,7
Badminton,Head/Neck,mild,24,60,8,5,22.8,0,0,5,0,0,1,moderate,1,7
Wrestling,Knee,severe,22,83,7,3,18.5,0,0,4,6,2,2,severe,1,108
Athletics,Thigh/Hamstring,moderate,20,55,1,5,19.8,0,1,3,5,1,1,moderate,1,5
Wrestling,Knee,moderate,21,75,7,2,13.6,1,0,4,6,1,1,moderate,0,15
Athletics,Chest/Back,severe,24,73,4,5,14.0,1,0,3,4,2,2,severe,1,50
Football,Head/Neck,moderate,20,65,4,3,19.4,0,1,1,0,1,2,severe,1,18
Wrestling,Chest/Back,mild,14,76,8,3,18.5,0,0,4,4,0,0,mild,0,5
Athletics,Knee,mild,22,74,5,1,19.7,1,0,3,6,0,0,mild,0,5
Wrestling,Shoulder,severe,20,77,8,2,26.4,1,0,4,1,2,2,severe,1,83
Wrestling,Shoulder,moderate,16,79,3,5,11.2,1,1,4,1,1,1,moderate,1,16
Football,Ankle/Foot,moderate,17,51,3,4,22.6,0,0,1,7,1,1,moderate,1,13
Cricket,Thigh/Hamstring,moderate,14,64,3,3,20.6,0,0,0,5,1,1,moderate,1,6
Athletics,Thigh/Hamstring,moderate,21,62,3,5,11.1,0,0,3,5,1,1,moderate,0,5
Cricket,Knee,moderate,19,73,2,5,14.0,1,0,0,6,1,1,moderate,1,14
Athletics,Knee,moderate,17,74,3,3,9.9,0,1,3,6,1,1,moderate,1,24
Badminton,Thigh/Hamstring,moderate,15,82,3,4,17.5,0,0,5,5,1,1,moderate,0,10
Athletics,Thigh/Hamstring,mild,30,51,5,4,14.7,0,1,3,5,0,0,mild,0,4
Football,Thigh/Hamstring,mild,14,60,8,3,18.5,1,0,1,5,0,1,moderate,0,14
Kabaddi,Thigh/Hamstring,moderate,14,60,2,5,20.4,1,0,2,5,1,0,mild,1,13
Cricket,Chest/Back,moderate,14,59,4,5,13.5,1,0,0,4,1,1,moderate,0,12
Kabaddi,Shoulder,moderate,27,55,4,3,12.7,0,0,2,1,1,2,severe,0,9
Kabaddi,Wrist/Hand,mild,18,89,6,3,12.6,0,1,2,3,0,0,mild,0,2
Athletics,Ankle/Foot,moderate,17,74,2,6,12.9,0,0,3,7,1,2,severe,1,36
Badminton,Thigh/Hamstring,mild,14,86,8,3,12.4,0,0,5,5,0,1,moderate,0,4
Cricket,Shoulder,moderate,17,60,5,5,7.8,0,0,0,1,1,1,moderate,1,7
Wrestling,Shoulder,severe,14,73,8,4,25.0,0,1,4,1,2,2,severe,1,66
Cricket,Head/Neck,severe,14,77,2,3,16.2,1,0,0,0,2,2,severe,1,33
Athletics,Knee,moderate,18,71,5,3,18.1,1,1,3,6,1,1,moderate,1,19
Wrestling,Knee,mild,17,85,1,4,17.8,1,0,4,6,0,1,moderate,1,12
Athletics,Ankle/Foot,mild,18,47,2,2,19.3,0,0,3,7,0,0,mild,0,4
Badminton,Wrist/Hand,mild,15,75,4,2,20.7,1,0,5,3,0,1,moderate,1,14
Badminton,Shoulder,moderate,19,83,1,2,22.5,1,1,5,1,1,1,moderate,0,15
Cricket,Elbow/Forearm,mild,21,55,3,3,18.7,1,0,0,2,0,1,moderate,0,14
Wrestling,Shoulder,moderate,22,74,5,3,17.0,1,0,4,1,1,1,moderate,0,9
Badminton,Thigh/Hamstring,mild,15,75,4,3,17.1,0,1,5,5,0,0,mild,0,4
Cricket,Elbow/Forearm,mild,15,71,1,1,15.1,1,0,0,2,0,0,mild,0,4
Football,Head/Neck,moderate,22,45,2,5,20.5,0,0,1,0,1,2,severe,1,19
Football,Thigh/Hamstring,mild,20,70,2,1,12.3,1,1,1,5,0,0,mild,0,5
Badminton,Elbow/Forearm,moderate,19,52,10,3,16.8,0,1,5,2,1,2,severe,1,49
Badminton,Thigh/Hamstring,mild,25,72,3,3,13.5,0,0,5,5,0,0,mild,0,3
Football,Chest/Back,moderate,19,81,4,2,6.4,0,0,1,4,1,1,moderate,1,17
Athletics,Ankle/Foot,mild,31,46,9,2,16.3,0,0,3,7,0,1,moderate,0,13
Wrestling,Thigh/Hamstring,severe,14,80,7,3,16.9,0,1,4,5,2,2,severe,1,42
Badminton,Elbow/Forearm,moderate,20,45,5,4,15.8,0,0,5,2,1,1,moderate,1,8
Cricket,Chest/Back,severe,15,61,3,6,15.2,0,0,0,4,2,2,severe,1,60
Badminton,Ankle/Foot,moderate,24,64,4,2,16.7,0,0,5,7,1,1,moderate,1,7
Badminton,Shoulder,mild,24,82,5,3,18.8,1,0,5,1,0,1,moderate,0,20
Athletics,Thigh/Hamstring,moderate,14,74,4,6,20.0,0,0,3,5,1,1,moderate,1,12
Football,Elbow/Forearm,mild,21,66,4,4,14.0,0,0,1,2,0,0,mild,0,5
Badminton,Knee,moderate,14,71,6,4,26.1,0,1,5,6,1,1,moderate,1,22
Cricket,Ankle/Foot,severe,24,77,5,2,14.4,1,1,0,7,2,2,severe,1,42
Wrestling,Wrist/Hand,mild,21,56,1,2,14.9,1,0,4,3,0,0,mild,0,4
Kabaddi,Ankle/Foot,moderate,22,59,4,4,21.0,1,0,2,7,1,1,moderate,1,13
Athletics,Shoulder,mild,25,58,1,3,9.7,0,0,3,1,0,0,mild,0,3
Cricket,Elbow/Forearm,moderate,27,64,7,6,23.2,0,1,0,2,1,1,moderate,1,8
Wrestling,Shoulder,mild,21,78,8,3,17.0,0,0,4,1,0,1,moderate,0,21
Wrestling,Head/Neck,moderate,15,65,2,6,16.7,0,0,4,0,1,2,severe,1,42
Athletics,Thigh/Hamstring,severe,16,73,4,5,19.2,1,1,3,5,2,2,severe,1,18
Kabaddi,Wrist/Hand,mild,16,49,1,2,17.0,1,0,2,3,0,1,moderate,1,8
Football,Chest/Back,mild,17,62,2,3,17.5,0,0,1,4,0,0,mild,0,4
Athletics,Head/Neck,moderate,19,67,5,4,17.5,0,0,3,0,1,2,severe,1,39
Badminton,Ankle/Foot,severe,14,76,6,3,21.2,0,1,5,7,2,2,severe,1,23
Wrestling,Knee,mild,24,66,8,4,19.4,1,0,4,6,0,1,moderate,0,24
Athletics,Knee,mild,17,69,7,4,16.4,0,0,3,6,0,0,mild,0,7
Kabaddi,Shoulder,severe,30,90,1,3,24.7,0,0,2,1,2,2,severe,1,87
Athletics,Thigh/Hamstring,severe,14,46,7,6,5.0,1,1,3,5,2,2,severe,1,16
Athletics,Chest/Back,mild,19,68,10,5,28.9,1,1,3,4,0,0,mild,1,13
Kabaddi,Ankle/Foot,mild,19,62,6,1,21.3,0,1,2,7,0,0,mild,0,5
Football,Head/Neck,mild,17,68,3,3,5.6,0,0,1,0,0,0,mild,0,2
Wrestling,Thigh/Hamstring,moderate,17,68,1,4,24.5,1,0,4,5,1,1,moderate,0,6
Athletics,Ankle/Foot,mild,24,65,5,5,6.1,0,0,3,7,0,0,mild,0,4
Football,Ankle/Foot,severe,19,72,6,1,13.7,0,1,1,7,2,2,severe,1,21
Athletics,Knee,severe,22,68,4,1,7.6,0,1,3,6,2,2,severe,1,75
Kabaddi,Ankle/Foot,severe,17,68,3,2,16.1,1,1,2,7,2,2,severe,1,15
Badminton,Elbow/Forearm,moderate,22,60,3,5,13.3,1,1,5,2,1,1,moderate,0,9
Football,Head/Neck,mild,27,57,2,2,16.7,1,1,1,0,0,0,mild,0,3
Football,Head/Neck,moderate,14,84,3,5,21.3,1,0,1,0,1,1,moderate,1,21
Wrestling,Shoulder,severe,14,66,4,3,12.1,0,0,4,1,2,2,severe,1,81
Badminton,Knee,mild,20,62,1,3,11.4,0,0,5,6,0,0,mild,0,6
Football,Shoulder,mild,17,64,4,5,14.4,1,0,1,1,0,0,mild,0,5
Badminton,Knee,mild,14,65,1,5,14.8,0,0,5,6,0,0,mild,0,7
Athletics,Ankle/Foot,moderate,14,58,1,6,12.8,0,0,3,7,1,2,severe,1,34
Badminton,Chest/Back,severe,16,82,6,1,15.0,1,1,5,4,2,2,severe,1,52
Cricket,Shoulder,moderate,18,67,7,2,15.7,1,1,0,1,1,1,moderate,0,15
Cricket,Shoulder,moderate,23,62,6,4,14.9,0,0,0,1,1,1,moderate,0,8
Wrestling,Ankle/Foot,mild,14,72,2,2,8.6,1,0,4,7,0,0,mild,1,4
Badminton,Elbow/Forearm,severe,24,80,3,3,16.0,1,0,5,2,2,2,severe,1,29
Football,Knee,mild,21,45,5,3,11.2,1,1,1,6,0,0,mild,0,7
Football,Ankle/Foot,moderate,21,68,7,5,15.8,0,1,1,7,1,1,moderate,0,5
Kabaddi,Head/Neck,mild,15,73,7,6,16.1,1,0,2,0,0,0,mild,0,3
Athletics,Thigh/Hamstring,severe,16,61,7,6,14.8,0,1,3,5,2,2,severe,1,28
Athletics,Knee,severe,24,63,3,3,20.0,1,0,3,6,2,2,severe,0,113
Football,Ankle/Foot,severe,14,63,6,5,8.8,0,1,1,7,2,2,severe,1,35
Cricket,Thigh/Hamstring,severe,21,45,7,4,14.7,0,0,0,5,2,2,severe,1,19
Cricket,Shoulder,mild,29,74,1,6,21.1,1,1,0,1,0,0,mild,0,2
Wrestling,Elbow/Forearm,moderate,26,83,8,3,16.1,0,1,4,2,1,1,moderate,0,5
Badminton,Knee,moderate,26,81,10,5,13.3,1,0,5,6,1,1,moderate,1,27
Athletics,Knee,mild,26,62,9,1,22.0,1,0,3,6,0,1,moderate,1,15
Cricket,Chest/Back,severe,30,61,6,6,21.1,0,1,0,4,2,2,severe,1,88
Football,Knee,severe,23,45,5,2,16.8,0,0,1,6,2,2,severe,1,55
Wrestling,Elbow/Forearm,mild,18,68,1,4,14.9,0,0,4,2,0,0,mild,0,5
Cricket,Thigh/Hamstring,mild,14,66,4,4,16.5,0,0,0,5,0,0,mild,0,3
Wrestling,Wrist/Hand,mild,22,65,2,5,19.0,0,0,4,3,0,0,mild,0,4
Kabaddi,Knee,mild,23,68,1,4,18.4,0,0,2,6,0,0,mild,0,4
Football,Head/Neck,moderate,23,79,3,2,12.1,0,1,1,0,1,2,severe,1,26
Athletics,Elbow/Forearm,mild,25,63,4,4,11.7,0,1,3,2,0,0,mild,0,2
Wrestling,Knee,severe,19,75,8,4,13.9,1,0,4,6,2,2,severe,1,94
Athletics,Knee,moderate,16,47,4,5,19.1,1,1,3,6,1,1,moderate,1,21
Athletics,Chest/Back,mild,19,79,6,4,24.9,0,0,3,4,0,0,mild,0,5
Badminton,Wrist/Hand,moderate,14,91,5,2,20.1,0,0,5,3,1,1,moderate,1,6
Kabaddi,Knee,mild,31,78,2,6,18.3,0,1,2,6,0,0,mild,0,6
Cricket,Elbow/Forearm,moderate,22,67,4,4,19.3,0,0,0,2,1,1,moderate,0,6
Wrestling,Elbow/Forearm,moderate,14,60,1,3,14.0,0,1,4,2,1,0,mild,1,12
Badminton,Ankle/Foot,severe,16,65,4,3,12.5,0,0,5,7,2,2,severe,1,14
Athletics,Thigh/Hamstring,moderate,18,63,3,6,15.4,0,1,3,5,1,1,moderate,0,13
Athletics,Ankle/Foot,moderate,26,70,3,4,17.1,0,0,3,7,1,1,moderate,0,12
Badminton,Ankle/Foot,moderate,29,68,5,6,15.3,0,0,5,7,1,2,severe,1,37
Kabaddi,Head/Neck,moderate,16,77,3,4,27.0,0,1,2,0,1,2,severe,1,56
Cricket,Elbow/Forearm,mild,24,65,8,2,15.6,0,1,0,2,0,0,mild,0,3
Badminton,Knee,mild,23,57,4,3,15.8,0,0,5,6,0,0,mild,1,4
Kabaddi,Knee,mild,16,58,8,4,14.5,0,0,2,6,0,0,mild,0,5
Kabaddi,Shoulder,moderate,21,57,2,3,23.4,1,1,2,1,1,1,moderate,0,9
Cricket,Shoulder,mild,16,62,2,2,23.3,0,0,0,1,0,0,mild,0,5
Athletics,Knee,moderate,16,68,7,4,18.2,0,0,3,6,1,1,moderate,0,13
Cricket,Shoulder,mild,14,62,10,5,17.2,0,0,0,1,0,0,mild,1,5
Cricket,Ankle/Foot,moderate,21,58,1,3,23.9,0,1,0,7,1,1,moderate,1,9
Athletics,Thigh/Hamstring,mild,15,85,2,4,22.6,0,1,3,5,0,0,mild,0,3
Cricket,Head/Neck,moderate,24,67,5,3,17.8,0,1,0,0,1,2,severe,1,46
Football,Thigh/Hamstring,mild,16,85,6,2,25.9,0,1,1,5,0,0,mild,0,2
Athletics,Thigh/Hamstring,mild,17,51,3,5,17.3,1,1,3,5,0,0,mild,0,5
Kabaddi,Shoulder,mild,22,73,5,3,14.5,0,0,2,1,0,0,mild,0,5
Athletics,Thigh/Hamstring,mild,26,74,6,4,9.1,0,0,3,5,0,0,mild,0,5
Cricket,Elbow/Forearm,severe,19,65,3,6,6.6,0,1,0,2,2,2,severe,1,27
Badminton,Elbow/Forearm,moderate,25,64,1,4,16.3,0,1,5,2,1,1,moderate,0,10
Football,Ankle/Foot,mild,21,86,5,2,14.6,0,1,1,7,0,0,mild,0,4
Cricket,Chest/Back,mild,17,81,6,3,11.1,1,0,0,4,0,2,severe,0,19
Kabaddi,Shoulder,mild,22,52,7,7,14.9,1,1,2,1,0,0,mild,0,5
Badminton,Chest/Back,mild,23,57,6,3,9.3,0,1,5,4,0,0,mild,0,3
Kabaddi,Chest/Back,moderate,21,62,4,4,17.1,0,1,2,4,1,1,moderate,0,17
Athletics,Ankle/Foot,severe,17,83,2,6,15.7,0,0,3,7,2,2,severe,0,42
Kabaddi,Ankle/Foot,moderate,25,56,7,1,15.0,0,1,2,7,1,1,moderate,0,7
Athletics,Elbow/Forearm,moderate,16,82,6,4,20.0,1,1,3,2,1,1,moderate,1,12
Kabaddi,Shoulder,severe,25,55,5,3,27.4,0,0,2,1,2,2,severe,1,83
Athletics,Ankle/Foot,severe,16,65,6,2,15.6,0,1,3,7,2,2,severe,1,24
Football,Thigh/Hamstring,moderate,21,62,2,4,5.0,0,0,1,5,1,1,moderate,0,11
Badminton,Wrist/Hand,mild,23,57,1,4,15.9,1,1,5,3,0,0,mild,0,4
Badminton,Shoulder,moderate,18,81,10,2,9.7,0,1,5,1,1,2,severe,1,73
Athletics,Chest/Back,severe,21,66,3,2,5.0,0,1,3,4,2,2,severe,1,38
Cricket,Wrist/Hand,moderate,14,78,8,4,8.4,0,0,0,3,1,1,moderate,0,14
Athletics,Knee,mild,22,67,7,3,22.0,1,1,3,6,0,1,moderate,1,19
Kabaddi,Ankle/Foot,moderate,16,57,2,4,13.4,1,0,2,7,1,1,moderate,0,10
Badminton,Shoulder,mild,22,59,9,5,11.5,0,1,5,1,0,0,mild,1,3
Athletics,Wrist/Hand,moderate,18,67,3,4,19.2,1,0,3,3,1,1,moderate,1,14
Athletics,Knee,severe,22,66,7,2,5.1,0,0,3,6,2,2,severe,1,91
Badminton,Shoulder,mild,15,75,3,3,8.1,0,0,5,1,0,0,mild,0,3
Kabaddi,Thigh/Hamstring,severe,14,73,7,4,14.7,1,0,2,5,2,2,severe,0,23
Wrestling,Wrist/Hand,mild,19,62,1,4,21.5,1,1,4,3,0,0,mild,0,1
Football,Thigh/Hamstring,mild,23,75,5,6,15.0,0,1,1,5,0,0,mild,0,4
Badminton,Elbow/Forearm,moderate,21,83,2,2,19.6,1,1,5,2,1,1,moderate,0,7
Badminton,Elbow/Forearm,mild,15,80,8,1,7.2,1,0,5,2,0,1,moderate,0,2
Athletics,Thigh/Hamstring,mild,24,61,1,7,21.5,1,1,3,5,0,0,mild,0,2
Football,Thigh/Hamstring,moderate,18,59,6,4,20.7,1,0,1,5,1,1,moderate,1,11
Wrestling,Head/Neck,mild,24,75,2,3,19.7,1,0,4,0,0,1,moderate,0,8
Kabaddi,Shoulder,moderate,14,67,2,4,12.7,0,1,2,1,1,1,moderate,1,11
Wrestling,Head/Neck,mild,17,56,10,6,19.6,1,0,4,0,0,1,moderate,1,10
Cricket,Knee,mild,17,54,7,5,19.3,1,1,0,6,0,0,mild,0,6
Cricket,Shoulder,severe,21,85,6,4,22.3,1,0,0,1,2,2,severe,1,37
Football,Ankle/Foot,mild,24,74,3,2,13.5,0,0,1,7,0,0,mild,0,4
Football,Thigh/Hamstring,mild,14,83,8,2,14.9,0,0,1,5,0,1,moderate,0,5
Cricket,Knee,moderate,20,73,8,3,13.2,0,0,0,6,1,1,moderate,1,12
Kabaddi,Knee,mild,16,75,5,2,19.6,0,0,2,6,0,0,mild,0,5
Badminton,Knee,severe,26,65,5,3,13.6,0,0,5,6,2,2,severe,1,119
Badminton,Knee,severe,26,51,7,5,15.4,1,0,5,6,2,2,severe,1,45
Badminton,Ankle/Foot,mild,27,76,8,4,13.5,0,1,5,7,0,0,mild,0,4
Football,Ankle/Foot,mild,25,75,9,4,15.8,0,0,1,7,0,1,moderate,1,9
Athletics,Thigh/Hamstring,mild,25,77,5,4,20.8,1,0,3,5,0,1,moderate,0,12
Football,Knee,moderate,23,56,1,4,23.1,1,0,1,6,1,1,moderate,0,26
Athletics,Thigh/Hamstring,moderate,17,74,5,5,11.3,0,1,3,5,1,1,moderate,1,11
Football,Ankle/Foot,mild,23,77,1,4,12.1,0,0,1,7,0,0,mild,0,2
Cricket,Thigh/Hamstring,mild,14,81,4,2,27.0,0,1,0,5,0,0,mild,0,4
Badminton,Thigh/Hamstring,mild,22,45,5,3,25.2,0,1,5,5,0,0,mild,0,5
Cricket,Wrist/Hand,moderate,24,60,4,7,14.5,0,0,0,3,1,1,moderate,1,12
Kabaddi,Ankle/Foot,moderate,14,65,4,5,5.2,0,0,2,7,1,1,moderate,0,12
Kabaddi,Thigh/Hamstring,moderate,22,78,7,2,19.6,0,0,2,5,1,2,severe,0,6
Wrestling,Elbow/Forearm,mild,26,58,2,4,22.1,1,1,4,2,0,0,mild,0,4
Cricket,Elbow/Forearm,severe,21,83,4,4,18.4,0,0,0,2,2,2,severe,1,59
Wrestling,Shoulder,moderate,14,74,10,3,19.0,1,1,4,1,1,2,severe,1,46
Kabaddi,Elbow/Forearm,moderate,20,51,3,1,10.4,1,0,2,2,1,1,moderate,0,13
Badminton,Knee,mild,17,66,6,5,16.5,0,0,5,6,0,0,mild,0,7
Kabaddi,Knee,mild,18,59,3,4,19.8,0,1,2,6,0,0,mild,0,4
Football,Thigh/Hamstring,mild,14,83,4,4,17.6,0,1,1,5,0,0,mild,0,4
Football,Thigh/Hamstring,mild,14,65,4,5,17.4,0,0,1,5,0,0,mild,0,5
Athletics,Knee,moderate,14,53,5,6,16.4,1,1,3,6,1,2,severe,1,42
Badminton,Chest/Back,mild,17,72,6,3,12.8,1,0,5,4,0,0,mild,0,4
Football,Thigh/Hamstring,mild,26,93,4,7,12.8,1,0,1,5,0,0,mild,0,5
Kabaddi,Head/Neck,moderate,28,65,1,1,13.2,1,1,2,0,1,2,severe,1,36
Kabaddi,Wrist/Hand,moderate,15,76,5,1,15.6,1,1,2,3,1,1,moderate,1,11
Football,Shoulder,severe,29,71,5,2,25.7,1,1,1,1,2,2,severe,1,70
Athletics,Knee,mild,24,91,3,4,24.2,0,0,3,6,0,0,mild,0,6
Athletics,Ankle/Foot,mild,14,69,5,2,15.6,0,0,3,7,0,0,mild,0,4
Cricket,Wrist/Hand,mild,16,59,10,5,6.9,0,1,0,3,0,0,mild,1,6
Kabaddi,Ankle/Foot,mild,15,66,1,5,14.9,0,0,2,7,0,0,mild,0,2
Athletics,Knee,moderate,14,60,8,2,15.7,0,0,3,6,1,2,severe,1,94
Wrestling,Elbow/Forearm,moderate,20,64,5,4,17.7,0,1,4,2,1,1,moderate,1,7
Kabaddi,Thigh/Hamstring,severe,22,63,6,3,15.2,0,0,2,5,2,2,severe,1,30
Kabaddi,Chest/Back,moderate,28,70,2,4,16.8,0,1,2,4,1,1,moderate,1,8
Badminton,Shoulder,mild,15,58,3,7,6.9,0,0,5,1,0,0,mild,0,5
Athletics,Thigh/Hamstring,severe,14,85,4,6,18.1,1,0,3,5,2,2,severe,1,25
Football,Ankle/Foot,severe,14,68,5,6,15.0,1,0,1,7,2,2,severe,0,25
Athletics,Thigh/Hamstring,severe,22,68,10,5,21.8,0,0,3,5,2,2,severe,0,16
Cricket,Knee,severe,25,61,8,4,16.5,0,0,0,6,2,2,severe,1,50
Football,Knee,moderate,17,45,1,4,15.0,0,1,1,6,1,1,moderate,1,14
Badminton,Ankle/Foot,moderate,20,71,5,3,21.4,0,0,5,7,1,1,moderate,0,5
Badminton,Shoulder,moderate,17,78,2,3,17.4,0,1,5,1,1,1,moderate,0,15
Football,Shoulder,severe,17,53,4,4,14.2,0,1,1,1,2,2,severe,1,43
Wrestling,Knee,mild,26,62,1,3,8.1,0,0,4,6,0,0,mild,0,4
Kabaddi,Wrist/Hand,mild,16,49,8,3,32.0,0,0,2,3,0,1,moderate,1,12
Wrestling,Knee,severe,15,80,1,5,19.4,1,0,4,6,2,2,severe,1,48
Badminton,Thigh/Hamstring,mild,25,62,8,1,16.0,0,1,5,5,0,1,moderate,0,7
Athletics,Head/Neck,severe,24,84,5,5,19.3,0,1,3,0,2,1,moderate,1,34
Badminton,Thigh/Hamstring,mild,18,70,6,1,15.3,1,0,5,5,0,0,mild,0,4
Badminton,Ankle/Foot,mild,26,68,10,2,15.8,1,1,5,7,0,1,moderate,0,6
Badminton,Ankle/Foot,mild,28,85,6,3,17.5,0,1,5,7,0,0,mild,0,2
Badminton,Ankle/Foot,mild,19,73,2,1,17.4,0,0,5,7,0,0,mild,0,5
Athletics,Thigh/Hamstring,moderate,18,70,5,2,9.1,0,0,3,5,1,1,moderate,0,8
Cricket,Elbow/Forearm,moderate,15,80,6,5,11.1,0,0,0,2,1,2,severe,0,13
Athletics,Elbow/Forearm,mild,14,76,4,5,17.3,1,1,3,2,0,1,moderate,1,9
Cricket,Wrist/Hand,severe,14,63,2,1,10.9,0,0,0,3,2,2,severe,1,60
Cricket,Head/Neck,moderate,14,75,7,3,11.8,1,0,0,0,1,2,severe,1,18
Cricket,Wrist/Hand,mild,24,70,6,2,12.0,1,1,0,3,0,1,moderate,0,14
Athletics,Shoulder,moderate,14,76,7,3,25.2,0,0,3,1,1,1,moderate,1,13
Kabaddi,Head/Neck,mild,20,74,2,2,21.6,1,0,2,0,0,0,mild,1,3
Wrestling,Shoulder,severe,19,80,8,3,20.2,0,1,4,1,2,2,severe,1,81
Kabaddi,Elbow/Forearm,moderate,23,60,7,5,17.8,0,1,2,2,1,1,moderate,1,13
Cricket,Shoulder,moderate,22,66,3,5,23.2,1,0,0,1,1,1,moderate,0,13
Athletics,Thigh/Hamstring,severe,14,85,2,4,14.3,1,1,3,5,2,2,severe,1,19
Football,Ankle/Foot,mild,20,69,1,5,13.4,1,1,1,7,0,1,moderate,1,12
Athletics,Thigh/Hamstring,moderate,14,69,4,4,15.9,0,0,3,5,1,1,moderate,0,14
Football,Elbow/Forearm,mild,14,59,4,5,15.6,0,0,1,2,0,0,mild,1,3
Kabaddi,Knee,mild,31,58,5,1,15.4,1,0,2,6,0,0,mild,0,7
Cricket,Elbow/Forearm,severe,23,71,5,3,9.4,0,0,0,2,2,2,severe,0,38
Football,Knee,moderate,17,51,2,5,17.2,0,0,1,6,1,1,moderate,0,21
Badminton,Wrist/Hand,mild,28,72,3,2,23.9,0,0,5,3,0,0,mild,0,3
Badminton,Knee,mild,18,62,1,4,7.6,1,0,5,6,0,0,mild,0,5
Football,Thigh/Hamstring,mild,21,81,6,3,26.3,0,0,1,5,0,0,mild,0,3
Football,Thigh/Hamstring,mild,14,90,5,6,11.3,1,1,1,5,0,0,mild,0,2
Cricket,Thigh/Hamstring,severe,17,61,5,5,19.1,1,1,0,5,2,2,severe,1,35
Athletics,Knee,moderate,19,65,2,4,13.8,1,0,3,6,1,1,moderate,1,11
Football,Ankle/Foot,moderate,21,65,9,3,9.9,0,1,1,7,1,1,moderate,1,9
Cricket,Shoulder,mild,18,82,2,4,12.6,1,0,0,1,0,2,severe,0,14
Football,Ankle/Foot,severe,15,60,2,5,11.7,0,0,1,7,2,2,severe,1,21
Football,Thigh/Hamstring,moderate,27,68,5,4,14.4,1,0,1,5,1,1,moderate,0,12
Cricket,Ankle/Foot,mild,16,60,6,3,27.1,1,0,0,7,0,0,mild,0,1
Badminton,Knee,mild,14,78,2,5,11.4,1,0,5,6,0,1,moderate,1,28
Football,Thigh/Hamstring,mild,19,68,9,2,22.0,1,0,1,5,0,1,moderate,0,13
Athletics,Knee,mild,28,64,6,5,18.9,1,0,3,6,0,0,mild,0,7
Football,Knee,mild,25,79,7,3,15.2,1,0,1,6,0,0,mild,0,6
Cricket,Ankle/Foot,mild,19,64,3,3,13.5,0,0,0,7,0,0,mild,0,5
Athletics,Ankle/Foot,mild,14,58,2,4,11.7,0,0,3,7,0,0,mild,0,4
Kabaddi,Chest/Back,mild,21,68,9,4,21.9,1,1,2,4,0,1,moderate,1,20
Wrestling,Wrist/Hand,moderate,20,61,8,3,16.5,1,0,4,3,1,1,moderate,1,11
Badminton,Knee,severe,27,67,9,1,13.9,1,0,5,6,2,2,severe,1,48
Kabaddi,Ankle/Foot,moderate,19,72,5,2,5.0,1,0,2,7,1,1,moderate,1,5
Football,Head/Neck,mild,22,78,7,5,13.5,0,0,1,0,0,0,mild,1,2
Cricket,Wrist/Hand,moderate,27,48,9,4,13.8,1,1,0,3,1,1,moderate,1,5
Football,Thigh/Hamstring,mild,25,75,7,6,16.9,0,1,1,5,0,0,mild,0,4
Athletics,Knee,mild,17,74,5,3,15.9,0,1,3,6,0,0,mild,0,4
Cricket,Chest/Back,severe,15,58,6,3,22.0,0,0,0,4,2,2,severe,1,75
Football,Ankle/Foot,severe,14,89,7,4,12.1,0,1,1,7,2,2,severe,0,24
Athletics,Ankle/Foot,moderate,14,63,5,2,19.5,1,0,3,7,1,1,moderate,0,9
Athletics,Elbow/Forearm,moderate,25,70,5,1,17.2,0,1,3,2,1,1,moderate,0,14
Cricket,Ankle/Foot,mild,14,51,1,3,19.6,0,1,0,7,0,0,mild,0,5
Football,Knee,mild,14,56,7,5,21.5,0,0,1,6,0,0,mild,0,5
Athletics,Ankle/Foot,moderate,19,73,1,2,16.5,0,1,3,7,1,1,moderate,1,14
Wrestling,Head/Neck,mild,21,77,5,0,18.8,0,0,4,0,0,0,mild,0,1
Athletics,Thigh/Hamstring,moderate,18,74,4,3,20.5,0,0,3,5,1,1,moderate,1,13
Wrestling,Shoulder,mild,19,90,2,3,18.6,1,1,4,1,0,1,moderate,0,16
Cricket,Knee,mild,31,70,6,6,11.6,1,1,0,6,0,0,mild,1,7
Football,Thigh/Hamstring,mild,14,94,1,3,11.8,0,1,1,5,0,0,mild,0,4
Kabaddi,Thigh/Hamstring,moderate,15,69,1,1,17.2,0,1,2,5,1,0,mild,1,8
Cricket,Elbow/Forearm,severe,28,71,4,2,9.7,0,1,0,2,2,2,severe,1,39
Cricket,Knee,moderate,14,73,5,3,5.8,1,0,0,6,1,1,moderate,0,28
Kabaddi,Thigh/Hamstring,moderate,23,63,3,5,16.8,0,1,2,5,1,1,moderate,1,5
Football,Knee,moderate,27,81,4,3,18.9,1,0,1,6,1,1,moderate,1,25
Badminton,Knee,moderate,28,63,3,2,19.9,0,1,5,6,1,1,moderate,1,23
Kabaddi,Chest/Back,moderate,22,59,7,5,10.2,0,1,2,4,1,1,moderate,1,21
Badminton,Ankle/Foot,mild,26,61,2,4,19.1,1,1,5,7,0,1,moderate,0,6
Badminton,Thigh/Hamstring,mild,22,54,6,5,16.9,1,0,5,5,0,0,mild,0,2
Cricket,Head/Neck,mild,15,67,6,5,16.4,0,0,0,0,0,0,mild,0,2
Athletics,Thigh/Hamstring,mild,23,61,2,4,10.1,0,1,3,5,0,0,mild,0,4
Badminton,Chest/Back,moderate,14,79,8,6,11.3,1,1,5,4,1,2,severe,1,25
Athletics,Ankle/Foot,mild,21,86,1,4,17.2,0,0,3,7,0,0,mild,0,4
Athletics,Shoulder,mild,22,59,4,4,25.3,0,1,3,1,0,0,mild,0,4
Football,Ankle/Foot,mild,16,57,4,6,15.7,1,1,1,7,0,0,mild,1,2
Wrestling,Head/Neck,mild,24,73,3,4,25.9,0,0,4,0,0,0,mild,1,2
Badminton,Shoulder,mild,22,64,1,4,12.8,0,1,5,1,0,0,mild,0,3
Cricket,Elbow/Forearm,moderate,20,78,7,3,16.9,0,1,0,2,1,1,moderate,1,8
Athletics,Head/Neck,mild,26,55,6,3,17.1,1,1,3,0,0,0,mild,1,3
Cricket,Ankle/Foot,severe,17,67,6,2,19.3,1,1,0,7,2,2,severe,1,39
Badminton,Elbow/Forearm,mild,21,61,5,1,18.7,0,0,5,2,0,0,mild,0,3
Athletics,Head/Neck,mild,19,64,5,2,17.1,1,0,3,0,0,1,moderate,1,6
Cricket,Ankle/Foot,mild,14,84,4,2,21.2,1,1,0,7,0,0,mild,0,4
Badminton,Head/Neck,mild,22,66,8,6,15.3,1,1,5,0,0,2,severe,1,59
Wrestling,Ankle/Foot,severe,21,78,2,3,18.9,0,0,4,7,2,2,severe,1,31
Cricket,Wrist/Hand,severe,14,49,4,2,14.6,0,1,0,3,2,2,severe,1,14
Kabaddi,Ankle/Foot,moderate,18,66,6,4,13.9,0,1,2,7,1,1,moderate,1,14
Cricket,Elbow/Forearm,mild,16,83,7,2,19.1,0,0,0,2,0,0,mild,0,3
Kabaddi,Thigh/Hamstring,mild,18,55,4,2,13.0,0,0,2,5,0,0,mild,0,3
Kabaddi,Chest/Back,moderate,22,85,2,5,15.4,0,1,2,4,1,1,moderate,1,21
Football,Head/Neck,moderate,19,92,2,4,13.0,1,0,1,0,1,2,severe,1,52
Football,Knee,severe,18,79,5,5,5.0,1,0,1,6,2,2,severe,1,97
Cricket,Elbow/Forearm,mild,20,74,7,4,13.1,0,0,0,2,0,0,mild,0,4
Badminton,Thigh/Hamstring,severe,26,69,3,3,9.1,0,1,5,5,2,2,severe,1,36
Cricket,Head/Neck,mild,19,69,5,3,20.8,1,0,0,0,0,1,moderate,1,7
Badminton,Wrist/Hand,mild,16,45,4,3,14.7,0,1,5,3,0,0,mild,0,4
Wrestling,Ankle/Foot,mild,20,52,3,7,9.7,1,0,4,7,0,0,mild,0,4
Cricket,Chest/Back,mild,14,76,9,3,11.4,1,0,0,4,0,0,mild,0,3
Kabaddi,Knee,severe,25,79,5,2,20.0,0,0,2,6,2,2,severe,1,58
Wrestling,Elbow/Forearm,severe,26,63,10,6,19.5,1,1,4,2,2,2,severe,1,56
Athletics,Wrist/Hand,mild,18,58,4,3,19.3,0,0,3,3,0,0,mild,1,2
Cricket,Knee,moderate,27,59,1,6,18.2,1,0,0,6,1,2,severe,1,63
Athletics,Thigh/Hamstring,moderate,24,50,2,4,8.3,0,1,3,5,1,1,moderate,1,10
Athletics,Knee,mild,18,56,10,4,16.9,0,0,3,6,0,1,moderate,1,27
Kabaddi,Ankle/Foot,mild,18,70,7,5,18.5,0,0,2,7,0,0,mild,0,5
Athletics,Knee,moderate,19,69,4,5,22.6,1,0,3,6,1,1,moderate,1,12
Kabaddi,Shoulder,mild,18,69,4,4,22.9,0,1,2,1,0,0,mild,1,3
Football,Knee,moderate,23,70,7,4,17.6,1,1,1,6,1,1,moderate,1,24
Cricket,Shoulder,mild,22,78,4,7,26.7,0,1,0,1,0,0,mild,0,2
Athletics,Ankle/Foot,mild,20,85,4,3,13.6,0,1,3,7,0,0,mild,0,5
Kabaddi,Wrist/Hand,mild,25,70,5,4,18.5,0,1,2,3,0,1,moderate,0,2
Athletics,Thigh/Hamstring,mild,14,72,4,6,19.1,1,0,3,5,0,0,mild,0,5
Football,Shoulder,mild,21,75,6,4,15.3,0,0,1,1,0,0,mild,0,3
Badminton,Wrist/Hand,mild,14,47,7,1,17.2,1,1,5,3,0,0,mild,0,1
Kabaddi,Knee,moderate,24,76,1,5,10.6,0,1,2,6,1,1,moderate,1,22
Kabaddi,Shoulder,mild,21,65,7,1,13.5,0,1,2,1,0,0,mild,0,5
Kabaddi,Ankle/Foot,severe,16,65,5,3,17.2,0,0,2,7,2,2,severe,1,18
Cricket,Chest/Back,severe,19,70,3,0,11.1,0,0,0,4,2,2,severe,1,35
Wrestling,Head/Neck,mild,19,84,1,3,15.1,1,1,4,0,0,0,mild,0,3
Athletics,Thigh/Hamstring,moderate,16,65,2,5,15.9,1,1,3,5,1,1,moderate,0,6
Cricket,Shoulder,severe,25,73,3,1,18.2,1,0,0,1,2,2,severe,1,50
Football,Knee,severe,28,62,8,5,12.7,0,1,1,6,2,2,severe,1,112
Kabaddi,Thigh/Hamstring,severe,14,72,6,3,13.5,0,0,2,5,2,2,severe,0,29
Cricket,Ankle/Foot,mild,29,69,5,2,9.3,1,0,0,7,0,1,moderate,1,5
Cricket,Shoulder,mild,23,64,5,2,13.3,1,0,0,1,0,0,mild,0,2
Badminton,Shoulder,mild,21,80,9,2,21.4,0,1,5,1,0,1,moderate,1,16
Kabaddi,Knee,severe,19,59,7,5,9.9,0,0,2,6,2,2,severe,1,120
Cricket,Shoulder,moderate,17,63,5,1,12.0,0,1,0,1,1,1,moderate,0,12
Badminton,Ankle/Foot,mild,25,64,5,2,12.0,0,1,5,7,0,0,mild,0,2
Badminton,Shoulder,mild,22,76,5,5,17.2,0,1,5,1,0,0,mild,0,4
Football,Ankle/Foot,mild,15,75,4,4,18.4,0,1,1,7,0,0,mild,0,4
Football,Knee,moderate,23,51,6,5,16.1,0,0,1,6,1,1,moderate,0,11
Football,Thigh/Hamstring,moderate,20,63,9,0,6.1,1,1,1,5,1,2,severe,1,30
Wrestling,Elbow/Forearm,mild,21,59,4,3,26.0,1,0,4,2,0,0,mild,0,4
Athletics,Thigh/Hamstring,mild,15,45,4,3,15.1,0,0,3,5,0,0,mild,0,5
Wrestling,Knee,severe,15,68,6,3,14.4,0,0,4,6,2,2,severe,1,50
Wrestling,Chest/Back,severe,18,71,7,4,13.0,1,0,4,4,2,2,severe,1,73
Badminton,Ankle/Foot,moderate,19,63,6,2,14.2,0,1,5,7,1,1,moderate,1,8
Athletics,Ankle/Foot,moderate,14,75,5,3,18.1,1,1,3,7,1,1,moderate,0,8
Kabaddi,Shoulder,mild,14,57,9,4,16.5,0,1,2,1,0,0,mild,0,2
Kabaddi,Chest/Back,mild,18,56,8,4,10.8,0,0,2,4,0,0,mild,0,5
Kabaddi,Knee,severe,18,70,2,1,15.2,0,1,2,6,2,2,severe,1,58
Wrestling,Knee,moderate,25,56,6,4,11.4,0,0,4,6,1,1,moderate,0,12
Football,Chest/Back,mild,18,76,4,4,19.9,0,1,1,4,0,0,mild,0,2
Badminton,Ankle/Foot,moderate,16,68,7,3,17.1,0,0,5,7,1,1,moderate,1,13
Badminton,Knee,severe,16,58,8,2,16.5,0,0,5,6,2,2,severe,1,95
Football,Thigh/Hamstring,severe,14,45,3,0,16.2,0,0,1,5,2,2,severe,0,29
Athletics,Ankle/Foot,severe,23,77,3,3,23.4,0,0,3,7,2,2,severe,0,16
Football,Knee,moderate,23,62,3,5,9.3,0,0,1,6,1,1,moderate,1,20
Badminton,Wrist/Hand,severe,14,72,4,3,11.3,1,1,5,3,2,2,severe,1,20
Cricket,Thigh/Hamstring,mild,28,45,2,5,14.8,1,0,0,5,0,1,moderate,0,14
Wrestling,Wrist/Hand,moderate,14,76,6,3,8.0,1,1,4,3,1,1,moderate,0,10
Football,Shoulder,severe,18,53,6,4,15.2,0,0,1,1,2,2,severe,1,89
Wrestling,Knee,moderate,19,56,2,5,19.0,0,0,4,6,1,1,moderate,1,19
Cricket,Shoulder,moderate,21,75,6,2,22.2,0,0,0,1,1,1,moderate,0,14
Cricket,Knee,mild,22,50,1,4,10.6,0,0,0,6,0,0,mild,0,5
Wrestling,Shoulder,mild,16,58,5,2,27.1,0,1,4,1,0,0,mild,0,2
Kabaddi,Knee,mild,17,49,2,3,15.1,0,0,2,6,0,0,mild,0,4
Badminton,Head/Neck,moderate,16,49,5,5,8.1,0,0,5,0,1,2,severe,1,51
Wrestling,Chest/Back,severe,18,60,7,4,17.5,1,0,4,4,2,2,severe,1,24
Kabaddi,Thigh/Hamstring,moderate,14,97,6,5,14.8,0,0,2,5,1,1,moderate,0,13
Wrestling,Shoulder,mild,14,73,5,4,13.7,1,0,4,1,0,1,moderate,0,14
Football,Chest/Back,moderate,22,74,2,4,17.6,0,1,1,4,1,1,moderate,0,9
Athletics,Chest/Back,severe,15,92,10,3,15.7,1,1,3,4,2,2,severe,1,28
Badminton,Ankle/Foot,moderate,14,75,3,2,12.7,1,1,5,7,1,1,moderate,1,8
Wrestling,Head/Neck,severe,18,76,4,3,19.5,0,0,4,0,2,2,severe,1,45
Kabaddi,Ankle/Foot,moderate,23,76,1,3,16.4,0,0,2,7,1,1,moderate,1,7
Football,Ankle/Foot,moderate,17,83,4,3,16.9,0,1,1,7,1,1,moderate,1,12
Kabaddi,Knee,moderate,21,73,7,4,18.4,1,0,2,6,1,1,moderate,0,16
Badminton,Chest/Back,mild,26,73,2,1,20.3,0,0,5,4,0,0,mild,0,5
Wrestling,Shoulder,moderate,21,98,4,3,12.0,0,0,4,1,1,1,moderate,1,17
Wrestling,Knee,moderate,15,46,5,4,14.5,0,1,4,6,1,2,severe,1,19
Football,Ankle/Foot,mild,19,67,6,2,17.9,0,0,1,7,0,0,mild,0,2
Kabaddi,Wrist/Hand,mild,22,56,4,5,15.7,0,1,2,3,0,0,mild,0,1
Cricket,Wrist/Hand,moderate,20,84,4,4,13.5,1,1,0,3,1,1,moderate,0,5
Badminton,Thigh/Hamstring,mild,22,68,1,3,23.5,0,0,5,5,0,0,mild,0,5
Kabaddi,Ankle/Foot,moderate,19,69,3,4,14.5,0,1,2,7,1,1,moderate,0,9
Kabaddi,Ankle/Foot,mild,20,75,7,6,14.8,1,0,2,7,0,0,mild,0,4
Cricket,Shoulder,mild,18,74,4,5,10.3,0,0,0,1,0,0,mild,0,4
Athletics,Elbow/Forearm,severe,27,74,9,7,9.2,0,1,3,2,2,2,severe,1,25
Athletics,Shoulder,mild,20,48,6,1,7.9,1,1,3,1,0,0,mild,0,3
Athletics,Thigh/Hamstring,moderate,19,72,4,2,27.5,0,0,3,5,1,1,moderate,1,12
Wrestling,Wrist/Hand,moderate,14,48,5,3,19.1,1,1,4,3,1,1,moderate,1,6
Football,Ankle/Foot,moderate,14,68,2,4,15.5,0,0,1,7,1,1,moderate,0,8
Cricket,Elbow/Forearm,mild,17,58,3,3,8.3,0,1,0,2,0,0,mild,0,2
Cricket,Shoulder,mild,26,75,9,1,14.6,1,1,0,1,0,1,moderate,1,21
Athletics,Thigh/Hamstring,mild,27,54,8,3,9.7,1,1,3,5,0,0,mild,0,5
Cricket,Elbow/Forearm,severe,20,63,8,4,25.5,0,1,0,2,2,2,severe,1,40
Athletics,Knee,mild,20,74,10,4,18.4,0,1,3,6,0,1,moderate,1,25
Badminton,Knee,severe,21,69,5,3,16.3,1,0,5,6,2,2,severe,1,107
Football,Knee,mild,14,77,5,3,5.6,0,1,1,6,0,0,mild,0,6
Athletics,Knee,moderate,17,61,3,4,25.0,1,1,3,6,1,2,severe,0,24
Badminton,Ankle/Foot,mild,24,71,6,6,23.0,1,0,5,7,0,0,mild,0,5
Cricket,Elbow/Forearm,moderate,19,81,3,2,25.8,0,0,0,2,1,1,moderate,0,7
Athletics,Thigh/Hamstring,mild,21,77,2,3,20.1,0,0,3,5,0,0,mild,0,4
Athletics,Thigh/Hamstring,severe,23,92,1,3,12.1,0,1,3,5,2,2,severe,1,39
Badminton,Elbow/Forearm,mild,18,76,6,2,11.8,1,0,5,2,0,0,mild,0,5
Cricket,Shoulder,moderate,16,65,4,7,19.3,1,0,0,1,1,1,moderate,0,9
Cricket,Knee,mild,23,82,3,7,10.8,0,0,0,6,0,0,mild,0,5
Athletics,Ankle/Foot,severe,21,62,8,4,20.3,0,0,3,7,2,2,severe,1,37
Kabaddi,Knee,moderate,26,55,3,5,14.8,0,0,2,6,1,1,moderate,1,20
Football,Ankle/Foot,mild,17,64,4,3,18.7,0,1,1,7,0,0,mild,0,4
Football,Ankle/Foot,mild,28,53,4,4,11.1,0,1,1,7,0,0,mild,0,5
Athletics,Thigh/Hamstring,severe,15,58,8,4,22.0,1,0,3,5,2,2,severe,1,33
Wrestling,Shoulder,moderate,26,66,5,1,15.6,0,0,4,1,1,1,moderate,1,10
Badminton,Knee,moderate,15,80,6,5,13.0,1,0,5,6,1,1,moderate,1,24
Wrestling,Elbow/Forearm,moderate,27,72,7,2,19.4,0,1,4,2,1,1,moderate,0,13
Football,Thigh/Hamstring,severe,18,61,4,2,17.4,1,0,1,5,2,2,severe,1,31
Wrestling,Elbow/Forearm,moderate,17,66,9,4,13.3,0,1,4,2,1,1,moderate,1,14
Athletics,Knee,mild,15,68,5,5,16.0,1,1,3,6,0,0,mild,1,3
Kabaddi,Knee,severe,17,55,3,5,8.6,1,1,2,6,2,2,severe,1,95
Badminton,Knee,moderate,27,72,6,0,16.3,0,1,5,6,1,1,moderate,0,12
Wrestling,Chest/Back,moderate,19,79,6,5,14.4,1,1,4,4,1,1,moderate,1,9
Wrestling,Shoulder,severe,14,85,2,2,24.9,1,0,4,1,2,2,severe,1,83
Athletics,Thigh/Hamstring,severe,26,53,4,4,16.4,0,0,3,5,2,1,moderate,0,33
Football,Knee,mild,19,65,7,5,18.1,0,0,1,6,0,0,mild,0,7
Badminton,Shoulder,severe,20,75,3,2,8.7,0,1,5,1,2,2,severe,1,46
Badminton,Knee,moderate,17,75,4,0,7.8,0,1,5,6,1,1,moderate,1,14
Kabaddi,Elbow/Forearm,severe,23,53,3,6,9.3,1,1,2,2,2,2,severe,1,35
Cricket,Shoulder,moderate,15,64,2,3,21.1,0,0,0,1,1,1,moderate,0,8
Wrestling,Knee,mild,14,85,1,4,14.6,0,0,4,6,0,0,mild,0,7
Athletics,Head/Neck,mild,14,69,7,3,19.0,0,1,3,0,0,0,mild,0,3
Badminton,Elbow/Forearm,moderate,17,86,3,5,16.6,0,1,5,2,1,1,moderate,0,5
Athletics,Thigh/Hamstring,mild,19,74,8,5,19.7,0,1,3,5,0,0,mild,0,3
Wrestling,Wrist/Hand,moderate,23,63,4,3,18.1,1,0,4,3,1,1,moderate,1,10
Cricket,Chest/Back,moderate,14,46,4,5,17.9,1,1,0,4,1,1,moderate,1,15
Cricket,Wrist/Hand,severe,18,85,9,4,19.0,0,0,0,3,2,2,severe,0,23
Kabaddi,Elbow/Forearm,mild,16,77,4,5,21.5,0,0,2,2,0,0,mild,0,2
Badminton,Shoulder,moderate,26,45,2,5,5.0,0,0,5,1,1,1,moderate,0,13
Cricket,Shoulder,mild,26,52,6,6,11.0,1,1,0,1,0,0,mild,1,3
Wrestling,Wrist/Hand,moderate,15,76,9,4,9.8,1,1,4,3,1,2,severe,1,20
Cricket,Elbow/Forearm,severe,17,74,9,3,20.0,0,1,0,2,2,2,severe,1,48
Badminton,Ankle/Foot,moderate,20,58,6,3,16.7,1,0,5,7,1,1,moderate,1,11
Kabaddi,Elbow/Forearm,mild,18,75,4,3,12.0,1,0,2,2,0,1,moderate,1,6
Kabaddi,Ankle/Foot,severe,20,100,3,5,18.6,0,1,2,7,2,2,severe,1,35
Badminton,Elbow/Forearm,severe,21,52,8,5,21.0,1,0,5,2,2,2,severe,1,40
Football,Knee,severe,22,80,5,4,17.6,0,1,1,6,2,2,severe,1,93
Athletics,Chest/Back,mild,21,59,4,1,20.4,1,1,3,4,0,0,mild,0,4
Badminton,Shoulder,moderate,15,90,2,6,11.2,1,0,5,1,1,1,moderate,0,16
Football,Ankle/Foot,severe,14,76,4,2,18.3,0,1,1,7,2,2,severe,1,39
Athletics,Chest/Back,moderate,14,82,1,5,26.3,0,0,3,4,1,1,moderate,1,15
Kabaddi,Head/Neck,moderate,24,54,3,2,14.2,1,0,2,0,1,2,severe,1,27
Football,Knee,moderate,23,52,3,2,13.7,1,0,1,6,1,1,moderate,0,18
Athletics,Thigh/Hamstring,severe,15,45,6,4,12.7,0,0,3,5,2,2,severe,1,23
Wrestling,Shoulder,mild,18,73,1,3,16.6,1,0,4,1,0,1,moderate,1,8
Football,Shoulder,mild,23,65,4,5,20.5,0,1,1,1,0,1,moderate,0,4
Cricket,Chest/Back,moderate,14,58,4,4,13.2,0,0,0,4,1,1,moderate,0,7
Kabaddi,Shoulder,moderate,17,78,2,3,7.5,1,0,2,1,1,1,moderate,0,15
Athletics,Knee,mild,21,80,10,3,12.7,1,1,3,6,0,1,moderate,1,22
Cricket,Elbow/Forearm,moderate,24,73,7,5,20.4,1,1,0,2,1,1,moderate,0,10
Athletics,Thigh/Hamstring,severe,30,80,5,3,18.7,1,0,3,5,2,2,severe,1,27
Wrestling,Wrist/Hand,mild,17,80,5,2,16.0,0,0,4,3,0,0,mild,0,1
Kabaddi,Thigh/Hamstring,moderate,20,57,5,4,6.3,1,0,2,5,1,1,moderate,1,11
Kabaddi,Knee,mild,21,80,4,2,10.8,1,1,2,6,0,1,moderate,0,18
Wrestling,Chest/Back,mild,23,62,1,3,17.6,1,1,4,4,0,0,mild,0,2
Football,Thigh/Hamstring,moderate,29,57,3,1,14.6,0,0,1,5,1,1,moderate,0,6
Kabaddi,Chest/Back,moderate,20,53,8,4,10.0,0,0,2,4,1,2,severe,1,58
Badminton,Knee,severe,19,62,3,3,11.1,1,1,5,6,2,2,severe,1,75
Badminton,Knee,severe,22,62,2,4,10.1,0,1,5,6,2,2,severe,1,65
Football,Ankle/Foot,severe,14,50,8,3,16.3,0,0,1,7,2,2,severe,1,15
Kabaddi,Thigh/Hamstring,moderate,18,69,2,2,22.5,1,0,2,5,1,1,moderate,1,10
Kabaddi,Shoulder,mild,16,57,2,4,18.1,0,1,2,1,0,0,mild,0,2
Kabaddi,Shoulder,mild,15,56,5,3,8.9,0,0,2,1,0,0,mild,0,2
Kabaddi,Thigh/Hamstring,severe,18,75,6,1,15.2,1,0,2,5,2,2,severe,1,32
Athletics,Knee,mild,26,65,7,4,18.2,1,1,3,6,0,0,mild,0,3
Badminton,Chest/Back,severe,14,73,3,2,10.4,0,0,5,4,2,2,severe,1,65
Wrestling,Wrist/Hand,moderate,23,50,2,2,18.0,0,0,4,3,1,1,moderate,1,14
Kabaddi,Thigh/Hamstring,moderate,20,66,10,1,22.4,0,0,2,5,1,2,severe,1,23
Kabaddi,Wrist/Hand,moderate,23,45,4,5,22.5,0,1,2,3,1,1,moderate,1,5
Kabaddi,Ankle/Foot,moderate,21,88,3,5,19.8,0,0,2,7,1,1,moderate,0,5
Badminton,Ankle/Foot,mild,14,83,1,3,16.7,0,1,5,7,0,0,mild,0,5
Football,Wrist/Hand,severe,20,89,4,6,11.4,1,1,1,3,2,2,severe,1,23
Wrestling,Elbow/Forearm,mild,24,59,7,2,14.4,0,1,4,2,0,0,mild,0,3
Football,Head/Neck,moderate,19,45,7,2,13.4,0,0,1,0,1,2,severe,1,21
Kabaddi,Ankle/Foot,mild,14,83,1,3,18.2,0,0,2,7,0,0,mild,0,5
Athletics,Chest/Back,moderate,17,54,6,5,13.7,0,0,3,4,1,1,moderate,1,20
Wrestling,Chest/Back,mild,22,68,1,4,15.0,0,1,4,4,0,0,mild,0,4
Badminton,Shoulder,moderate,16,70,9,4,14.9,1,0,5,1,1,2,severe,1,38
Wrestling,Knee,mild,21,84,3,2,20.1,0,1,4,6,0,0,mild,0,7
Badminton,Thigh/Hamstring,mild,21,73,2,3,13.8,0,1,5,5,0,0,mild,0,4
Cricket,Knee,moderate,17,66,5,3,8.2,1,1,0,6,1,1,moderate,0,18
Badminton,Thigh/Hamstring,moderate,19,63,4,4,14.5,1,0,5,5,1,1,moderate,0,11
Football,Chest/Back,severe,24,80,4,5,10.6,0,0,1,4,2,2,severe,1,87
Badminton,Knee,mild,21,60,6,4,24.4,1,1,5,6,0,1,moderate,1,23
Badminton,Thigh/Hamstring,mild,26,45,8,1,14.1,0,0,5,5,0,0,mild,0,4
Kabaddi,Shoulder,moderate,24,52,7,6,24.4,1,0,2,1,1,1,moderate,1,10
Athletics,Shoulder,moderate,14,62,1,0,10.5,0,1,3,1,1,1,moderate,1,9
Badminton,Elbow/Forearm,severe,15,70,6,4,19.5,0,1,5,2,2,2,severe,1,41
Cricket,Knee,mild,18,83,5,3,14.4,1,0,0,6,0,0,mild,0,4
Cricket,Wrist/Hand,mild,27,45,5,5,11.7,0,0,0,3,0,0,mild,0,1
Kabaddi,Shoulder,severe,16,77,10,5,23.9,0,0,2,1,2,2,severe,1,43
Football,Knee,mild,23,48,10,6,20.3,0,1,1,6,0,2,severe,1,71
Athletics,Wrist/Hand,severe,17,48,5,4,15.0,0,0,3,3,2,2,severe,0,27
Athletics,Thigh/Hamstring,severe,20,73,7,3,16.2,0,1,3,5,2,2,severe,1,36
Football,Head/Neck,moderate,26,81,4,0,12.1,0,0,1,0,1,2,severe,1,44
Badminton,Chest/Back,mild,15,59,7,5,16.7,0,0,5,4,0,0,mild,0,2
Cricket,Shoulder,mild,15,64,6,2,12.3,1,1,0,1,0,0,mild,0,5
Football,Thigh/Hamstring,mild,15,76,3,4,17.2,1,1,1,5,0,0,mild,0,2
Cricket,Shoulder,mild,19,65,2,4,11.3,0,0,0,1,0,0,mild,0,4
Athletics,Ankle/Foot,severe,25,78,2,2,6.9,1,1,3,7,2,2,severe,1,29
Athletics,Thigh/Hamstring,moderate,23,74,6,1,11.9,0,0,3,5,1,1,moderate,1,11
Badminton,Ankle/Foot,mild,24,68,2,2,17.6,1,1,5,7,0,2,severe,0,10
Wrestling,Shoulder,moderate,16,51,2,2,12.4,0,1,4,1,1,1,moderate,0,17
Badminton,Wrist/Hand,mild,14,73,7,2,16.5,0,0,5,3,0,0,mild,0,3
Kabaddi,Ankle/Foot,mild,17,56,2,4,14.7,1,1,2,7,0,1,moderate,0,10
Wrestling,Wrist/Hand,mild,19,65,8,2,16.3,0,1,4,3,0,0,mild,1,11
Kabaddi,Wrist/Hand,moderate,16,68,8,6,19.3,0,1,2,3,1,2,severe,1,37
Wrestling,Wrist/Hand,mild,20,54,3,3,14.0,0,1,4,3,0,0,mild,0,1
Badminton,Chest/Back,mild,29,60,6,6,8.4,1,1,5,4,0,1,moderate,1,10
Athletics,Ankle/Foot,mild,14,55,6,3,12.8,0,0,3,7,0,0,mild,0,3
Athletics,Thigh/Hamstring,mild,23,76,10,4,26.6,1,1,3,5,0,1,moderate,1,7
Football,Knee,mild,30,62,4,3,21.5,0,0,1,6,0,0,mild,0,5
Wrestling,Shoulder,mild,23,71,5,3,13.6,1,1,4,1,0,1,moderate,1,8
Badminton,Thigh/Hamstring,mild,20,82,6,3,18.8,1,0,5,5,0,1,moderate,0,8
Badminton,Ankle/Foot,moderate,17,87,5,2,8.4,0,1,5,7,1,1,moderate,1,6
Cricket,Ankle/Foot,mild,20,54,1,5,16.3,0,1,0,7,0,0,mild,0,3
Cricket,Thigh/Hamstring,mild,21,73,4,2,19.9,0,1,0,5,0,0,mild,0,3
Badminton,Knee,mild,19,58,7,4,15.1,0,0,5,6,0,0,mild,0,4
Cricket,Ankle/Foot,moderate,16,82,3,4,17.9,0,1,0,7,1,1,moderate,0,10
Football,Knee,moderate,14,69,8,4,18.1,0,0,1,6,1,2,severe,1,103
Cricket,Elbow/Forearm,moderate,14,90,6,5,18.4,1,0,0,2,1,1,moderate,0,9
Badminton,Shoulder,moderate,17,54,4,5,23.3,0,0,5,1,1,1,moderate,1,17
Badminton,Knee,severe,17,52,6,4,17.1,0,1,5,6,2,2,severe,1,52
Cricket,Knee,moderate,21,63,2,2,22.5,1,0,0,6,1,1,moderate,1,12
Kabaddi,Knee,mild,14,45,1,2,7.2,0,0,2,6,0,0,mild,0,4
Football,Thigh/Hamstring,moderate,16,70,3,2,10.1,1,1,1,5,1,1,moderate,0,5
Wrestling,Ankle/Foot,mild,27,68,4,7,13.7,1,0,4,7,0,1,moderate,0,7
Athletics,Ankle/Foot,mild,22,71,4,4,9.5,0,1,3,7,0,1,moderate,0,5
Football,Head/Neck,moderate,20,61,7,2,8.3,0,0,1,0,1,2,severe,1,37
Football,Knee,moderate,16,61,9,3,18.9,1,1,1,6,1,2,severe,1,69
Cricket,Wrist/Hand,moderate,20,73,9,4,19.1,0,1,0,3,1,1,moderate,1,19
Cricket,Wrist/Hand,mild,24,51,3,2,15.7,0,0,0,3,0,0,mild,0,1
Badminton,Knee,mild,16,85,1,6,10.3,0,0,5,6,0,0,mild,1,7
Football,Ankle/Foot,severe,20,87,2,2,10.9,0,1,1,7,2,2,severe,1,37
Kabaddi,Shoulder,mild,18,83,2,1,27.8,0,0,2,1,0,0,mild,0,2
Football,Elbow/Forearm,severe,23,67,5,3,18.4,1,0,1,2,2,2,severe,1,41
Kabaddi,Head/Neck,mild,24,67,3,1,14.6,0,1,2,0,0,0,mild,0,3
Badminton,Knee,severe,20,54,4,4,12.7,0,0,5,6,2,2,severe,1,49
Cricket,Shoulder,mild,23,60,4,6,15.8,1,1,0,1,0,1,moderate,0,20
Badminton,Knee,mild,17,63,5,4,11.7,1,1,5,6,0,0,mild,0,4
Athletics,Elbow/Forearm,mild,15,75,4,2,14.7,1,1,3,2,0,1,moderate,1,5
Badminton,Knee,severe,24,72,9,5,19.8,0,0,5,6,2,2,severe,1,66
Football,Knee,mild,14,66,5,2,16.2,0,0,1,6,0,0,mild,0,6
Athletics,Thigh/Hamstring,mild,19,57,2,4,15.1,0,0,3,5,0,0,mild,0,5
Athletics,Chest/Back,moderate,24,65,6,3,12.0,0,0,3,4,1,1,moderate,0,9
Football,Knee,moderate,18,75,1,4,13.2,1,1,1,6,1,1,moderate,1,20
Cricket,Chest/Back,severe,17,79,5,6,21.1,0,0,0,4,2,2,severe,1,33
Cricket,Elbow/Forearm,moderate,23,58,6,4,12.0,1,0,0,2,1,1,moderate,0,10
Wrestling,Head/Neck,mild,22,67,1,4,16.6,0,0,4,0,0,0,mild,0,1
Athletics,Chest/Back,moderate,16,91,6,5,21.9,1,1,3,4,1,1,moderate,0,20
Badminton,Thigh/Hamstring,moderate,29,62,7,5,27.7,0,0,5,5,1,1,moderate,0,5
Football,Thigh/Hamstring,moderate,20,74,1,3,9.6,1,1,1,5,1,1,moderate,1,6
Athletics,Ankle/Foot,mild,18,57,1,3,11.7,0,1,3,7,0,1,moderate,0,2
Cricket,Thigh/Hamstring,moderate,21,81,6,4,19.9,1,1,0,5,1,1,moderate,0,9
Badminton,Elbow/Forearm,moderate,23,69,9,4,20.6,1,1,5,2,1,1,moderate,0,11
Badminton,Thigh/Hamstring,moderate,25,47,7,2,15.0,0,0,5,5,1,1,moderate,0,7
Badminton,Wrist/Hand,mild,20,70,5,5,9.7,1,0,5,3,0,0,mild,0,3
Athletics,Ankle/Foot,moderate,20,62,4,6,9.3,0,0,3,7,1,1,moderate,0,13
Athletics,Thigh/Hamstring,severe,22,73,7,2,16.8,1,0,3,5,2,2,severe,1,36
Wrestling,Shoulder,moderate,15,69,4,4,9.6,0,0,4,1,1,1,moderate,1,19
Football,Thigh/Hamstring,moderate,26,66,8,3,14.9,0,0,1,5,1,2,severe,0,25
Athletics,Shoulder,mild,18,66,7,5,19.0,0,0,3,1,0,0,mild,0,3
Athletics,Ankle/Foot,mild,18,63,5,5,30.6,0,1,3,7,0,0,mild,0,5
Kabaddi,Knee,mild,18,68,3,3,13.7,0,1,2,6,0,0,mild,0,6
Badminton,Ankle/Foot,severe,22,58,8,3,23.7,1,0,5,7,2,1,moderate,1,37
Athletics,Ankle/Foot,moderate,19,65,6,4,14.3,0,1,3,7,1,1,moderate,1,8
Cricket,Wrist/Hand,mild,21,67,1,4,15.8,0,0,0,3,0,0,mild,0,3
Cricket,Chest/Back,moderate,14,55,10,4,13.7,0,0,0,4,1,2,severe,1,84
Cricket,Shoulder,mild,28,72,2,4,14.1,1,1,0,1,0,0,mild,0,5
Wrestling,Wrist/Hand,severe,21,45,7,5,7.8,1,0,4,3,2,2,severe,1,36
Wrestling,Ankle/Foot,moderate,30,67,3,3,22.3,1,0,4,7,1,1,moderate,0,12
Wrestling,Wrist/Hand,moderate,26,61,5,5,14.9,1,0,4,3,1,1,moderate,1,6
Athletics,Elbow/Forearm,mild,18,65,4,5,14.8,1,0,3,2,0,0,mild,0,4
Cricket,Wrist/Hand,severe,26,67,3,3,18.8,1,1,0,3,2,2,severe,1,19
Kabaddi,Chest/Back,moderate,22,76,10,3,14.7,0,1,2,4,1,2,severe,1,32
Athletics,Chest/Back,mild,18,75,9,5,14.0,1,0,3,4,0,1,moderate,0,15
Athletics,Thigh/Hamstring,moderate,19,60,6,5,24.0,1,1,3,5,1,1,moderate,0,5
Football,Knee,mild,23,77,8,4,21.8,1,0,1,6,0,1,moderate,1,21
Badminton,Chest/Back,mild,22,73,7,2,19.4,0,0,5,4,0,0,mild,0,5
Wrestling,Knee,mild,14,64,3,3,17.5,0,0,4,6,0,0,mild,0,7
Football,Thigh/Hamstring,severe,18,74,3,5,14.7,0,1,1,5,2,2,severe,1,37
Badminton,Wrist/Hand,mild,19,73,5,3,14.3,0,0,5,3,0,0,mild,0,3
Wrestling,Shoulder,mild,14,59,3,2,13.5,0,0,4,1,0,0,mild,1,3
Athletics,Thigh/Hamstring,severe,26,53,1,3,16.5,0,0,3,5,2,2,severe,1,21
Football,Head/Neck,mild,21,54,5,3,10.6,0,1,1,0,0,0,mild,0,1
Athletics,Thigh/Hamstring,moderate,21,81,6,4,18.3,0,0,3,5,1,1,moderate,1,12
Badminton,Elbow/Forearm,moderate,29,45,3,4,17.1,1,0,5,2,1,1,moderate,0,11
Athletics,Ankle/Foot,moderate,21,81,4,0,15.3,0,1,3,7,1,1,moderate,0,14
Wrestling,Shoulder,moderate,19,68,4,5,15.2,0,0,4,1,1,1,moderate,0,19
Wrestling,Head/Neck,moderate,21,49,4,4,18.4,0,0,4,0,1,2,severe,1,17
Athletics,Shoulder,moderate,25,69,5,2,14.5,0,0,3,1,1,1,moderate,0,7
Wrestling,Chest/Back,severe,19,77,8,1,13.5,0,1,4,4,2,2,severe,1,43
Badminton,Elbow/Forearm,moderate,24,60,3,5,18.7,0,1,5,2,1,1,moderate,1,11
Football,Knee,moderate,19,47,1,4,5.7,0,0,1,6,1,1,moderate,1,13
Wrestling,Thigh/Hamstring,moderate,15,59,1,4,10.5,0,0,4,5,1,1,moderate,0,5
Athletics,Ankle/Foot,moderate,14,78,9,2,18.2,0,0,3,7,1,1,moderate,0,8
Badminton,Wrist/Hand,mild,28,87,2,3,19.4,1,0,5,3,0,1,moderate,0,6
Kabaddi,Wrist/Hand,moderate,20,79,2,4,13.5,0,0,2,3,1,1,moderate,1,9
Football,Knee,moderate,14,57,9,3,11.0,1,0,1,6,1,2,severe,1,62
Badminton,Shoulder,severe,18,82,1,5,16.0,1,1,5,1,2,2,severe,1,36
Wrestling,Chest/Back,moderate,23,63,9,2,16.7,1,0,4,4,1,2,severe,1,21
Wrestling,Wrist/Hand,mild,24,75,6,0,17.5,1,1,4,3,0,0,mild,0,2
Wrestling,Head/Neck,moderate,14,77,2,4,5.8,0,0,4,0,1,2,severe,1,20
Badminton,Knee,moderate,14,69,4,5,16.0,1,0,5,6,1,1,moderate,1,11
Football,Thigh/Hamstring,moderate,14,76,5,4,20.5,0,1,1,5,1,1,moderate,1,5
Kabaddi,Thigh/Hamstring,moderate,22,72,5,5,13.5,0,0,2,5,1,1,moderate,0,9
Wrestling,Elbow/Forearm,moderate,19,87,6,1,23.5,0,0,4,2,1,1,moderate,0,12
Badminton,Wrist/Hand,moderate,18,85,2,1,8.7,0,0,5,3,1,1,moderate,1,14
Wrestling,Knee,severe,19,79,5,2,14.1,1,0,4,6,2,2,severe,1,59
Cricket,Knee,mild,18,86,6,5,16.6,0,0,0,6,0,0,mild,0,3
Football,Knee,mild,23,55,6,4,14.4,1,0,1,6,0,0,mild,0,6
Kabaddi,Thigh/Hamstring,mild,21,87,7,2,15.3,0,0,2,5,0,0,mild,1,5
Kabaddi,Thigh/Hamstring,mild,19,57,6,2,20.6,0,1,2,5,0,0,mild,0,3
Cricket,Thigh/Hamstring,mild,14,56,1,5,21.8,0,0,0,5,0,0,mild,0,2
Wrestling,Shoulder,severe,24,61,1,3,21.1,0,1,4,1,2,2,severe,1,90
Cricket,Ankle/Foot,moderate,17,70,10,3,19.3,0,0,0,7,1,2,severe,1,21
Wrestling,Chest/Back,moderate,30,72,2,3,8.4,1,1,4,4,1,1,moderate,1,11
Wrestling,Elbow/Forearm,moderate,23,76,4,6,11.9,0,1,4,2,1,1,moderate,1,14
Badminton,Ankle/Foot,moderate,20,66,4,3,12.4,0,0,5,7,1,1,moderate,0,8
Athletics,Ankle/Foot,severe,14,69,10,1,17.1,0,1,3,7,2,2,severe,1,37
Badminton,Ankle/Foot,moderate,16,74,1,2,15.7,1,0,5,7,1,1,moderate,0,7
Cricket,Head/Neck,mild,19,55,1,6,7.5,1,0,0,0,0,0,mild,0,1
Athletics,Shoulder,severe,18,69,3,3,16.4,0,0,3,1,2,2,severe,1,78
Badminton,Wrist/Hand,mild,24,78,7,3,22.6,0,1,5,3,0,0,mild,0,3
Wrestling,Wrist/Hand,moderate,26,74,7,6,12.5,0,0,4,3,1,1,moderate,0,9
Badminton,Chest/Back,mild,20,50,2,5,12.6,0,1,5,4,0,0,mild,0,2
Football,Chest/Back,mild,14,67,2,2,22.9,0,1,1,4,0,0,mild,0,4
Football,Head/Neck,mild,15,80,5,4,11.9,1,1,1,0,0,1,moderate,1,5
Cricket,Knee,moderate,20,57,3,5,20.7,1,1,0,6,1,1,moderate,1,20
Football,Knee,severe,16,51,5,1,9.4,0,0,1,6,2,2,severe,1,106
Cricket,Elbow/Forearm,moderate,18,55,5,3,17.7,0,1,0,2,1,1,moderate,0,12
Football,Knee,severe,16,58,6,5,18.4,0,0,1,6,2,2,severe,1,107
Wrestling,Shoulder,severe,19,73,2,3,20.2,1,0,4,1,2,2,severe,1,70
Wrestling,Chest/Back,mild,26,63,5,4,11.0,0,1,4,4,0,0,mild,0,2
Wrestling,Wrist/Hand,mild,18,76,8,4,13.4,0,0,4,3,0,0,mild,0,2
Badminton,Ankle/Foot,mild,15,62,5,3,18.6,0,0,5,7,0,0,mild,0,2
Football,Thigh/Hamstring,moderate,19,45,4,2,22.8,0,0,1,5,1,1,moderate,0,5
Football,Ankle/Foot,moderate,24,80,5,4,18.6,0,1,1,7,1,1,moderate,0,8
Cricket,Elbow/Forearm,severe,24,80,3,5,8.8,0,0,0,2,2,2,severe,1,56
Badminton,Ankle/Foot,mild,15,74,6,2,14.8,0,0,5,7,0,0,mild,0,1
Football,Chest/Back,moderate,21,57,1,2,18.6,0,0,1,4,1,2,severe,1,15
Wrestling,Chest/Back,severe,18,47,5,3,14.2,0,1,4,4,2,2,severe,1,71
Cricket,Shoulder,mild,25,58,4,2,18.0,0,0,0,1,0,0,mild,0,5
Football,Wrist/Hand,moderate,14,56,4,5,18.3,1,0,1,3,1,0,mild,0,9
Cricket,Thigh/Hamstring,mild,14,79,6,5,18.7,1,0,0,5,0,0,mild,1,5
Cricket,Elbow/Forearm,moderate,27,51,1,4,11.2,1,0,0,2,1,1,moderate,1,13
Kabaddi,Knee,moderate,16,79,8,4,15.0,1,0,2,6,1,2,severe,1,55
Kabaddi,Chest/Back,moderate,14,73,4,4,15.4,1,1,2,4,1,1,moderate,1,8
Athletics,Thigh/Hamstring,severe,17,57,10,4,12.1,1,1,3,5,2,2,severe,1,31
Football,Ankle/Foot,mild,21,68,8,4,15.6,0,1,1,7,0,0,mild,0,1
Cricket,Shoulder,severe,20,67,5,2,17.3,0,1,0,1,2,2,severe,1,60
Wrestling,Wrist/Hand,moderate,14,70,3,5,19.9,1,0,4,3,1,1,moderate,0,5
Football,Head/Neck,moderate,21,71,8,4,13.0,0,1,1,0,1,2,severe,1,19
Badminton,Shoulder,mild,14,73,8,5,22.5,0,0,5,1,0,1,moderate,1,15
Wrestling,Chest/Back,severe,14,59,10,3,11.3,0,0,4,4,2,2,severe,1,77
Badminton,Thigh/Hamstring,moderate,24,70,8,2,18.1,1,0,5,5,1,2,severe,1,28
Cricket,Head/Neck,mild,21,57,4,3,13.2,0,0,0,0,0,0,mild,1,3
Athletics,Chest/Back,mild,20,69,3,1,14.9,1,0,3,4,0,1,moderate,1,10
Cricket,Shoulder,moderate,27,80,2,3,28.7,0,1,0,1,1,1,moderate,0,12
Wrestling,Shoulder,severe,14,66,7,3,8.5,0,0,4,1,2,2,severe,1,75
Kabaddi,Shoulder,moderate,20,56,5,5,20.5,1,0,2,1,1,1,moderate,1,19
Athletics,Ankle/Foot,mild,14,96,7,4,9.5,0,0,3,7,0,0,mild,0,4
Badminton,Knee,mild,17,58,4,4,15.6,1,1,5,6,0,1,moderate,1,28
Badminton,Elbow/Forearm,moderate,16,75,5,3,11.8,0,0,5,2,1,1,moderate,0,13
Wrestling,Shoulder,severe,16,78,9,0,25.5,0,0,4,1,2,2,severe,1,57
Kabaddi,Elbow/Forearm,mild,23,77,1,3,10.0,0,0,2,2,0,0,mild,0,2
Badminton,Ankle/Foot,mild,14,63,6,2,18.1,0,0,5,7,0,0,mild,0,4
Athletics,Ankle/Foot,severe,15,57,3,4,19.8,1,1,3,7,2,2,severe,1,31
Cricket,Knee,moderate,16,61,7,1,15.2,0,0,0,6,1,0,mild,1,25
Badminton,Ankle/Foot,moderate,17,69,8,5,19.7,1,0,5,7,1,1,moderate,1,7
Wrestling,Knee,moderate,14,96,2,3,12.0,0,0,4,6,1,1,moderate,0,11
Kabaddi,Thigh/Hamstring,severe,18,62,7,4,6.5,0,0,2,5,2,2,severe,1,14
Badminton,Elbow/Forearm,severe,19,76,4,3,11.1,0,1,5,2,2,2,severe,1,48
Cricket,Ankle/Foot,moderate,26,58,3,3,24.9,0,1,0,7,1,1,moderate,1,12
Cricket,Shoulder,moderate,19,62,2,3,5.0,0,0,0,1,1,1,moderate,1,21
Athletics,Knee,severe,14,61,9,4,17.1,0,0,3,6,2,2,severe,1,108
Football,Head/Neck,severe,18,83,4,2,8.3,0,0,1,0,2,2,severe,1,49
Kabaddi,Ankle/Foot,severe,21,76,7,3,15.4,0,0,2,7,2,2,severe,1,18
Wrestling,Shoulder,mild,24,59,1,3,14.7,0,0,4,1,0,0,mild,0,3
Wrestling,Chest/Back,mild,23,69,2,4,23.6,0,0,4,4,0,0,mild,0,4
Football,Head/Neck,moderate,16,71,4,3,23.0,1,0,1,0,1,2,severe,1,16
Cricket,Wrist/Hand,severe,21,76,6,2,18.8,0,0,0,3,2,2,severe,1,25
Wrestling,Elbow/Forearm,moderate,15,61,2,6,18.8,1,0,4,2,1,1,moderate,0,6
Kabaddi,Thigh/Hamstring,mild,18,73,3,2,17.2,0,0,2,5,0,0,mild,0,5
Football,Head/Neck,moderate,18,65,4,2,21.3,0,1,1,0,1,2,severe,1,60
Kabaddi,Shoulder,moderate,18,45,4,1,28.6,0,1,2,1,1,1,moderate,1,8
Football,Knee,moderate,26,65,5,5,13.7,0,1,1,6,1,1,moderate,1,19
Football,Ankle/Foot,moderate,26,64,5,4,9.8,1,1,1,7,1,1,moderate,0,12
Wrestling,Wrist/Hand,moderate,19,54,8,5,17.4,0,1,4,3,1,2,severe,1,27
Football,Thigh/Hamstring,mild,14,83,6,4,17.4,1,0,1,5,0,1,moderate,0,6
Kabaddi,Wrist/Hand,mild,25,45,6,6,8.8,0,1,2,3,0,0,mild,1,4
Kabaddi,Ankle/Foot,mild,16,58,4,4,18.5,0,0,2,7,0,0,mild,0,1
Badminton,Elbow/Forearm,mild,14,83,1,2,11.0,0,1,5,2,0,1,moderate,0,2
Football,Head/Neck,mild,23,64,4,3,13.3,1,1,1,0,0,0,mild,0,1
Athletics,Ankle/Foot,mild,16,62,3,1,17.4,0,0,3,7,0,0,mild,0,5
Kabaddi,Shoulder,mild,14,54,5,3,12.5,0,0,2,1,0,0,mild,0,4
Badminton,Elbow/Forearm,severe,20,61,3,6,14.4,1,1,5,2,2,2,severe,1,42
Football,Wrist/Hand,mild,29,69,4,5,18.2,0,1,1,3,0,0,mild,0,1
Badminton,Thigh/Hamstring,mild,15,73,8,2,12.5,0,0,5,5,0,0,mild,0,2
Cricket,Chest/Back,severe,23,69,5,3,15.3,0,0,0,4,2,2,severe,1,42
Badminton,Knee,moderate,14,71,7,2,21.0,0,0,5,6,1,1,moderate,1,18
Athletics,Chest/Back,mild,29,66,4,2,21.2,0,0,3,4,0,0,mild,0,2
Cricket,Ankle/Foot,moderate,24,80,4,4,18.7,0,1,0,7,1,1,moderate,1,11
Wrestling,Elbow/Forearm,moderate,18,79,6,4,19.8,1,0,4,2,1,1,moderate,0,6
Kabaddi,Shoulder,severe,23,73,6,3,15.7,0,1,2,1,2,2,severe,1,71
Wrestling,Head/Neck,mild,30,79,4,4,20.5,0,1,4,0,0,0,mild,0,3
Athletics,Ankle/Foot,mild,21,78,4,2,14.4,1,0,3,7,0,0,mild,0,5
Kabaddi,Shoulder,moderate,21,78,4,4,20.7,0,0,2,1,1,1,moderate,0,19
Wrestling,Head/Neck,moderate,18,69,2,6,25.7,1,0,4,0,1,2,severe,1,43
Football,Ankle/Foot,mild,18,54,3,2,9.6,0,0,1,7,0,0,mild,0,4
Wrestling,Wrist/Hand,severe,14,76,2,6,27.8,0,1,4,3,2,2,severe,1,36
Badminton,Wrist/Hand,severe,19,50,9,2,9.2,0,1,5,3,2,2,severe,1,28
Cricket,Shoulder,moderate,18,70,4,2,22.8,0,0,0,1,1,1,moderate,0,8
Cricket,Elbow/Forearm,mild,16,73,3,3,26.1,0,0,0,2,0,0,mild,0,5
Badminton,Ankle/Foot,severe,23,82,4,4,15.9,0,0,5,7,2,2,severe,1,34
Kabaddi,Shoulder,severe,22,61,9,4,12.4,0,0,2,1,2,2,severe,1,87
Cricket,Shoulder,moderate,17,59,3,2,21.6,0,0,0,1,1,0,mild,0,17
Badminton,Chest/Back,moderate,23,71,5,6,21.1,1,1,5,4,1,2,severe,1,67
Kabaddi,Head/Neck,mild,21,66,5,2,22.3,0,1,2,0,0,0,mild,0,2
Wrestling,Wrist/Hand,mild,21,59,4,5,11.1,1,0,4,3,0,0,mild,0,3
Athletics,Ankle/Foot,moderate,24,78,5,4,13.7,0,0,3,7,1,1,moderate,0,5
Cricket,Knee,mild,24,48,1,1,10.1,0,1,0,6,0,0,mild,0,5
Football,Thigh/Hamstring,mild,14,53,5,6,19.9,1,1,1,5,0,0,mild,0,2
Kabaddi,Shoulder,moderate,18,70,7,4,17.3,0,0,2,1,1,1,moderate,0,12
Wrestling,Shoulder,severe,22,63,5,4,13.4,0,1,4,1,2,2,severe,1,71
Athletics,Thigh/Hamstring,mild,26,82,7,2,14.2,0,1,3,5,0,0,mild,0,3
Badminton,Ankle/Foot,mild,18,76,5,4,9.0,0,0,5,7,0,0,mild,0,3
Football,Ankle/Foot,moderate,17,74,8,3,18.5,0,0,1,7,1,1,moderate,1,10
Cricket,Thigh/Hamstring,mild,14,71,6,2,13.9,1,0,0,5,0,0,mild,0,3
Kabaddi,Thigh/Hamstring,moderate,14,70,5,3,17.8,1,0,2,5,1,1,moderate,1,11
Athletics,Ankle/Foot,moderate,20,68,4,5,12.3,0,1,3,7,1,1,moderate,0,10
Badminton,Thigh/Hamstring,mild,22,66,3,2,15.3,1,0,5,5,0,0,mild,0,5
Cricket,Shoulder,moderate,21,80,5,2,22.5,1,1,0,1,1,1,moderate,1,11
Football,Thigh/Hamstring,mild,19,77,8,2,19.7,1,1,1,5,0,0,mild,0,2
Wrestling,Shoulder,mild,17,81,1,5,19.6,0,0,4,1,0,0,mild,0,4
Football,Thigh/Hamstring,mild,27,61,4,4,14.6,0,1,1,5,0,0,mild,0,2
Wrestling,Wrist/Hand,severe,22,48,6,5,19.1,1,1,4,3,2,2,severe,1,55
Badminton,Elbow/Forearm,mild,17,65,7,3,15.5,1,1,5,2,0,1,moderate,1,10
Cricket,Shoulder,moderate,16,68,10,2,18.4,0,0,0,1,1,2,severe,1,80
Athletics,Thigh/Hamstring,severe,18,72,2,5,18.7,1,0,3,5,2,2,severe,1,41
Wrestling,Shoulder,moderate,16,69,4,4,21.8,0,0,4,1,1,1,moderate,0,18
Football,Thigh/Hamstring,moderate,19,61,8,2,7.9,0,0,1,5,1,2,severe,1,16
Football,Head/Neck,mild,15,67,1,3,5.0,0,0,1,0,0,0,mild,1,3
Athletics,Knee,mild,14,60,10,2,10.3,0,0,3,6,0,0,mild,0,4
Athletics,Ankle/Foot,mild,33,67,4,3,8.2,0,0,3,7,0,0,mild,0,3
Football,Thigh/Hamstring,severe,21,58,6,4,15.9,0,1,1,5,2,2,severe,1,25
Football,Thigh/Hamstring,mild,22,86,4,7,19.1,0,0,1,5,0,0,mild,0,2
Wrestling,Wrist/Hand,severe,14,68,5,2,15.2,0,0,4,3,2,2,severe,1,35
Wrestling,Elbow/Forearm,mild,16,73,3,3,13.2,1,1,4,2,0,0,mild,0,3
Athletics,Knee,severe,22,90,7,4,13.5,0,0,3,6,2,2,severe,1,110
Wrestling,Chest/Back,severe,16,71,10,1,23.2,0,0,4,4,2,2,severe,1,53
Badminton,Elbow/Forearm,moderate,24,81,10,5,5.3,0,1,5,2,1,1,moderate,1,8
Kabaddi,Elbow/Forearm,moderate,21,53,3,6,19.2,0,1,2,2,1,1,moderate,1,7
Athletics,Thigh/Hamstring,severe,33,60,9,3,17.6,0,1,3,5,2,2,severe,1,16
Athletics,Ankle/Foot,severe,14,84,4,4,14.3,0,0,3,7,2,2,severe,0,41
Badminton,Elbow/Forearm,mild,15,45,2,3,15.7,1,1,5,2,0,0,mild,0,3
Kabaddi,Shoulder,mild,18,62,9,3,16.1,0,0,2,1,0,0,mild,0,5
Cricket,Elbow/Forearm,severe,23,71,2,5,9.7,0,1,0,2,2,2,severe,1,54
Athletics,Thigh/Hamstring,mild,29,72,4,4,16.2,0,1,3,5,0,0,mild,0,2
Badminton,Thigh/Hamstring,moderate,26,95,9,3,18.5,1,0,5,5,1,1,moderate,0,6
Cricket,Knee,mild,17,55,2,3,8.8,0,1,0,6,0,0,mild,0,4
Football,Head/Neck,mild,20,72,9,3,15.3,1,0,1,0,0,1,moderate,1,10
Kabaddi,Knee,mild,21,53,3,5,17.0,1,0,2,6,0,0,mild,0,6
Wrestling,Knee,severe,16,69,6,2,31.5,0,0,4,6,2,2,severe,1,47
Athletics,Knee,moderate,20,65,8,4,17.3,1,1,3,6,1,1,moderate,1,22
Badminton,Ankle/Foot,mild,24,66,7,7,16.6,1,0,5,7,0,0,mild,0,4
Wrestling,Chest/Back,moderate,14,77,9,2,13.3,0,1,4,4,1,1,moderate,0,17
Kabaddi,Chest/Back,moderate,19,78,2,1,5.0,0,1,2,4,1,1,moderate,1,21
Kabaddi,Chest/Back,moderate,14,81,5,6,16.8,1,0,2,4,1,2,severe,1,30
Athletics,Chest/Back,severe,18,61,10,4,31.3,1,0,3,4,2,2,severe,1,23
Badminton,Knee,mild,15,70,3,4,17.4,0,0,5,6,0,0,mild,1,3
Badminton,Chest/Back,mild,29,68,2,3,15.5,0,0,5,4,0,1,moderate,1,5
Kabaddi,Head/Neck,moderate,23,69,2,3,16.4,0,0,2,0,1,2,severe,1,22
Badminton,Wrist/Hand,mild,25,57,4,3,19.3,1,0,5,3,0,1,moderate,1,5
Badminton,Knee,mild,20,79,4,4,12.7,1,1,5,6,0,0,mild,0,4
Football,Thigh/Hamstring,moderate,20,80,3,4,17.3,1,0,1,5,1,1,moderate,0,13
Cricket,Shoulder,mild,26,59,2,6,16.1,0,0,0,1,0,0,mild,0,2
Cricket,Ankle/Foot,moderate,24,72,4,4,8.5,0,0,0,7,1,1,moderate,0,12
Athletics,Knee,moderate,26,74,4,3,19.6,1,0,3,6,1,1,moderate,1,26
Badminton,Chest/Back,mild,17,65,5,4,15.9,0,1,5,4,0,0,mild,0,4
Football,Thigh/Hamstring,mild,17,73,1,4,16.9,0,0,1,5,0,0,mild,0,5
Football,Elbow/Forearm,severe,19,66,6,5,8.0,1,1,1,2,2,2,severe,1,41
Wrestling,Knee,mild,18,75,4,4,13.5,0,0,4,6,0,0,mild,0,7
Wrestling,Elbow/Forearm,moderate,21,68,4,4,22.9,1,1,4,2,1,1,moderate,0,14
Wrestling,Shoulder,mild,22,72,9,5,11.8,0,1,4,1,0,0,mild,0,5
Football,Thigh/Hamstring,severe,14,67,7,3,18.7,1,1,1,5,2,2,severe,1,31
Cricket,Chest/Back,moderate,14,75,4,7,8.5,1,1,0,4,1,2,severe,1,43
Kabaddi,Thigh/Hamstring,mild,21,50,10,5,16.4,1,1,2,5,0,0,mild,0,4
Football,Thigh/Hamstring,moderate,18,73,8,3,12.8,0,1,1,5,1,2,severe,1,17
Cricket,Chest/Back,moderate,26,76,3,2,18.3,1,0,0,4,1,1,moderate,1,14
Badminton,Thigh/Hamstring,severe,26,45,3,3,22.0,0,1,5,5,2,2,severe,1,24
Kabaddi,Ankle/Foot,severe,14,86,6,2,11.8,1,0,2,7,2,2,severe,1,21
Football,Thigh/Hamstring,mild,15,57,5,5,15.7,0,1,1,5,0,0,mild,0,2
Athletics,Knee,mild,20,65,5,4,16.8,0,1,3,6,0,0,mild,0,3
Athletics,Ankle/Foot,moderate,26,58,5,4,20.4,0,0,3,7,1,1,moderate,1,9
Wrestling,Knee,severe,21,60,2,5,17.4,1,1,4,6,2,2,severe,1,81
Wrestling,Ankle/Foot,severe,21,61,4,0,15.5,0,0,4,7,2,2,severe,1,39
Wrestling,Knee,mild,15,59,1,4,10.4,0,0,4,6,0,0,mild,0,6
Athletics,Knee,moderate,21,63,7,3,13.1,1,0,3,6,1,1,moderate,0,18
Kabaddi,Wrist/Hand,moderate,23,66,3,2,7.2,1,1,2,3,1,1,moderate,1,12
Athletics,Head/Neck,severe,23,79,3,6,20.5,1,0,3,0,2,2,severe,1,32
Athletics,Thigh/Hamstring,mild,14,72,5,2,5.0,0,0,3,5,0,0,mild,0,4
Badminton,Thigh/Hamstring,mild,27,46,3,4,18.5,0,0,5,5,0,0,mild,0,3
Kabaddi,Shoulder,mild,19,72,3,2,10.8,1,0,2,1,0,1,moderate,1,20
Wrestling,Shoulder,severe,14,69,4,6,18.5,0,1,4,1,2,2,severe,1,68
Football,Ankle/Foot,mild,24,71,2,3,15.2,0,1,1,7,0,0,mild,0,4
Badminton,Thigh/Hamstring,mild,25,73,4,4,9.8,1,0,5,5,0,0,mild,0,4
Football,Thigh/Hamstring,mild,27,76,6,5,22.9,0,1,1,5,0,0,mild,0,2
Wrestling,Knee,severe,17,63,3,6,12.9,1,0,4,6,2,2,severe,1,118
Badminton,Chest/Back,mild,21,53,1,2,19.0,0,0,5,4,0,0,mild,0,5
Badminton,Knee,moderate,23,83,8,4,21.8,1,1,5,6,1,1,moderate,1,17
Kabaddi,Ankle/Foot,mild,14,72,3,1,14.5,0,0,2,7,0,0,mild,0,1
Football,Shoulder,mild,18,60,7,7,16.2,1,0,1,1,0,0,mild,0,3
Cricket,Shoulder,mild,14,66,1,4,14.4,1,0,0,1,0,0,mild,0,3
Badminton,Shoulder,mild,15,73,3,6,23.7,0,0,5,1,0,0,mild,0,3
Wrestling,Ankle/Foot,severe,14,71,3,4,17.5,1,0,4,7,2,2,severe,0,36
Kabaddi,Chest/Back,moderate,17,78,3,5,11.4,0,1,2,4,1,1,moderate,0,18
Wrestling,Chest/Back,moderate,16,74,6,6,20.3,0,1,4,4,1,2,severe,1,85
Wrestling,Knee,mild,28,54,6,0,25.1,0,0,4,6,0,0,mild,0,7
Wrestling,Shoulder,moderate,22,81,1,4,10.1,0,1,4,1,1,1,moderate,1,7
Athletics,Ankle/Foot,moderate,23,51,8,2,14.0,1,1,3,7,1,1,moderate,1,9
Wrestling,Knee,severe,17,95,3,5,17.4,0,0,4,6,2,2,severe,1,115
Football,Ankle/Foot,mild,21,56,4,4,9.1,0,0,1,7,0,0,mild,0,3
Wrestling,Elbow/Forearm,moderate,14,79,2,3,11.0,0,1,4,2,1,1,moderate,1,13
Cricket,Thigh/Hamstring,mild,17,55,1,2,17.8,1,0,0,5,0,0,mild,0,3
Cricket,Elbow/Forearm,moderate,21,65,1,3,16.3,0,0,0,2,1,1,moderate,0,6
Kabaddi,Knee,mild,23,45,4,5,21.2,0,0,2,6,0,0,mild,1,7
Kabaddi,Shoulder,moderate,26,63,6,4,20.8,1,0,2,1,1,1,moderate,0,19
Kabaddi,Knee,mild,14,67,3,2,25.3,1,0,2,6,0,0,mild,0,4
Athletics,Knee,mild,20,80,4,3,21.9,1,0,3,6,0,0,mild,0,4
Athletics,Thigh/Hamstring,mild,15,83,4,3,12.2,1,1,3,5,0,1,moderate,1,10
Football,Chest/Back,moderate,28,81,8,4,13.6,0,0,1,4,1,1,moderate,0,21
Cricket,Head/Neck,severe,22,71,4,3,10.8,1,0,0,0,2,2,severe,1,18
Wrestling,Elbow/Forearm,mild,27,57,4,3,19.0,0,0,4,2,0,0,mild,0,4
Football,Shoulder,moderate,15,53,9,5,15.6,0,0,1,1,1,2,severe,1,86
Athletics,Chest/Back,mild,22,50,5,2,12.8,1,0,3,4,0,1,moderate,1,11
Athletics,Thigh/Hamstring,severe,20,65,2,4,16.9,1,1,3,5,2,2,severe,1,37
Badminton,Shoulder,moderate,29,71,2,4,18.9,0,1,5,1,1,1,moderate,0,14
Athletics,Ankle/Foot,moderate,25,56,5,6,15.0,1,1,3,7,1,2,severe,1,21
Wrestling,Shoulder,mild,20,70,6,6,14.2,0,1,4,1,0,0,mild,0,3
Football,Knee,severe,22,76,7,3,15.6,0,0,1,6,2,2,severe,1,54
Athletics,Shoulder,mild,21,62,7,2,25.3,0,0,3,1,0,0,mild,0,4
Badminton,Ankle/Foot,mild,25,84,2,2,6.6,0,0,5,7,0,0,mild,0,5
Wrestling,Wrist/Hand,severe,14,50,6,7,15.9,0,0,4,3,2,2,severe,1,50
Kabaddi,Knee,mild,28,66,2,3,18.1,0,1,2,6,0,0,mild,0,7
Badminton,Chest/Back,mild,15,83,5,1,14.5,0,1,5,4,0,0,mild,0,5
Kabaddi,Shoulder,moderate,20,71,4,5,16.5,1,0,2,1,1,1,moderate,0,16
Athletics,Chest/Back,mild,16,72,9,6,8.9,0,1,3,4,0,0,mild,0,2
Cricket,Elbow/Forearm,mild,24,69,5,1,16.2,1,1,0,2,0,1,moderate,0,10
Badminton,Chest/Back,severe,15,71,6,5,14.7,0,0,5,4,2,2,severe,1,51
Badminton,Thigh/Hamstring,mild,15,71,2,2,18.1,1,0,5,5,0,1,moderate,0,14
Badminton,Elbow/Forearm,mild,14,52,2,2,11.3,0,0,5,2,0,0,mild,0,4
Cricket,Shoulder,mild,17,82,5,2,18.4,1,0,0,1,0,1,moderate,0,15
Kabaddi,Ankle/Foot,mild,29,59,1,3,13.9,1,0,2,7,0,1,moderate,0,5
Kabaddi,Chest/Back,mild,24,84,3,4,7.5,0,1,2,4,0,0,mild,0,2
Athletics,Chest/Back,severe,23,78,5,4,19.2,0,0,3,4,2,2,severe,1,66
Badminton,Elbow/Forearm,severe,19,78,6,2,13.1,0,0,5,2,2,2,severe,1,55
Athletics,Thigh/Hamstring,severe,18,69,1,6,13.0,1,1,3,5,2,2,severe,1,33
Football,Head/Neck,moderate,18,82,4,3,15.2,1,0,1,0,1,2,severe,1,24
Badminton,Wrist/Hand,mild,15,59,4,4,11.1,1,0,5,3,0,0,mild,0,4
Football,Ankle/Foot,mild,15,47,2,3,13.7,0,0,1,7,0,0,mild,0,3
Athletics,Knee,mild,16,89,5,3,22.9,1,1,3,6,0,2,severe,1,17
Wrestling,Head/Neck,mild,14,66,6,4,9.0,1,1,4,0,0,0,mild,0,2
Kabaddi,Chest/Back,mild,19,48,1,1,11.6,0,0,2,4,0,0,mild,0,3
Athletics,Ankle/Foot,mild,19,57,4,4,18.7,0,0,3,7,0,0,mild,0,3
Kabaddi,Shoulder,mild,18,62,1,4,18.7,1,0,2,1,0,1,moderate,1,11
Wrestling,Chest/Back,mild,28,76,6,4,14.8,0,1,4,4,0,0,mild,1,5
Badminton,Ankle/Foot,severe,20,74,6,2,5.0,1,0,5,7,2,2,severe,1,41
Athletics,Ankle/Foot,severe,21,55,1,3,17.8,1,1,3,7,2,2,severe,1,21
Kabaddi,Chest/Back,mild,16,77,5,5,13.2,0,1,2,4,0,0,mild,1,4
Badminton,Shoulder,moderate,22,70,4,4,5.0,1,1,5,1,1,1,moderate,0,14
Athletics,Knee,moderate,14,85,8,6,23.5,0,1,3,6,1,2,severe,1,95
Wrestling,Elbow/Forearm,moderate,14,88,6,4,14.9,1,1,4,2,1,1,moderate,1,11
Wrestling,Knee,mild,19,60,2,3,14.3,1,0,4,6,0,1,moderate,1,26
Wrestling,Knee,mild,16,51,5,2,16.8,0,0,4,6,0,0,mild,0,5
Kabaddi,Shoulder,mild,22,58,1,2,24.6,0,0,2,1,0,0,mild,0,2
Kabaddi,Knee,moderate,21,73,1,4,28.8,1,0,2,6,1,1,moderate,0,10
Football,Ankle/Foot,moderate,22,65,1,4,18.8,0,0,1,7,1,1,moderate,1,5
Cricket,Thigh/Hamstring,moderate,23,64,6,3,14.1,1,0,0,5,1,1,moderate,0,11
Athletics,Ankle/Foot,moderate,28,77,8,5,13.7,1,0,3,7,1,2,severe,0,37
Kabaddi,Chest/Back,moderate,20,74,10,3,21.1,1,0,2,4,1,1,moderate,0,21
Wrestling,Knee,mild,16,99,5,1,12.3,0,1,4,6,0,0,mild,0,6
Wrestling,Elbow/Forearm,mild,16,75,2,5,17.4,0,0,4,2,0,0,mild,0,3
Badminton,Wrist/Hand,mild,18,60,1,3,20.1,1,0,5,3,0,0,mild,0,1
Athletics,Thigh/Hamstring,mild,19,68,6,3,11.6,0,0,3,5,0,0,mild,1,2
Badminton,Ankle/Foot,moderate,19,45,6,2,13.1,0,0,5,7,1,1,moderate,0,5
Wrestling,Chest/Back,moderate,25,68,1,1,16.6,1,0,4,4,1,1,moderate,0,12
Kabaddi,Chest/Back,moderate,20,58,4,4,22.1,0,1,2,4,1,1,moderate,1,7
Kabaddi,Shoulder,severe,22,69,1,6,12.4,0,0,2,1,2,2,severe,1,67
Football,Knee,mild,16,64,4,5,11.0,0,0,1,6,0,0,mild,1,7
Athletics,Knee,mild,25,56,3,3,24.6,0,0,3,6,0,0,mild,1,4
Wrestling,Elbow/Forearm,mild,26,46,9,3,18.6,0,0,4,2,0,0,mild,1,2
Football,Knee,moderate,22,59,2,3,18.5,0,1,1,6,1,1,moderate,1,10
Football,Chest/Back,mild,19,73,2,6,26.2,1,0,1,4,0,0,mild,0,2
Football,Head/Neck,moderate,17,72,9,2,20.6,1,1,1,0,1,2,severe,1,54
Football,Knee,mild,21,54,3,3,10.6,0,1,1,6,0,0,mild,1,6
Football,Ankle/Foot,mild,27,72,1,2,21.7,1,0,1,7,0,1,moderate,1,6
Athletics,Wrist/Hand,moderate,14,81,7,2,14.7,1,0,3,3,1,1,moderate,1,8
Cricket,Elbow/Forearm,severe,18,61,6,5,18.1,0,0,0,2,2,2,severe,1,46
Football,Knee,moderate,17,65,5,5,11.6,0,0,1,6,1,1,moderate,0,24
Cricket,Ankle/Foot,mild,20,83,6,5,22.1,1,1,0,7,0,1,moderate,0,14
Kabaddi,Head/Neck,severe,16,68,8,3,16.3,0,1,2,0,2,2,severe,1,37
Cricket,Chest/Back,moderate,17,73,7,4,12.8,0,1,0,4,1,1,moderate,1,12
Athletics,Chest/Back,mild,20,57,5,5,6.4,0,1,3,4,0,0,mild,1,5
Badminton,Chest/Back,mild,17,62,3,5,19.5,1,1,5,4,0,0,mild,0,5
Badminton,Wrist/Hand,moderate,25,52,6,0,17.5,0,0,5,3,1,1,moderate,0,5
Football,Thigh/Hamstring,moderate,17,82,5,5,19.6,0,1,1,5,1,1,moderate,1,14
Kabaddi,Elbow/Forearm,mild,17,45,7,6,14.8,0,1,2,2,0,0,mild,0,4
Badminton,Knee,severe,14,64,3,2,9.8,0,0,5,6,2,2,severe,1,71
Wrestling,Shoulder,moderate,14,64,5,6,17.4,1,0,4,1,1,1,moderate,1,20
Kabaddi,Ankle/Foot,severe,16,59,6,2,15.4,0,1,2,7,2,2,severe,1,23
Badminton,Ankle/Foot,mild,27,53,5,5,12.5,0,1,5,7,0,0,mild,0,2
Badminton,Shoulder,mild,18,74,3,2,16.7,0,0,5,1,0,0,mild,0,4
Kabaddi,Chest/Back,mild,15,66,2,5,19.2,0,1,2,4,0,0,mild,1,5
Football,Knee,mild,35,56,10,3,23.2,1,0,1,6,0,1,moderate,1,12
Badminton,Shoulder,moderate,23,64,8,4,16.5,0,1,5,1,1,1,moderate,1,16
Kabaddi,Thigh/Hamstring,mild,21,73,8,3,11.2,0,0,2,5,0,1,moderate,0,13
Athletics,Thigh/Hamstring,moderate,20,76,8,4,22.8,1,0,3,5,1,2,severe,1,20
Badminton,Knee,mild,14,71,6,0,26.5,1,1,5,6,0,0,mild,0,7
Football,Head/Neck,moderate,14,78,5,1,16.8,1,1,1,0,1,2,severe,1,20
Football,Thigh/Hamstring,mild,20,60,8,5,19.1,0,0,1,5,0,1,moderate,0,9
Wrestling,Chest/Back,moderate,17,81,3,6,15.0,1,1,4,4,1,1,moderate,0,15
Athletics,Chest/Back,mild,17,80,6,3,10.6,0,1,3,4,0,0,mild,0,4
Athletics,Ankle/Foot,mild,25,56,10,3,5.0,1,0,3,7,0,1,moderate,0,13
Cricket,Knee,mild,14,65,3,4,20.3,1,0,0,6,0,1,moderate,0,25
Kabaddi,Chest/Back,moderate,18,57,7,5,13.8,0,0,2,4,1,0,mild,1,19
Wrestling,Knee,moderate,15,68,1,6,22.0,0,0,4,6,1,1,moderate,1,13
Kabaddi,Elbow/Forearm,moderate,22,57,7,5,12.7,1,1,2,2,1,1,moderate,0,7
Wrestling,Shoulder,moderate,14,67,4,2,20.5,1,1,4,1,1,1,moderate,0,20
Athletics,Ankle/Foot,mild,25,50,4,4,8.4,0,0,3,7,0,0,mild,0,5
Kabaddi,Shoulder,moderate,28,45,6,3,16.4,0,0,2,1,1,1,moderate,1,7
Wrestling,Knee,mild,22,70,7,2,26.6,0,1,4,6,0,0,mild,0,4
Cricket,Ankle/Foot,mild,24,67,8,5,14.0,0,1,0,7,0,0,mild,0,1
Wrestling,Knee,moderate,23,56,3,4,15.6,0,0,4,6,1,1,moderate,1,16
Badminton,Chest/Back,severe,18,66,6,2,16.4,0,0,5,4,2,2,severe,0,55
Football,Thigh/Hamstring,moderate,25,52,7,2,21.6,1,0,1,5,1,1,moderate,0,5
Wrestling,Shoulder,mild,19,58,5,2,18.2,0,1,4,1,0,1,moderate,0,4
Badminton,Ankle/Foot,mild,23,62,3,5,19.9,1,0,5,7,0,0,mild,0,4
Badminton,Knee,severe,15,66,3,5,13.4,0,0,5,6,2,2,severe,1,87
Football,Knee,mild,22,66,3,2,23.3,1,0,1,6,0,0,mild,0,4
Cricket,Knee,mild,18,68,1,5,16.9,0,0,0,6,0,0,mild,0,7
Wrestling,Wrist/Hand,mild,14,68,6,3,12.4,1,0,4,3,0,0,mild,0,2
Athletics,Knee,moderate,17,86,6,4,11.6,1,1,3,6,1,1,moderate,1,25
Kabaddi,Knee,mild,14,76,3,4,15.4,0,0,2,6,0,0,mild,0,3
Cricket,Chest/Back,mild,26,66,2,4,19.2,1,1,0,4,0,0,mild,0,5
Athletics,Elbow/Forearm,severe,28,76,5,4,8.3,0,0,3,2,2,2,severe,1,59
Athletics,Chest/Back,mild,17,53,3,3,13.2,0,0,3,4,0,0,mild,0,3
Wrestling,Head/Neck,severe,17,63,4,3,20.6,0,1,4,0,2,2,severe,1,42
Kabaddi,Head/Neck,mild,19,51,3,4,12.2,1,0,2,0,0,0,mild,0,2
Wrestling,Knee,mild,19,62,5,5,19.0,0,0,4,6,0,0,mild,0,6
Cricket,Wrist/Hand,mild,26,78,7,4,8.7,0,1,0,3,0,0,mild,0,4
Football,Chest/Back,mild,14,61,3,4,13.1,1,0,1,4,0,0,mild,1,4
Badminton,Ankle/Foot,mild,16,52,4,3,23.8,1,1,5,7,0,0,mild,0,2
Football,Thigh/Hamstring,mild,24,70,2,3,13.9,0,1,1,5,0,0,mild,0,3
Badminton,Chest/Back,moderate,18,65,1,1,18.0,0,0,5,4,1,1,moderate,0,13
Wrestling,Elbow/Forearm,mild,19,92,4,6,13.1,1,1,4,2,0,0,mild,0,2
Badminton,Elbow/Forearm,moderate,23,84,7,0,15.3,0,0,5,2,1,1,moderate,0,11
Badminton,Elbow/Forearm,severe,27,73,1,4,17.3,0,0,5,2,2,2,severe,1,36
Football,Shoulder,moderate,18,79,3,4,17.8,0,0,1,1,1,1,moderate,0,12
Wrestling,Knee,mild,23,66,5,3,16.1,1,0,4,6,0,0,mild,1,7
Wrestling,Elbow/Forearm,mild,33,100,1,4,10.4,1,0,4,2,0,0,mild,0,2
Kabaddi,Chest/Back,severe,14,64,1,7,21.7,0,1,2,4,2,2,severe,1,28
Kabaddi,Shoulder,moderate,25,92,4,4,7.0,0,1,2,1,1,1,moderate,1,10
Badminton,Ankle/Foot,mild,15,66,4,3,12.3,0,0,5,7,0,0,mild,0,3
Wrestling,Knee,moderate,15,85,5,2,10.0,1,0,4,6,1,1,moderate,1,26
Badminton,Ankle/Foot,severe,17,50,5,5,10.8,0,1,5,7,2,2,severe,1,16
Athletics,Elbow/Forearm,mild,23,73,5,6,14.4,0,0,3,2,0,0,mild,1,2
Cricket,Chest/Back,moderate,15,82,5,1,14.0,0,1,0,4,1,0,mild,1,12
Kabaddi,Knee,severe,14,57,7,4,13.4,0,1,2,6,2,2,severe,1,57
Football,Elbow/Forearm,mild,16,67,4,2,6.1,1,1,1,2,0,0,mild,0,3
Badminton,Thigh/Hamstring,severe,16,67,6,5,22.4,1,0,5,5,2,2,severe,1,39
Wrestling,Wrist/Hand,severe,29,71,3,4,15.6,1,1,4,3,2,2,severe,1,26
Football,Knee,moderate,20,80,9,4,12.2,0,1,1,6,1,1,moderate,1,20
Football,Knee,mild,19,73,3,3,22.0,0,0,1,6,0,0,mild,0,7
Wrestling,Knee,mild,18,58,3,5,17.0,1,1,4,6,0,1,moderate,0,27
Kabaddi,Knee,mild,16,45,7,2,16.1,0,0,2,6,0,0,mild,0,7
Football,Head/Neck,moderate,23,75,9,3,14.7,1,0,1,0,1,2,severe,1,28
Athletics,Thigh/Hamstring,severe,25,55,10,4,13.3,0,1,3,5,2,2,severe,1,21
Badminton,Wrist/Hand,severe,20,93,1,4,14.6,0,1,5,3,2,2,severe,1,54
Cricket,Ankle/Foot,mild,14,78,7,5,6.3,0,0,0,7,0,0,mild,0,3
Badminton,Thigh/Hamstring,mild,16,71,8,4,11.0,0,0,5,5,0,0,mild,0,3
Cricket,Chest/Back,mild,15,63,4,4,19.1,0,0,0,4,0,0,mild,1,5
Athletics,Ankle/Foot,severe,23,75,4,2,19.7,0,1,3,7,2,2,severe,1,29
Football,Head/Neck,severe,14,54,4,3,13.8,0,0,1,0,2,2,severe,1,57
Cricket,Thigh/Hamstring,moderate,14,58,8,3,10.9,0,0,0,5,1,2,severe,1,25
Cricket,Elbow/Forearm,mild,24,76,6,2,16.7,1,0,0,2,0,0,mild,0,2
Wrestling,Wrist/Hand,mild,21,63,8,3,6.2,1,1,4,3,0,1,moderate,1,13
Badminton,Ankle/Foot,mild,23,82,4,6,13.3,0,1,5,7,0,0,mild,0,5
Badminton,Chest/Back,severe,14,46,2,4,14.2,1,1,5,4,2,2,severe,1,53
Wrestling,Wrist/Hand,mild,14,75,5,4,18.5,0,0,4,3,0,0,mild,0,1
Athletics,Ankle/Foot,mild,22,79,5,5,10.6,0,0,3,7,0,0,mild,0,1
Football,Ankle/Foot,moderate,19,64,5,6,17.1,1,0,1,7,1,2,severe,1,42
Badminton,Knee,mild,25,58,5,3,14.7,0,0,5,6,0,0,mild,0,3
Cricket,Elbow/Forearm,mild,31,69,3,7,19.0,0,0,0,2,0,0,mild,0,3
Badminton,Knee,mild,23,56,3,5,16.9,0,1,5,6,0,0,mild,0,4
Wrestling,Shoulder,mild,22,71,3,3,20.6,1,0,4,1,0,0,mild,0,2
Wrestling,Wrist/Hand,moderate,25,75,6,3,13.9,1,0,4,3,1,1,moderate,1,12
Football,Ankle/Foot,mild,22,85,7,2,16.5,0,1,1,7,0,0,mild,0,4
Athletics,Ankle/Foot,severe,24,55,7,5,13.9,0,0,3,7,2,2,severe,1,21
Cricket,Shoulder,mild,26,73,3,5,30.0,0,0,0,1,0,0,mild,0,2
Kabaddi,Ankle/Foot,mild,19,69,4,5,16.4,1,1,2,7,0,1,moderate,1,8
Wrestling,Wrist/Hand,moderate,22,64,6,2,5.0,0,0,4,3,1,1,moderate,1,10
Football,Chest/Back,moderate,17,45,1,2,17.4,1,1,1,4,1,1,moderate,0,11
Athletics,Knee,mild,20,80,2,4,19.7,1,1,3,6,0,0,mild,0,5
Football,Knee,mild,19,74,7,3,14.2,0,0,1,6,0,0,mild,0,7
Badminton,Thigh/Hamstring,mild,18,60,6,5,19.0,0,0,5,5,0,0,mild,0,3
Cricket,Elbow/Forearm,moderate,18,72,5,3,15.5,0,0,0,2,1,0,mild,0,6
Kabaddi,Knee,moderate,23,63,2,3,12.2,0,0,2,6,1,1,moderate,0,22
Cricket,Elbow/Forearm,moderate,15,81,6,6,6.3,0,0,0,2,1,2,severe,1,34
Kabaddi,Ankle/Foot,moderate,14,85,6,3,22.7,0,0,2,7,1,1,moderate,1,6
Football,Thigh/Hamstring,moderate,15,88,7,5,18.3,1,1,1,5,1,2,severe,0,7
Wrestling,Head/Neck,mild,23,55,5,7,22.7,0,0,4,0,0,0,mild,1,1
Badminton,Elbow/Forearm,mild,24,56,3,4,19.8,1,1,5,2,0,0,mild,0,4
Badminton,Shoulder,mild,18,50,3,4,14.1,0,0,5,1,0,0,mild,0,3
Cricket,Elbow/Forearm,moderate,20,58,8,2,14.4,1,1,0,2,1,2,severe,1,24
Wrestling,Knee,moderate,18,72,2,5,11.5,0,0,4,6,1,1,moderate,1,18
Cricket,Shoulder,moderate,16,67,9,4,24.3,1,0,0,1,1,1,moderate,0,21
Badminton,Thigh/Hamstring,moderate,15,78,5,5,17.3,0,1,5,5,1,1,moderate,1,11
Cricket,Shoulder,severe,26,90,6,3,20.2,0,0,0,1,2,2,severe,1,58
Badminton,Ankle/Foot,severe,19,71,4,1,13.1,0,0,5,7,2,2,severe,1,19
Wrestling,Ankle/Foot,mild,17,61,6,2,13.1,0,0,4,7,0,0,mild,0,1
Kabaddi,Shoulder,moderate,14,52,1,1,14.1,1,0,2,1,1,1,moderate,1,14
Cricket,Shoulder,moderate,23,91,4,4,21.9,1,1,0,1,1,1,moderate,1,9
Athletics,Knee,moderate,14,83,2,6,22.4,0,1,3,6,1,1,moderate,0,15
Cricket,Elbow/Forearm,moderate,17,67,4,5,22.2,0,1,0,2,1,2,severe,1,10
Athletics,Ankle/Foot,mild,14,59,6,5,15.7,0,0,3,7,0,0,mild,0,3
Kabaddi,Thigh/Hamstring,mild,19,68,4,4,14.7,1,1,2,5,0,0,mild,0,4
Kabaddi,Ankle/Foot,severe,19,72,3,0,12.1,1,0,2,7,2,2,severe,1,26
Wrestling,Knee,mild,18,70,1,3,7.0,0,1,4,6,0,0,mild,0,3
Kabaddi,Elbow/Forearm,severe,18,48,6,5,7.5,1,1,2,2,2,2,severe,1,37
Cricket,Chest/Back,severe,23,57,8,1,9.9,0,0,0,4,2,2,severe,1,45
Football,Knee,severe,16,64,9,6,8.7,0,1,1,6,2,2,severe,1,95
Badminton,Knee,moderate,14,64,6,2,8.6,0,1,5,6,1,1,moderate,0,16
Wrestling,Ankle/Foot,moderate,16,46,4,4,24.5,0,1,4,7,1,1,moderate,0,7
Badminton,Elbow/Forearm,mild,24,50,6,4,14.3,0,0,5,2,0,0,mild,1,5
Wrestling,Shoulder,severe,17,73,5,2,11.7,0,0,4,1,2,2,severe,1,66
Wrestling,Knee,moderate,25,98,4,5,12.3,0,1,4,6,1,1,moderate,1,13
Football,Thigh/Hamstring,moderate,21,62,1,3,13.9,0,1,1,5,1,1,moderate,1,9
Badminton,Thigh/Hamstring,severe,23,75,4,0,21.0,0,1,5,5,2,2,severe,1,17
Kabaddi,Thigh/Hamstring,severe,17,77,6,4,5.0,1,1,2,5,2,2,severe,1,37
Football,Ankle/Foot,severe,21,63,1,2,19.5,1,0,1,7,2,1,moderate,1,27
Badminton,Chest/Back,severe,15,49,1,4,20.9,0,1,5,4,2,2,severe,1,27
Kabaddi,Knee,moderate,24,69,5,3,17.7,1,0,2,6,1,1,moderate,1,16
Badminton,Knee,mild,15,45,3,3,12.3,1,1,5,6,0,0,mild,0,4
Football,Head/Neck,moderate,19,66,5,3,20.6,1,0,1,0,1,2,severe,1,27
Athletics,Ankle/Foot,moderate,22,73,5,2,10.2,1,0,3,7,1,1,moderate,0,8
Badminton,Chest/Back,mild,20,46,3,5,18.0,0,0,5,4,0,0,mild,1,4
Football,Knee,mild,18,62,5,2,18.2,0,1,1,6,0,0,mild,0,5
Wrestling,Wrist/Hand,moderate,14,69,3,5,11.9,1,0,4,3,1,1,moderate,0,10
Wrestling,Knee,mild,20,56,1,4,14.6,0,1,4,6,0,0,mild,0,7
Badminton,Knee,mild,18,45,1,4,16.2,0,0,5,6,0,0,mild,1,3
Athletics,Thigh/Hamstring,severe,26,68,3,4,16.3,1,1,3,5,2,2,severe,1,21
Athletics,Chest/Back,mild,22,55,7,4,22.6,0,0,3,4,0,0,mild,0,5
Athletics,Ankle/Foot,mild,19,64,5,2,19.8,0,1,3,7,0,0,mild,0,4
Football,Knee,mild,25,86,6,3,11.6,0,0,1,6,0,0,mild,1,5
Cricket,Chest/Back,severe,23,73,4,3,22.8,0,0,0,4,2,2,severe,1,30
Football,Head/Neck,severe,27,59,4,4,13.0,0,1,1,0,2,2,severe,1,14
Football,Knee,severe,14,54,7,2,14.5,0,1,1,6,2,2,severe,1,53
Athletics,Shoulder,moderate,18,55,5,5,20.9,1,0,3,1,1,1,moderate,0,10
Kabaddi,Elbow/Forearm,severe,24,80,4,3,16.4,0,1,2,2,2,2,severe,1,41
Athletics,Ankle/Foot,mild,14,74,7,4,11.5,1,1,3,7,0,1,moderate,0,9
Badminton,Thigh/Hamstring,moderate,15,70,9,5,21.2,0,1,5,5,1,2,severe,1,17
Athletics,Knee,moderate,14,88,3,1,16.2,0,1,3,6,1,0,mild,1,23
Wrestling,Shoulder,moderate,15,50,6,4,13.7,0,1,4,1,1,1,moderate,0,16
Cricket,Wrist/Hand,mild,20,54,2,2,17.6,0,0,0,3,0,0,mild,0,2
Wrestling,Elbow/Forearm,moderate,16,63,4,2,16.0,1,0,4,2,1,1,moderate,0,14
Wrestling,Elbow/Forearm,moderate,23,93,7,4,11.3,1,1,4,2,1,0,mild,0,7
Football,Ankle/Foot,mild,17,78,3,3,13.5,0,1,1,7,0,0,mild,0,4
Kabaddi,Thigh/Hamstring,mild,22,70,3,3,14.7,0,0,2,5,0,0,mild,0,4
Football,Ankle/Foot,moderate,14,77,4,1,20.4,0,1,1,7,1,1,moderate,0,7
Cricket,Thigh/Hamstring,severe,14,74,1,0,21.6,0,1,0,5,2,2,severe,1,35
Athletics,Shoulder,moderate,15,64,2,3,8.0,0,0,3,1,1,1,moderate,1,14
Badminton,Shoulder,mild,19,74,6,3,16.1,0,1,5,1,0,0,mild,0,3
Wrestling,Thigh/Hamstring,moderate,20,65,4,0,20.6,1,0,4,5,1,1,moderate,0,7
Football,Ankle/Foot,mild,16,59,1,3,21.3,0,0,1,7,0,0,mild,0,3
Cricket,Shoulder,moderate,28,54,6,3,19.1,1,1,0,1,1,1,moderate,0,20
Badminton,Head/Neck,severe,17,55,2,4,22.7,1,0,5,0,2,1,moderate,1,51
Kabaddi,Ankle/Foot,moderate,18,74,6,2,19.0,0,0,2,7,1,1,moderate,0,9
Badminton,Thigh/Hamstring,moderate,17,68,5,5,16.2,1,1,5,5,1,1,moderate,0,13
Cricket,Shoulder,moderate,19,65,6,5,17.5,1,0,0,1,1,1,moderate,0,20
Badminton,Ankle/Foot,moderate,16,83,4,5,20.3,0,1,5,7,1,1,moderate,1,8
Athletics,Chest/Back,severe,23,74,7,4,17.7,1,1,3,4,2,2,severe,1,84
Wrestling,Ankle/Foot,mild,29,71,7,4,15.9,0,0,4,7,0,0,mild,0,2
Athletics,Thigh/Hamstring,mild,23,79,5,7,11.9,0,0,3,5,0,0,mild,0,2
Kabaddi,Chest/Back,moderate,15,59,1,4,18.7,0,0,2,4,1,1,moderate,1,11
Football,Knee,mild,20,61,3,1,6.1,1,0,1,6,0,1,moderate,0,28
Badminton,Knee,mild,25,51,6,4,14.1,1,0,5,6,0,0,mild,0,5
Badminton,Wrist/Hand,mild,17,72,2,2,10.1,1,1,5,3,0,1,moderate,1,11
Badminton,Knee,severe,24,81,5,5,13.2,0,1,5,6,2,1,moderate,1,81
Cricket,Thigh/Hamstring,mild,16,61,7,4,12.7,1,0,0,5,0,1,moderate,1,8
Athletics,Ankle/Foot,moderate,27,87,4,3,19.0,0,1,3,7,1,1,moderate,1,14
Cricket,Ankle/Foot,moderate,23,57,5,7,14.4,0,1,0,7,1,1,moderate,0,14
Football,Thigh/Hamstring,moderate,23,45,8,5,17.9,0,0,1,5,1,2,severe,1,21
Athletics,Ankle/Foot,moderate,27,86,7,3,12.9,1,1,3,7,1,1,moderate,1,6
Cricket,Elbow/Forearm,moderate,15,60,5,4,10.1,0,0,0,2,1,1,moderate,0,6
Wrestling,Wrist/Hand,severe,27,85,5,2,10.6,0,0,4,3,2,2,severe,1,33
Football,Knee,mild,20,87,7,4,20.6,0,0,1,6,0,0,mild,0,5
Badminton,Ankle/Foot,mild,19,81,3,5,12.6,1,0,5,7,0,0,mild,0,5
Cricket,Thigh/Hamstring,severe,23,62,5,3,26.0,0,0,0,5,2,2,severe,0,14
Kabaddi,Ankle/Foot,mild,14,61,7,6,12.4,1,1,2,7,0,0,mild,0,2
Cricket,Knee,mild,17,75,6,4,11.6,0,0,0,6,0,0,mild,0,3
Badminton,Ankle/Foot,moderate,19,69,4,5,9.2,1,0,5,7,1,1,moderate,0,10
Badminton,Elbow/Forearm,moderate,18,94,3,4,17.7,1,0,5,2,1,1,moderate,1,12
Football,Chest/Back,moderate,23,75,5,5,5.8,0,1,1,4,1,1,moderate,0,17
Kabaddi,Elbow/Forearm,mild,26,57,8,4,10.5,1,0,2,2,0,1,moderate,1,8
Kabaddi,Ankle/Foot,severe,20,60,9,7,5.0,0,1,2,7,2,2,severe,1,37
Cricket,Head/Neck,severe,14,59,2,3,8.5,0,1,0,0,2,2,severe,1,46
Cricket,Elbow/Forearm,mild,16,75,3,4,18.8,0,0,0,2,0,0,mild,0,5
Badminton,Thigh/Hamstring,mild,21,62,7,6,11.8,1,1,5,5,0,0,mild,0,2
Athletics,Knee,moderate,18,74,1,5,11.6,1,0,3,6,1,0,mild,0,22
Cricket,Ankle/Foot,severe,16,74,7,4,21.5,1,1,0,7,2,2,severe,0,23
Wrestling,Ankle/Foot,moderate,19,57,4,4,16.8,1,1,4,7,1,1,moderate,1,13
Badminton,Elbow/Forearm,moderate,28,78,6,3,10.3,1,1,5,2,1,1,moderate,0,14
Badminton,Ankle/Foot,moderate,20,51,5,4,10.8,0,0,5,7,1,1,moderate,0,8
Kabaddi,Ankle/Foot,moderate,22,59,1,2,12.0,0,0,2,7,1,1,moderate,0,9
Wrestling,Knee,mild,14,69,5,5,11.3,1,0,4,6,0,1,moderate,0,22
Wrestling,Elbow/Forearm,moderate,27,62,2,2,17.4,0,0,4,2,1,1,moderate,1,10
Athletics,Ankle/Foot,mild,14,72,6,0,14.9,1,0,3,7,0,0,mild,0,5
Wrestling,Knee,mild,15,58,6,4,17.8,0,0,4,6,0,0,mild,0,6
Football,Knee,mild,22,45,2,2,20.8,1,0,1,6,0,0,mild,0,3
Badminton,Thigh/Hamstring,moderate,26,63,1,5,15.6,0,1,5,5,1,1,moderate,0,12
Football,Shoulder,severe,14,51,6,3,11.4,0,0,1,1,2,2,severe,0,60
Athletics,Thigh/Hamstring,mild,18,56,5,2,17.4,0,0,3,5,0,0,mild,0,4
Badminton,Ankle/Foot,moderate,14,76,4,5,23.8,1,0,5,7,1,1,moderate,1,9
Badminton,Ankle/Foot,moderate,20,71,2,4,11.2,0,1,5,7,1,1,moderate,0,9
Kabaddi,Ankle/Foot,moderate,21,46,4,7,11.2,0,0,2,7,1,1,moderate,0,12
Cricket,Shoulder,mild,18,96,5,4,8.0,0,0,0,1,0,0,mild,0,4
Athletics,Chest/Back,moderate,26,54,3,5,10.4,1,0,3,4,1,1,moderate,0,10
Cricket,Wrist/Hand,mild,22,61,6,1,16.9,1,0,0,3,0,1,moderate,0,14
Kabaddi,Elbow/Forearm,moderate,14,84,5,5,18.7,1,0,2,2,1,1,moderate,1,5
Athletics,Chest/Back,moderate,19,75,7,2,11.3,0,1,3,4,1,1,moderate,0,11
Athletics,Thigh/Hamstring,moderate,21,66,2,2,21.2,0,0,3,5,1,2,severe,1,9
Athletics,Chest/Back,mild,20,64,7,4,15.0,0,0,3,4,0,0,mild,0,4
Badminton,Knee,moderate,28,72,6,5,28.1,0,1,5,6,1,1,moderate,1,22
Wrestling,Head/Neck,mild,19,66,6,3,11.2,0,1,4,0,0,0,mild,0,3
Wrestling,Shoulder,moderate,25,53,5,7,14.4,0,0,4,1,1,2,severe,0,64
Kabaddi,Head/Neck,severe,21,45,5,4,28.7,0,0,2,0,2,2,severe,1,23
Kabaddi,Knee,mild,22,82,6,4,10.4,0,0,2,6,0,0,mild,0,6
Cricket,Elbow/Forearm,mild,14,78,4,6,14.8,1,1,0,2,0,0,mild,1,2
Wrestling,Chest/Back,moderate,15,50,2,2,18.0,0,0,4,4,1,1,moderate,0,12
Athletics,Thigh/Hamstring,mild,17,77,8,4,8.9,0,0,3,5,0,0,mild,0,2
Kabaddi,Thigh/Hamstring,mild,17,79,1,1,17.1,0,0,2,5,0,0,mild,0,5
Cricket,Elbow/Forearm,mild,14,77,5,5,12.1,0,1,0,2,0,0,mild,0,4
Football,Ankle/Foot,severe,16,72,4,4,18.7,0,0,1,7,2,2,severe,1,40
Kabaddi,Ankle/Foot,mild,17,78,2,3,21.8,0,1,2,7,0,0,mild,0,1
Cricket,Elbow/Forearm,mild,23,88,5,4,8.6,0,0,0,2,0,0,mild,0,4
Football,Wrist/Hand,mild,21,70,7,4,15.7,1,1,1,3,0,1,moderate,0,8
Cricket,Wrist/Hand,severe,27,89,1,5,14.0,1,0,0,3,2,2,severe,1,45
Football,Knee,severe,17,61,5,5,15.4,0,1,1,6,2,2,severe,1,40
Badminton,Thigh/Hamstring,mild,30,62,2,4,27.2,1,0,5,5,0,0,mild,0,5
Kabaddi,Knee,severe,18,72,5,7,7.5,0,1,2,6,2,2,severe,1,102
Wrestling,Head/Neck,mild,14,71,7,1,19.2,1,1,4,0,0,0,mild,1,2
Badminton,Knee,mild,24,49,3,3,10.2,0,1,5,6,0,0,mild,0,6
Wrestling,Shoulder,mild,18,81,4,4,16.2,0,1,4,1,0,0,mild,0,5
Cricket,Thigh/Hamstring,moderate,14,72,5,5,21.8,1,0,0,5,1,1,moderate,0,12
Cricket,Elbow/Forearm,severe,17,50,1,4,10.9,0,0,0,2,2,2,severe,1,29
Cricket,Knee,moderate,18,75,5,2,17.0,1,0,0,6,1,1,moderate,0,11
Kabaddi,Knee,moderate,14,58,5,3,11.7,1,1,2,6,1,1,moderate,1,12
Badminton,Thigh/Hamstring,mild,17,72,6,4,23.3,0,1,5,5,0,0,mild,0,4
Football,Ankle/Foot,moderate,25,71,1,4,12.0,1,0,1,7,1,1,moderate,1,11
Athletics,Knee,mild,22,59,1,3,18.8,0,1,3,6,0,0,mild,0,6
Football,Ankle/Foot,mild,25,58,6,5,10.6,1,0,1,7,0,1,moderate,0,14
Wrestling,Wrist/Hand,mild,19,68,5,7,5.2,1,1,4,3,0,1,moderate,0,1
Wrestling,Knee,mild,19,45,3,3,7.9,1,0,4,6,0,1,moderate,1,11
Badminton,Thigh/Hamstring,moderate,21,62,5,3,19.8,0,0,5,5,1,1,moderate,0,7
Football,Knee,moderate,19,106,6,2,16.2,0,0,1,6,1,1,moderate,1,20
Kabaddi,Chest/Back,mild,17,79,2,5,17.7,1,0,2,4,0,0,mild,0,4
Athletics,Head/Neck,mild,14,52,3,2,21.6,0,0,3,0,0,0,mild,0,3
Athletics,Thigh/Hamstring,mild,15,84,5,4,18.7,1,0,3,5,0,1,moderate,1,9
Football,Head/Neck,severe,25,69,8,4,12.4,1,1,1,0,2,2,severe,1,27
Badminton,Thigh/Hamstring,moderate,26,54,10,5,18.6,0,1,5,5,1,1,moderate,0,12
Wrestling,Knee,mild,23,53,10,4,16.2,0,1,4,6,0,1,moderate,1,16
Football,Head/Neck,moderate,16,78,4,3,16.9,1,0,1,0,1,2,severe,1,17
Wrestling,Shoulder,severe,16,62,3,6,6.4,1,0,4,1,2,2,severe,1,84
Athletics,Knee,mild,23,71,6,3,8.1,0,1,3,6,0,0,mild,0,3
Badminton,Shoulder,moderate,16,62,6,6,18.8,0,0,5,1,1,2,severe,1,48
Badminton,Elbow/Forearm,moderate,14,71,5,4,10.9,1,0,5,2,1,1,moderate,0,12
Athletics,Thigh/Hamstring,mild,20,71,5,4,14.1,0,0,3,5,0,0,mild,0,2
Wrestling,Knee,mild,16,85,5,3,8.8,0,1,4,6,0,0,mild,0,7
Football,Head/Neck,moderate,14,84,1,3,22.9,1,1,1,0,1,2,severe,1,41
Kabaddi,Shoulder,mild,21,71,1,4,16.9,0,1,2,1,0,0,mild,0,3
Athletics,Thigh/Hamstring,moderate,24,64,3,4,23.1,0,0,3,5,1,1,moderate,0,11
Football,Ankle/Foot,mild,25,67,7,3,19.1,1,0,1,7,0,0,mild,0,8
Wrestling,Shoulder,severe,20,61,5,4,14.1,0,1,4,1,2,2,severe,1,50
Cricket,Elbow/Forearm,moderate,14,73,5,3,19.1,0,0,0,2,1,1,moderate,0,6
Kabaddi,Chest/Back,mild,24,81,5,3,12.1,1,0,2,4,0,0,mild,1,3
Athletics,Thigh/Hamstring,mild,18,54,4,3,21.9,0,1,3,5,0,0,mild,0,4
Football,Chest/Back,mild,17,97,4,3,15.0,1,0,1,4,0,0,mild,1,3
Kabaddi,Ankle/Foot,moderate,19,83,8,4,17.3,0,0,2,7,1,1,moderate,0,5
Athletics,Chest/Back,mild,19,61,6,5,18.4,0,0,3,4,0,0,mild,0,3
Kabaddi,Chest/Back,mild,23,58,1,4,19.1,0,0,2,4,0,0,mild,0,2
Badminton,Elbow/Forearm,moderate,18,80,3,4,17.6,0,1,5,2,1,1,moderate,0,11
Badminton,Elbow/Forearm,moderate,15,58,2,3,17.5,0,0,5,2,1,1,moderate,1,9
Wrestling,Wrist/Hand,mild,29,47,2,4,16.1,0,1,4,3,0,0,mild,0,4
Cricket,Wrist/Hand,mild,19,73,7,6,20.6,1,0,0,3,0,0,mild,0,3
Athletics,Thigh/Hamstring,mild,22,75,4,5,24.0,0,1,3,5,0,0,mild,0,3
Wrestling,Chest/Back,mild,15,56,3,2,16.4,0,0,4,4,0,0,mild,0,2
Athletics,Knee,mild,20,69,7,4,13.5,0,0,3,6,0,0,mild,0,6
Football,Shoulder,severe,21,73,2,3,13.1,0,0,1,1,2,2,severe,1,85
Badminton,Thigh/Hamstring,moderate,17,70,7,6,15.9,1,0,5,5,1,2,severe,0,36
Badminton,Knee,moderate,15,56,3,2,19.3,0,0,5,6,1,1,moderate,0,24
Athletics,Knee,mild,18,72,4,3,13.4,1,0,3,6,0,0,mild,0,3
Football,Head/Neck,mild,23,53,3,4,17.6,1,0,1,0,0,0,mild,1,1
Wrestling,Chest/Back,moderate,20,73,4,5,22.3,0,1,4,4,1,1,moderate,0,19
Athletics,Chest/Back,severe,16,45,2,2,23.7,1,1,3,4,2,2,severe,1,23
Cricket,Ankle/Foot,moderate,25,45,1,4,16.7,1,0,0,7,1,1,moderate,0,8
Wrestling,Elbow/Forearm,mild,14,67,5,4,18.4,0,1,4,2,0,0,mild,0,5
Kabaddi,Knee,severe,18,67,7,3,16.2,0,0,2,6,2,2,severe,1,36
Cricket,Shoulder,moderate,19,68,3,2,19.1,0,1,0,1,1,1,moderate,0,21
Kabaddi,Knee,mild,22,45,5,4,5.0,1,0,2,6,0,0,mild,0,6
Cricket,Elbow/Forearm,moderate,22,62,9,4,14.5,0,0,0,2,1,2,severe,1,43
Athletics,Knee,moderate,14,62,2,5,14.0,0,0,3,6,1,1,moderate,0,10
Athletics,Ankle/Foot,moderate,23,76,3,4,20.6,1,0,3,7,1,1,moderate,0,5
Badminton,Knee,mild,23,61,3,5,13.4,0,0,5,6,0,0,mild,0,5
Wrestling,Knee,severe,25,54,9,6,16.5,0,1,4,6,2,2,severe,1,91
Athletics,Thigh/Hamstring,severe,16,80,1,3,24.7,0,1,3,5,2,2,severe,1,35
Badminton,Knee,mild,15,47,1,0,14.2,0,0,5,6,0,0,mild,0,7
Badminton,Knee,moderate,28,57,5,2,8.3,1,1,5,6,1,1,moderate,0,23
Athletics,Knee,severe,24,51,7,4,9.2,0,1,3,6,2,2,severe,1,79
Football,Knee,moderate,19,55,5,2,15.6,0,0,1,6,1,1,moderate,1,13
Athletics,Shoulder,severe,15,69,4,5,19.7,1,0,3,1,2,2,severe,1,78
Badminton,Elbow/Forearm,mild,26,80,4,4,22.2,0,1,5,2,0,0,mild,1,3
Football,Ankle/Foot,mild,24,45,6,3,8.2,0,1,1,7,0,0,mild,0,3
Athletics,Ankle/Foot,mild,20,76,4,1,10.6,0,1,3,7,0,0,mild,0,5
Athletics,Knee,moderate,20,75,6,3,10.7,0,0,3,6,1,1,moderate,0,18
Badminton,Ankle/Foot,moderate,32,66,1,2,10.5,1,1,5,7,1,2,severe,1,19
Athletics,Elbow/Forearm,moderate,27,76,9,4,21.2,0,0,3,2,1,2,severe,0,46
Cricket,Chest/Back,moderate,20,53,5,4,22.9,0,0,0,4,1,1,moderate,1,14
Badminton,Ankle/Foot,moderate,27,72,5,3,17.2,1,0,5,7,1,1,moderate,1,11
Badminton,Knee,moderate,33,61,5,1,19.5,0,0,5,6,1,1,moderate,0,28
Wrestling,Ankle/Foot,severe,14,53,3,6,13.9,0,0,4,7,2,2,severe,1,42
Kabaddi,Shoulder,mild,22,73,4,5,17.3,0,0,2,1,0,0,mild,0,4
Wrestling,Shoulder,moderate,14,66,4,6,17.5,0,0,4,1,1,2,severe,1,36
Badminton,Elbow/Forearm,moderate,28,75,1,3,18.8,0,1,5,2,1,1,moderate,1,9
Badminton,Elbow/Forearm,moderate,17,69,5,3,20.9,1,0,5,2,1,1,moderate,0,6
Kabaddi,Chest/Back,severe,23,75,8,2,12.0,0,1,2,4,2,2,severe,1,42
Wrestling,Chest/Back,moderate,24,73,4,6,8.2,0,1,4,4,1,2,severe,1,22
Wrestling,Thigh/Hamstring,moderate,28,63,5,3,19.3,0,1,4,5,1,1,moderate,0,7
Kabaddi,Shoulder,severe,20,71,7,2,15.1,0,1,2,1,2,2,severe,1,42
Kabaddi,Ankle/Foot,mild,35,45,8,3,17.4,0,1,2,7,0,0,mild,0,4
Wrestling,Head/Neck,moderate,25,45,7,2,15.3,1,0,4,0,1,2,severe,1,37
Wrestling,Knee,moderate,17,54,4,5,16.7,0,0,4,6,1,1,moderate,0,11
Wrestling,Shoulder,mild,19,50,4,4,14.0,1,1,4,1,0,0,mild,0,2
Kabaddi,Head/Neck,moderate,19,58,1,2,18.3,1,1,2,0,1,2,severe,1,48
Kabaddi,Shoulder,mild,14,55,4,5,7.2,0,1,2,1,0,0,mild,0,3
Cricket,Wrist/Hand,mild,27,78,6,6,11.2,0,0,0,3,0,0,mild,0,4
Football,Thigh/Hamstring,mild,18,54,2,5,15.7,0,0,1,5,0,0,mild,0,4
Kabaddi,Knee,mild,14,82,1,3,9.8,0,0,2,6,0,0,mild,0,4
Football,Wrist/Hand,moderate,14,52,4,3,12.4,0,1,1,3,1,1,moderate,1,11
Badminton,Shoulder,severe,14,78,3,4,19.8,0,1,5,1,2,2,severe,1,65
Kabaddi,Head/Neck,mild,32,59,1,5,15.8,1,1,2,0,0,0,mild,1,1
Football,Shoulder,severe,19,78,5,1,20.8,0,1,1,1,2,2,severe,1,85
Kabaddi,Wrist/Hand,severe,23,73,3,4,15.0,0,0,2,3,2,2,severe,1,44
Wrestling,Thigh/Hamstring,mild,14,83,1,2,16.2,0,0,4,5,0,0,mild,1,4
Athletics,Chest/Back,mild,15,75,6,2,17.5,1,0,3,4,0,0,mild,0,5
Athletics,Thigh/Hamstring,mild,14,82,2,6,16.5,0,1,3,5,0,0,mild,0,2
Badminton,Knee,moderate,14,79,4,5,15.6,0,0,5,6,1,1,moderate,0,19
Kabaddi,Knee,mild,14,67,7,5,20.5,1,0,2,6,0,0,mild,0,6
Cricket,Shoulder,moderate,16,76,3,2,5.0,0,0,0,1,1,1,moderate,1,19
Athletics,Ankle/Foot,moderate,17,88,2,4,18.6,0,0,3,7,1,1,moderate,0,10
Wrestling,Knee,moderate,14,84,3,2,6.9,0,0,4,6,1,1,moderate,1,21
Athletics,Ankle/Foot,mild,14,48,10,3,15.1,1,1,3,7,0,1,moderate,0,13
Athletics,Thigh/Hamstring,severe,14,62,5,2,15.1,0,1,3,5,2,2,severe,1,31
Athletics,Ankle/Foot,mild,18,63,4,4,18.3,0,0,3,7,0,0,mild,0,5
Wrestling,Head/Neck,mild,19,74,4,3,20.7,0,1,4,0,0,0,mild,0,3
Wrestling,Wrist/Hand,severe,14,62,8,4,15.8,1,0,4,3,2,2,severe,1,16
Athletics,Knee,moderate,14,68,5,1,17.1,1,1,3,6,1,1,moderate,1,11
Kabaddi,Ankle/Foot,mild,20,79,6,7,12.4,1,0,2,7,0,1,moderate,1,6
Cricket,Elbow/Forearm,moderate,21,69,6,1,14.7,0,1,0,2,1,1,moderate,1,12
Athletics,Chest/Back,moderate,28,45,7,6,16.8,1,0,3,4,1,2,severe,1,54
Badminton,Elbow/Forearm,moderate,15,60,1,5,14.3,0,0,5,2,1,1,moderate,1,12
Wrestling,Knee,moderate,20,54,3,2,9.7,0,1,4,6,1,1,moderate,1,22
Football,Ankle/Foot,mild,25,68,5,7,15.0,0,0,1,7,0,0,mild,0,5
Cricket,Wrist/Hand,mild,20,65,6,4,17.4,0,0,0,3,0,0,mild,0,2
Cricket,Knee,moderate,23,75,5,5,11.1,0,1,0,6,1,1,moderate,0,16
Kabaddi,Ankle/Foot,mild,22,64,8,1,13.2,0,0,2,7,0,1,moderate,0,5
Football,Knee,moderate,15,80,4,5,12.9,1,0,1,6,1,1,moderate,1,18
Cricket,Chest/Back,moderate,17,63,10,6,17.2,0,0,0,4,1,1,moderate,0,9
Football,Chest/Back,moderate,20,65,1,4,17.5,0,0,1,4,1,1,moderate,1,21
Badminton,Chest/Back,mild,26,45,5,5,19.3,0,1,5,4,0,0,mild,0,2
Wrestling,Shoulder,moderate,19,87,5,3,11.9,1,0,4,1,1,1,moderate,0,21
Badminton,Shoulder,severe,20,73,6,2,13.2,1,0,5,1,2,2,severe,1,40
Cricket,Thigh/Hamstring,mild,14,67,6,3,16.9,1,0,0,5,0,1,moderate,0,6
Athletics,Knee,mild,26,90,6,6,16.1,0,0,3,6,0,0,mild,0,4
Athletics,Head/Neck,mild,14,45,8,3,21.4,1,0,3,0,0,0,mild,1,2
Athletics,Knee,moderate,20,58,1,5,17.4,0,1,3,6,1,1,moderate,0,20
Kabaddi,Ankle/Foot,moderate,21,60,5,2,14.2,0,0,2,7,1,1,moderate,1,13
Kabaddi,Thigh/Hamstring,mild,26,57,5,7,12.1,0,0,2,5,0,0,mild,0,4
Kabaddi,Wrist/Hand,mild,14,59,4,4,15.9,0,0,2,3,0,0,mild,0,4
Kabaddi,Knee,mild,17,73,5,4,15.9,1,0,2,6,0,1,moderate,1,28
Football,Thigh/Hamstring,mild,28,79,2,4,17.6,1,0,1,5,0,1,moderate,0,6
Athletics,Thigh/Hamstring,moderate,17,63,8,3,17.8,0,0,3,5,1,1,moderate,1,13
Athletics,Thigh/Hamstring,moderate,22,86,2,5,6.8,0,0,3,5,1,1,moderate,0,11
Athletics,Chest/Back,mild,16,59,7,4,15.3,0,1,3,4,0,0,mild,0,3
Cricket,Shoulder,moderate,18,59,7,3,16.5,0,0,0,1,1,1,moderate,0,12
Athletics,Thigh/Hamstring,moderate,14,70,3,4,5.0,0,0,3,5,1,1,moderate,0,13
Badminton,Elbow/Forearm,severe,15,94,5,4,15.7,1,0,5,2,2,2,severe,1,33
Badminton,Ankle/Foot,mild,18,68,5,3,19.8,0,0,5,7,0,0,mild,0,2
Kabaddi,Elbow/Forearm,moderate,19,45,4,5,21.0,1,1,2,2,1,1,moderate,1,8
Wrestling,Head/Neck,moderate,28,58,1,2,19.2,0,1,4,0,1,2,severe,1,19
Athletics,Ankle/Foot,severe,15,66,7,4,23.0,0,0,3,7,2,2,severe,1,21
Cricket,Ankle/Foot,mild,16,68,2,3,20.4,1,0,0,7,0,0,mild,0,5
Badminton,Thigh/Hamstring,moderate,21,77,9,3,18.3,0,0,5,5,1,1,moderate,1,13
Wrestling,Wrist/Hand,severe,14,50,3,4,18.8,0,1,4,3,2,2,severe,1,29
Kabaddi,Thigh/Hamstring,mild,14,53,5,2,15.7,0,1,2,5,0,0,mild,0,3
Badminton,Chest/Back,moderate,14,82,6,5,11.9,1,1,5,4,1,1,moderate,1,17
Kabaddi,Chest/Back,severe,30,69,4,6,10.2,0,0,2,4,2,2,severe,1,64
Cricket,Wrist/Hand,moderate,14,56,10,3,15.9,0,1,0,3,1,2,severe,1,15
Kabaddi,Chest/Back,mild,23,62,5,2,20.9,0,1,2,4,0,0,mild,0,5
Cricket,Chest/Back,moderate,22,68,5,4,18.5,1,1,0,4,1,1,moderate,1,21
Kabaddi,Thigh/Hamstring,severe,27,66,3,5,12.8,0,0,2,5,2,2,severe,1,33
Badminton,Elbow/Forearm,moderate,17,63,1,5,16.5,0,1,5,2,1,1,moderate,0,9
Badminton,Shoulder,mild,14,61,2,5,16.8,0,1,5,1,0,0,mild,0,4
Cricket,Shoulder,moderate,18,70,1,2,9.2,0,1,0,1,1,1,moderate,0,17
Wrestling,Knee,mild,27,55,1,2,11.9,0,0,4,6,0,0,mild,0,5
Wrestling,Wrist/Hand,moderate,19,63,5,3,18.3,0,0,4,3,1,1,moderate,1,6
Athletics,Elbow/Forearm,mild,25,69,3,4,15.2,1,1,3,2,0,0,mild,0,5
Kabaddi,Knee,moderate,23,74,5,3,22.1,1,1,2,6,1,0,mild,1,22
Athletics,Thigh/Hamstring,severe,18,75,6,2,12.5,0,0,3,5,2,2,severe,1,29
Badminton,Shoulder,severe,17,57,9,4,15.4,1,1,5,1,2,2,severe,1,42
Wrestling,Shoulder,moderate,23,73,1,4,16.4,0,1,4,1,1,1,moderate,0,17
Cricket,Shoulder,mild,16,72,2,2,20.8,0,0,0,1,0,0,mild,1,5
Badminton,Knee,severe,26,79,6,3,17.0,1,1,5,6,2,2,severe,1,68
Wrestling,Shoulder,moderate,23,56,5,5,5.0,1,0,4,1,1,0,mild,0,14
Cricket,Shoulder,mild,21,60,2,3,10.4,0,0,0,1,0,0,mild,0,5
Kabaddi,Head/Neck,mild,34,80,7,1,12.5,1,1,2,0,0,1,moderate,1,8
Wrestling,Shoulder,moderate,20,73,2,4,20.5,0,0,4,1,1,1,moderate,1,21
Cricket,Shoulder,moderate,25,45,4,2,24.8,0,0,0,1,1,1,moderate,1,20
Wrestling,Knee,severe,20,59,2,4,11.5,0,1,4,6,2,2,severe,1,120
Athletics,Ankle/Foot,severe,16,73,9,2,11.7,0,0,3,7,2,2,severe,1,42
Badminton,Elbow/Forearm,mild,26,80,8,2,19.3,0,0,5,2,0,0,mild,0,5
Badminton,Elbow/Forearm,mild,17,61,4,3,13.5,0,0,5,2,0,0,mild,0,2
Football,Head/Neck,moderate,23,53,2,5,21.2,0,1,1,0,1,2,severe,1,36
Kabaddi,Knee,mild,14,72,5,3,23.9,0,0,2,6,0,0,mild,0,4
Athletics,Thigh/Hamstring,mild,14,45,8,2,13.5,0,1,3,5,0,0,mild,0,2
Football,Ankle/Foot,severe,14,68,5,4,9.3,1,1,1,7,2,2,severe,1,28
Cricket,Shoulder,moderate,17,66,6,3,25.0,1,0,0,1,1,1,moderate,1,11
Badminton,Elbow/Forearm,moderate,25,72,9,3,13.4,1,1,5,2,1,2,severe,1,45
Cricket,Wrist/Hand,mild,14,62,4,5,17.5,1,1,0,3,0,0,mild,1,4
Cricket,Shoulder,mild,14,67,4,7,6.8,1,0,0,1,0,1,moderate,1,11
Badminton,Elbow/Forearm,mild,15,89,3,4,10.6,0,0,5,2,0,0,mild,0,5
Badminton,Thigh/Hamstring,moderate,28,64,8,3,18.6,0,0,5,5,1,1,moderate,0,7
Badminton,Knee,mild,20,64,6,3,20.5,1,0,5,6,0,1,moderate,1,22
Kabaddi,Chest/Back,mild,19,53,4,2,18.6,0,0,2,4,0,0,mild,0,4
Football,Thigh/Hamstring,mild,14,59,5,6,17.5,1,1,1,5,0,1,moderate,0,13
Football,Head/Neck,moderate,23,53,3,3,22.1,0,0,1,0,1,2,severe,1,25
Cricket,Thigh/Hamstring,moderate,24,81,5,3,20.1,0,1,0,5,1,1,moderate,1,14
Kabaddi,Shoulder,moderate,14,74,7,4,9.6,0,0,2,1,1,1,moderate,0,12
Football,Knee,moderate,25,66,4,4,18.4,0,0,1,6,1,1,moderate,1,13
Cricket,Ankle/Foot,severe,14,72,1,4,22.7,0,0,0,7,2,2,severe,1,34
Wrestling,Elbow/Forearm,moderate,21,82,4,5,31.0,1,0,4,2,1,1,moderate,0,13
Badminton,Elbow/Forearm,mild,17,55,3,2,6.6,0,1,5,2,0,0,mild,0,3
Football,Knee,mild,29,45,4,3,14.2,0,0,1,6,0,0,mild,0,5
Athletics,Ankle/Foot,mild,21,83,5,3,18.9,1,0,3,7,0,1,moderate,0,5
Cricket,Shoulder,mild,15,67,4,3,21.0,0,0,0,1,0,0,mild,0,4
Football,Ankle/Foot,mild,14,67,3,5,12.5,0,0,1,7,0,0,mild,0,3
Athletics,Thigh/Hamstring,moderate,24,67,1,5,15.7,1,0,3,5,1,1,moderate,0,8
Wrestling,Shoulder,moderate,15,72,6,3,19.9,0,0,4,1,1,1,moderate,0,9
Athletics,Ankle/Foot,mild,22,88,4,3,12.9,1,0,3,7,0,0,mild,0,2
Football,Head/Neck,moderate,20,67,9,3,11.9,1,0,1,0,1,2,severe,1,59
Kabaddi,Shoulder,moderate,21,61,8,2,14.8,0,0,2,1,1,1,moderate,1,11
Kabaddi,Ankle/Foot,mild,26,55,3,5,13.0,0,0,2,7,0,0,mild,0,1
Football,Knee,moderate,17,64,6,7,12.5,0,0,1,6,1,2,severe,1,109
Football,Ankle/Foot,mild,34,82,3,5,18.7,0,0,1,7,0,0,mild,0,5
Athletics,Knee,mild,21,66,6,4,25.0,0,0,3,6,0,0,mild,0,6
Athletics,Thigh/Hamstring,severe,22,89,3,3,13.2,0,0,3,5,2,2,severe,1,37
Athletics,Thigh/Hamstring,mild,17,86,1,5,29.0,0,0,3,5,0,0,mild,0,5
Athletics,Chest/Back,moderate,25,51,5,3,17.9,1,1,3,4,1,1,moderate,1,10
Kabaddi,Ankle/Foot,mild,24,90,1,5,15.1,1,1,2,7,0,1,moderate,1,14
Badminton,Shoulder,mild,17,51,4,5,16.8,0,1,5,1,0,0,mild,0,4
Cricket,Wrist/Hand,moderate,20,76,5,3,7.1,0,0,0,3,1,1,moderate,1,12
Football,Head/Neck,mild,21,94,4,6,19.9,0,1,1,0,0,0,mild,0,1
Kabaddi,Chest/Back,moderate,19,54,4,2,11.9,0,0,2,4,1,1,moderate,1,14
Badminton,Chest/Back,severe,22,45,2,2,19.1,0,1,5,4,2,2,severe,1,77
Wrestling,Ankle/Foot,severe,19,57,5,5,15.6,1,0,4,7,2,2,severe,1,30
Cricket,Elbow/Forearm,moderate,19,80,4,5,24.9,1,0,0,2,1,1,moderate,0,9
Football,Thigh/Hamstring,severe,25,94,1,3,18.4,0,0,1,5,2,2,severe,1,26
Kabaddi,Knee,mild,21,70,8,4,11.8,1,0,2,6,0,0,mild,0,5
Football,Ankle/Foot,mild,25,61,6,5,13.4,0,0,1,7,0,0,mild,1,4
Football,Wrist/Hand,moderate,16,72,7,4,22.8,0,0,1,3,1,1,moderate,1,8
Football,Wrist/Hand,severe,16,65,1,1,20.9,1,1,1,3,2,2,severe,1,45
Athletics,Wrist/Hand,mild,15,85,5,1,23.7,0,0,3,3,0,0,mild,0,2
Athletics,Chest/Back,moderate,19,54,4,5,22.3,0,0,3,4,1,1,moderate,1,9
Athletics,Knee,moderate,20,67,10,3,12.6,0,0,3,6,1,2,severe,1,51
Badminton,Thigh/Hamstring,moderate,23,55,2,3,11.1,1,0,5,5,1,1,moderate,1,11
Football,Knee,moderate,26,61,6,4,22.1,0,0,1,6,1,1,moderate,1,27
Badminton,Wrist/Hand,severe,18,80,6,5,14.9,1,0,5,3,2,2,severe,0,20
Football,Ankle/Foot,mild,16,68,3,2,12.2,1,1,1,7,0,0,mild,0,2
Cricket,Shoulder,moderate,16,59,3,4,14.6,0,0,0,1,1,1,moderate,0,17
Football,Head/Neck,severe,29,74,6,3,10.0,0,1,1,0,2,2,severe,1,48
Badminton,Elbow/Forearm,severe,19,55,3,3,5.0,0,0,5,2,2,2,severe,1,51
Athletics,Chest/Back,severe,15,49,7,1,10.5,1,0,3,4,2,2,severe,1,35
Athletics,Thigh/Hamstring,severe,21,86,6,5,7.3,0,0,3,5,2,2,severe,1,30
Badminton,Shoulder,moderate,17,82,6,4,18.5,0,1,5,1,1,1,moderate,0,10
Badminton,Knee,severe,23,50,2,4,21.3,0,1,5,6,2,2,severe,1,48
Kabaddi,Chest/Back,mild,14,47,6,2,7.8,1,0,2,4,0,1,moderate,1,16
Kabaddi,Thigh/Hamstring,moderate,23,92,5,4,12.2,1,0,2,5,1,1,moderate,0,5
Wrestling,Chest/Back,moderate,22,61,3,3,12.2,0,1,4,4,1,1,moderate,0,9
Cricket,Ankle/Foot,mild,14,62,1,4,9.7,0,1,0,7,0,0,mild,0,3
Cricket,Knee,severe,15,63,1,6,9.8,0,0,0,6,2,2,severe,1,78
Kabaddi,Elbow/Forearm,mild,25,78,9,3,14.0,1,0,2,2,0,0,mild,0,2
Kabaddi,Shoulder,mild,17,61,4,3,12.6,1,0,2,1,0,1,moderate,0,21
Kabaddi,Knee,moderate,20,52,3,3,14.8,0,1,2,6,1,1,moderate,1,26
Cricket,Ankle/Foot,moderate,20,58,4,6,15.0,1,1,0,7,1,2,severe,1,34
Football,Chest/Back,mild,18,63,10,5,12.2,0,0,1,4,0,1,moderate,1,11
Cricket,Thigh/Hamstring,moderate,22,55,10,2,17.8,1,0,0,5,1,2,severe,1,39
Wrestling,Chest/Back,moderate,18,77,3,7,21.8,0,0,4,4,1,1,moderate,1,10
Badminton,Wrist/Hand,mild,25,72,4,3,13.3,0,0,5,3,0,0,mild,0,1
Kabaddi,Shoulder,mild,14,79,4,2,15.8,1,0,2,1,0,0,mild,0,2
Cricket,Shoulder,mild,18,91,4,4,13.3,0,0,0,1,0,0,mild,0,5
Athletics,Ankle/Foot,severe,18,55,3,2,12.8,0,1,3,7,2,2,severe,1,19
Athletics,Chest/Back,moderate,23,68,4,3,14.5,0,0,3,4,1,1,moderate,1,16
Wrestling,Thigh/Hamstring,moderate,18,56,6,4,14.2,1,0,4,5,1,1,moderate,1,10
Kabaddi,Head/Neck,severe,20,51,1,3,12.5,1,1,2,0,2,2,severe,1,56
Cricket,Shoulder,severe,20,63,5,5,20.2,0,0,0,1,2,2,severe,1,39
Cricket,Shoulder,severe,20,89,3,6,20.4,0,0,0,1,2,2,severe,1,69
Kabaddi,Wrist/Hand,mild,20,71,4,4,15.7,1,1,2,3,0,0,mild,0,2
Kabaddi,Knee,mild,21,71,2,4,23.1,0,0,2,6,0,0,mild,0,7
Football,Thigh/Hamstring,moderate,28,48,8,5,19.0,0,1,1,5,1,1,moderate,0,13
Kabaddi,Shoulder,moderate,14,75,3,2,13.6,0,1,2,1,1,1,moderate,1,11
Football,Thigh/Hamstring,mild,22,54,5,2,25.7,1,0,1,5,0,0,mild,0,3
Badminton,Elbow/Forearm,mild,19,59,3,4,20.8,0,0,5,2,0,0,mild,0,5
Cricket,Shoulder,severe,19,60,3,6,18.6,1,0,0,1,2,2,severe,1,65
Wrestling,Wrist/Hand,mild,26,71,6,3,12.8,0,1,4,3,0,0,mild,0,4
Kabaddi,Chest/Back,moderate,22,60,1,4,16.9,0,0,2,4,1,1,moderate,0,17
Athletics,Knee,moderate,18,72,3,4,17.6,1,0,3,6,1,1,moderate,1,19
Wrestling,Elbow/Forearm,mild,21,90,3,2,16.2,0,0,4,2,0,0,mild,0,3
Football,Wrist/Hand,mild,27,77,7,6,14.5,1,1,1,3,0,1,moderate,0,10
Kabaddi,Ankle/Foot,mild,17,66,5,3,21.7,1,0,2,7,0,0,mild,0,2
Kabaddi,Thigh/Hamstring,mild,14,63,3,2,17.6,0,0,2,5,0,0,mild,0,2
Kabaddi,Ankle/Foot,severe,19,56,7,3,19.4,1,1,2,7,2,2,severe,1,30
Wrestling,Thigh/Hamstring,moderate,22,69,7,3,12.7,0,0,4,5,1,1,moderate,0,5
Kabaddi,Knee,mild,21,58,1,5,17.1,0,0,2,6,0,0,mild,0,7
Badminton,Wrist/Hand,moderate,19,68,2,3,9.8,0,0,5,3,1,0,mild,1,13
Football,Ankle/Foot,mild,19,52,1,2,21.1,0,0,1,7,0,0,mild,0,5
Kabaddi,Chest/Back,mild,14,100,7,4,8.6,0,0,2,4,0,0,mild,1,2
Kabaddi,Knee,moderate,20,63,6,5,8.0,0,0,2,6,1,1,moderate,1,11
Cricket,Thigh/Hamstring,severe,22,92,2,3,17.7,0,0,0,5,2,1,moderate,1,27
Kabaddi,Shoulder,severe,23,77,1,4,17.2,1,0,2,1,2,2,severe,1,37
Wrestling,Knee,severe,27,84,3,5,13.4,0,0,4,6,2,2,severe,1,114
Athletics,Elbow/Forearm,moderate,29,76,4,3,21.2,1,1,3,2,1,1,moderate,1,9
Athletics,Elbow/Forearm,mild,22,50,8,4,18.9,0,0,3,2,0,2,severe,1,10
Badminton,Wrist/Hand,moderate,14,81,5,3,15.4,0,0,5,3,1,1,moderate,0,8
Kabaddi,Wrist/Hand,moderate,18,74,4,2,21.7,0,0,2,3,1,1,moderate,1,10
Wrestling,Head/Neck,moderate,15,74,7,2,17.5,1,1,4,0,1,2,severe,1,29
Badminton,Head/Neck,mild,14,45,8,4,17.1,1,0,5,0,0,0,mild,1,3
Badminton,Knee,moderate,20,68,1,4,16.5,1,0,5,6,1,1,moderate,0,13
Cricket,Shoulder,moderate,17,72,1,3,12.2,1,1,0,1,1,1,moderate,0,14
Kabaddi,Knee,moderate,19,61,4,7,11.6,1,0,2,6,1,2,severe,1,81
Football,Ankle/Foot,mild,26,61,8,3,17.8,0,0,1,7,0,0,mild,0,4
Wrestling,Wrist/Hand,moderate,28,82,7,1,22.0,0,1,4,3,1,1,moderate,0,6
Football,Shoulder,moderate,16,57,1,7,15.0,0,1,1,1,1,2,severe,1,61
Football,Knee,moderate,25,77,4,2,11.8,0,0,1,6,1,1,moderate,0,26
Athletics,Knee,severe,33,68,1,4,21.8,0,1,3,6,2,2,severe,1,105
Wrestling,Elbow/Forearm,moderate,22,53,3,3,24.4,0,1,4,2,1,1,moderate,0,7
Wrestling,Wrist/Hand,severe,14,58,1,3,13.3,0,0,4,3,2,2,severe,1,43
Badminton,Ankle/Foot,mild,25,59,7,5,21.3,1,0,5,7,0,0,mild,0,2
Athletics,Ankle/Foot,mild,29,56,6,3,17.5,0,0,3,7,0,0,mild,0,2
Kabaddi,Ankle/Foot,mild,16,88,3,2,13.6,0,0,2,7,0,0,mild,0,1
Athletics,Shoulder,mild,26,64,10,3,19.8,0,1,3,1,0,1,moderate,1,12
Badminton,Thigh/Hamstring,moderate,22,54,5,5,19.1,0,0,5,5,1,1,moderate,0,9
Athletics,Chest/Back,mild,19,60,3,0,20.2,0,0,3,4,0,0,mild,0,2
Badminton,Chest/Back,mild,22,75,2,6,16.1,0,1,5,4,0,0,mild,0,2
Athletics,Thigh/Hamstring,moderate,16,45,4,3,9.0,1,1,3,5,1,1,moderate,1,13
Cricket,Shoulder,mild,18,85,8,2,17.6,1,1,0,1,0,1,moderate,1,7
Wrestling,Ankle/Foot,mild,19,59,4,3,14.6,0,1,4,7,0,0,mild,0,5
Wrestling,Head/Neck,mild,17,68,3,5,14.6,1,0,4,0,0,0,mild,0,1
Athletics,Knee,mild,21,58,4,3,21.5,1,1,3,6,0,1,moderate,0,20
Football,Thigh/Hamstring,moderate,30,70,2,4,17.8,0,0,1,5,1,1,moderate,0,10
Football,Knee,severe,21,84,4,5,16.1,0,0,1,6,2,2,severe,1,80
Kabaddi,Chest/Back,mild,21,73,4,3,23.0,0,0,2,4,0,0,mild,0,2
Kabaddi,Head/Neck,mild,17,64,2,4,14.3,0,0,2,0,0,0,mild,0,3
Wrestling,Head/Neck,mild,21,71,6,7,11.4,0,0,4,0,0,0,mild,0,1
Cricket,Shoulder,mild,20,55,3,1,16.9,1,1,0,1,0,1,moderate,1,20
Badminton,Thigh/Hamstring,moderate,26,68,5,4,5.0,0,1,5,5,1,1,moderate,0,11
Badminton,Elbow/Forearm,mild,19,60,5,2,9.5,0,0,5,2,0,0,mild,0,2
Football,Thigh/Hamstring,moderate,24,70,4,2,5.0,1,1,1,5,1,1,moderate,0,10
Football,Knee,moderate,14,62,7,5,12.5,1,1,1,6,1,1,moderate,1,22
Athletics,Wrist/Hand,mild,14,74,5,2,11.9,0,0,3,3,0,0,mild,0,2
Badminton,Ankle/Foot,moderate,25,78,9,3,24.5,0,0,5,7,1,2,severe,1,17
Athletics,Shoulder,moderate,24,49,4,3,19.0,0,0,3,1,1,1,moderate,0,14
Athletics,Wrist/Hand,severe,24,72,6,4,22.4,0,0,3,3,2,2,severe,1,29
Kabaddi,Chest/Back,moderate,22,47,8,5,14.7,0,0,2,4,1,2,severe,1,28
Kabaddi,Knee,mild,19,61,9,3,9.6,0,0,2,6,0,1,moderate,0,25
Kabaddi,Shoulder,moderate,14,72,8,3,18.8,1,0,2,1,1,1,moderate,1,14
Kabaddi,Knee,mild,26,60,6,4,18.6,0,0,2,6,0,0,mild,0,3
Athletics,Knee,severe,21,67,2,2,17.4,0,0,3,6,2,2,severe,1,52
Cricket,Elbow/Forearm,moderate,19,62,7,4,26.5,0,1,0,2,1,0,mild,1,9
Wrestling,Shoulder,moderate,20,57,6,3,11.8,0,1,4,1,1,1,moderate,1,18
Cricket,Ankle/Foot,mild,27,75,2,4,22.8,0,1,0,7,0,0,mild,0,2
Kabaddi,Elbow/Forearm,severe,14,65,5,3,8.9,0,0,2,2,2,2,severe,1,45
Badminton,Thigh/Hamstring,mild,14,67,2,4,15.7,1,1,5,5,0,0,mild,0,5
Badminton,Elbow/Forearm,mild,29,67,4,4,14.1,0,0,5,2,0,0,mild,1,5
Wrestling,Knee,mild,14,72,8,4,19.9,1,1,4,6,0,0,mild,0,4
Football,Thigh/Hamstring,mild,17,69,1,3,17.2,0,1,1,5,0,0,mild,0,5
Athletics,Ankle/Foot,severe,23,66,2,6,24.0,0,0,3,7,2,2,severe,1,24
Football,Knee,mild,18,67,8,3,15.3,1,0,1,6,0,0,mild,0,6
Football,Shoulder,moderate,20,102,10,3,5.5,1,0,1,1,1,1,moderate,0,11
Wrestling,Wrist/Hand,severe,20,68,1,3,28.3,0,1,4,3,2,2,severe,1,25
Wrestling,Chest/Back,moderate,21,75,5,3,12.2,0,0,4,4,1,1,moderate,1,15
Badminton,Wrist/Hand,mild,14,80,2,2,16.8,0,0,5,3,0,0,mild,0,2
Athletics,Head/Neck,mild,16,91,3,1,14.5,0,0,3,0,0,0,mild,0,3
Football,Chest/Back,moderate,17,48,4,6,17.2,1,0,1,4,1,2,severe,1,27
Kabaddi,Thigh/Hamstring,mild,25,51,10,5,15.2,0,1,2,5,0,0,mild,0,2
Athletics,Shoulder,moderate,21,75,2,2,17.2,0,1,3,1,1,1,moderate,1,20
Kabaddi,Knee,mild,17,81,8,1,21.0,0,0,2,6,0,0,mild,0,3
Badminton,Thigh/Hamstring,mild,24,72,1,4,17.7,0,0,5,5,0,0,mild,0,3
Badminton,Knee,mild,17,69,6,4,13.8,1,0,5,6,0,0,mild,0,3
Football,Knee,severe,31,45,5,5,13.4,0,0,1,6,2,2,severe,1,67
Athletics,Knee,moderate,14,59,4,2,12.2,0,0,3,6,1,1,moderate,1,18
Cricket,Shoulder,moderate,21,78,4,4,11.4,0,0,0,1,1,1,moderate,1,15
Athletics,Thigh/Hamstring,mild,26,53,6,4,10.4,1,0,3,5,0,0,mild,0,2
Badminton,Shoulder,mild,23,88,2,2,14.8,0,0,5,1,0,0,mild,0,2
Cricket,Chest/Back,mild,23,83,5,5,14.0,1,1,0,4,0,0,mild,0,4
Kabaddi,Thigh/Hamstring,moderate,16,66,8,4,5.0,0,0,2,5,1,2,severe,1,38
Cricket,Chest/Back,mild,19,46,4,4,17.1,0,1,0,4,0,0,mild,0,2
Football,Knee,mild,14,51,6,3,16.1,0,1,1,6,0,0,mild,0,7
Cricket,Shoulder,moderate,17,69,4,0,15.6,0,1,0,1,1,1,moderate,1,8
Kabaddi,Wrist/Hand,mild,23,66,5,4,22.3,0,0,2,3,0,0,mild,0,4
Football,Elbow/Forearm,moderate,14,57,8,3,8.7,0,0,1,2,1,1,moderate,1,6
Wrestling,Knee,moderate,24,59,5,3,16.5,0,1,4,6,1,1,moderate,1,14
Cricket,Wrist/Hand,moderate,24,50,3,2,7.9,0,0,0,3,1,1,moderate,1,9
Wrestling,Knee,mild,21,88,6,4,13.6,1,1,4,6,0,0,mild,0,4
Kabaddi,Knee,moderate,23,63,5,5,14.1,1,1,2,6,1,1,moderate,1,15
Cricket,Chest/Back,mild,22,57,2,4,13.0,0,1,0,4,0,0,mild,0,3
Football,Wrist/Hand,severe,22,84,3,2,22.1,0,1,1,3,2,2,severe,1,46
Athletics,Ankle/Foot,moderate,14,58,2,4,10.2,1,1,3,7,1,1,moderate,0,14
Athletics,Knee,mild,20,77,4,3,12.1,1,1,3,6,0,1,moderate,1,21
Kabaddi,Wrist/Hand,mild,20,68,2,4,16.6,0,0,2,3,0,0,mild,0,2
Wrestling,Knee,mild,19,76,3,5,21.0,0,1,4,6,0,0,mild,0,5
Kabaddi,Knee,mild,14,73,5,4,12.0,1,1,2,6,0,1,moderate,1,24
Football,Thigh/Hamstring,mild,17,89,5,1,19.7,0,1,1,5,0,0,mild,0,5
Kabaddi,Chest/Back,mild,23,84,5,6,7.9,1,0,2,4,0,0,mild,0,4
Kabaddi,Shoulder,mild,19,68,7,3,7.4,1,0,2,1,0,0,mild,0,5
Athletics,Knee,mild,14,59,1,3,17.9,0,0,3,6,0,0,mild,0,6
Athletics,Thigh/Hamstring,mild,23,79,3,6,15.1,0,0,3,5,0,0,mild,0,2
Athletics,Thigh/Hamstring,mild,19,52,6,5,15.3,0,0,3,5,0,0,mild,0,4
Athletics,Elbow/Forearm,mild,24,54,7,6,24.2,0,1,3,2,0,0,mild,0,4
Cricket,Chest/Back,moderate,23,57,2,2,28.1,1,1,0,4,1,1,moderate,1,20
Cricket,Elbow/Forearm,moderate,19,102,9,4,13.9,0,1,0,2,1,2,severe,1,42
Badminton,Knee,mild,17,76,7,3,9.8,0,0,5,6,0,0,mild,0,4
Athletics,Knee,severe,24,91,7,1,10.0,0,1,3,6,2,2,severe,1,81
Badminton,Chest/Back,severe,25,65,4,4,13.1,1,0,5,4,2,2,severe,1,85
Cricket,Elbow/Forearm,mild,17,90,3,3,20.3,0,0,0,2,0,0,mild,0,2
Football,Thigh/Hamstring,severe,16,66,4,4,13.6,1,0,1,5,2,2,severe,1,22
Cricket,Elbow/Forearm,mild,14,58,8,5,16.5,1,1,0,2,0,1,moderate,0,9
Athletics,Thigh/Hamstring,moderate,22,62,1,4,14.9,1,0,3,5,1,1,moderate,1,6
Wrestling,Wrist/Hand,moderate,22,54,4,3,9.2,0,1,4,3,1,1,moderate,1,14
Badminton,Chest/Back,mild,16,65,7,2,10.6,1,0,5,4,0,0,mild,0,4
Badminton,Elbow/Forearm,mild,23,85,2,2,13.8,1,0,5,2,0,0,mild,0,4
Athletics,Ankle/Foot,mild,14,81,3,3,13.5,0,0,3,7,0,0,mild,0,2
Athletics,Thigh/Hamstring,mild,21,58,6,4,15.1,1,1,3,5,0,0,mild,0,4
Athletics,Thigh/Hamstring,severe,15,62,5,3,16.8,1,1,3,5,2,2,severe,0,40
Cricket,Shoulder,mild,24,76,5,5,11.7,0,0,0,1,0,0,mild,0,4
Cricket,Knee,mild,14,90,1,5,12.0,1,0,0,6,0,1,moderate,1,21
Football,Ankle/Foot,moderate,18,63,4,6,16.2,0,0,1,7,1,1,moderate,0,12
Football,Ankle/Foot,moderate,14,45,4,4,5.4,1,0,1,7,1,1,moderate,0,12
Cricket,Thigh/Hamstring,moderate,24,68,4,5,20.0,0,0,0,5,1,1,moderate,0,10
Athletics,Chest/Back,mild,21,72,1,5,9.0,0,0,3,4,0,0,mild,0,3
Badminton,Shoulder,moderate,14,45,10,3,23.3,1,0,5,1,1,1,moderate,1,11
Wrestling,Knee,severe,19,69,4,3,10.1,0,1,4,6,2,2,severe,1,32
Wrestling,Shoulder,moderate,24,63,6,3,19.0,0,1,4,1,1,1,moderate,1,17
Athletics,Shoulder,mild,15,85,7,3,16.4,1,0,3,1,0,1,moderate,0,15
Athletics,Ankle/Foot,mild,17,55,4,4,13.1,0,1,3,7,0,0,mild,0,3
Athletics,Thigh/Hamstring,mild,16,61,5,3,12.7,0,0,3,5,0,0,mild,0,4
Badminton,Thigh/Hamstring,mild,15,54,2,4,14.9,0,0,5,5,0,0,mild,0,5
Badminton,Knee,mild,16,57,7,2,11.6,0,1,5,6,0,0,mild,0,7
Kabaddi,Thigh/Hamstring,moderate,22,62,1,5,12.7,0,0,2,5,1,1,moderate,0,12
Cricket,Ankle/Foot,moderate,18,65,1,6,18.6,0,0,0,7,1,2,severe,1,34
Wrestling,Head/Neck,moderate,27,57,7,6,15.8,0,1,4,0,1,2,severe,1,43
Athletics,Knee,mild,14,67,7,6,10.1,1,1,3,6,0,0,mild,0,7
Cricket,Elbow/Forearm,moderate,14,52,1,5,12.5,1,1,0,2,1,1,moderate,0,9
Athletics,Knee,mild,23,76,5,2,11.6,0,1,3,6,0,0,mild,0,4
Kabaddi,Ankle/Foot,mild,20,62,7,2,15.3,0,0,2,7,0,0,mild,0,3
Cricket,Shoulder,mild,20,64,2,6,13.7,1,0,0,1,0,0,mild,0,3
Badminton,Elbow/Forearm,moderate,15,58,8,3,5.0,0,1,5,2,1,2,severe,1,49
Athletics,Thigh/Hamstring,mild,14,60,3,4,13.4,0,0,3,5,0,1,moderate,0,2
Athletics,Ankle/Foot,moderate,21,74,2,3,7.4,0,1,3,7,1,1,moderate,1,5
Football,Ankle/Foot,mild,22,71,1,3,20.1,0,1,1,7,0,0,mild,0,5
Cricket,Chest/Back,mild,16,47,3,5,18.5,0,0,0,4,0,0,mild,0,3
Kabaddi,Knee,mild,17,79,10,5,15.2,1,1,2,6,0,1,moderate,1,25
Wrestling,Knee,moderate,14,62,4,5,16.2,1,0,4,6,1,1,moderate,1,28
Athletics,Knee,severe,19,63,2,4,15.8,0,0,3,6,2,2,severe,1,77
Kabaddi,Knee,moderate,14,66,9,1,19.7,0,0,2,6,1,1,moderate,1,20
Cricket,Chest/Back,mild,14,69,3,2,23.3,0,0,0,4,0,0,mild,1,3
Athletics,Ankle/Foot,mild,26,64,2,2,19.7,0,0,3,7,0,0,mild,0,4
Athletics,Thigh/Hamstring,moderate,20,62,5,4,21.2,0,0,3,5,1,1,moderate,1,12
Kabaddi,Shoulder,severe,18,59,5,4,5.0,0,0,2,1,2,2,severe,1,77
Badminton,Ankle/Foot,moderate,19,87,6,6,11.3,1,0,5,7,1,1,moderate,1,6
Kabaddi,Wrist/Hand,mild,30,68,1,5,19.5,1,1,2,3,0,0,mild,0,1
Badminton,Thigh/Hamstring,moderate,16,57,5,5,15.3,1,1,5,5,1,1,moderate,1,12
Wrestling,Knee,mild,22,53,6,3,13.4,1,0,4,6,0,0,mild,0,7
Kabaddi,Wrist/Hand,mild,15,61,1,5,22.6,0,0,2,3,0,0,mild,0,3
Football,Thigh/Hamstring,severe,23,45,1,3,7.0,0,0,1,5,2,2,severe,1,29
Badminton,Thigh/Hamstring,mild,14,65,4,3,17.6,1,0,5,5,0,0,mild,0,4
Kabaddi,Ankle/Foot,moderate,18,53,1,5,24.3,1,1,2,7,1,1,moderate,1,11
Wrestling,Elbow/Forearm,mild,14,53,7,6,22.0,0,0,4,2,0,0,mild,0,4
Cricket,Thigh/Hamstring,mild,19,76,4,4,8.8,1,1,0,5,0,1,moderate,0,11
Kabaddi,Shoulder,moderate,18,53,4,4,13.1,0,1,2,1,1,1,moderate,1,14
Football,Ankle/Foot,mild,17,65,4,2,19.0,0,1,1,7,0,0,mild,0,2
Wrestling,Elbow/Forearm,moderate,27,62,4,1,23.5,0,1,4,2,1,1,moderate,0,8
Football,Elbow/Forearm,moderate,21,71,6,3,16.8,1,0,1,2,1,1,moderate,0,5
Wrestling,Chest/Back,moderate,24,62,3,2,24.3,0,0,4,4,1,1,moderate,1,17
Football,Thigh/Hamstring,severe,24,66,7,3,16.5,0,0,1,5,2,2,severe,0,39
Athletics,Thigh/Hamstring,moderate,21,82,6,4,18.5,1,0,3,5,1,1,moderate,0,5
Wrestling,Chest/Back,severe,17,69,6,5,12.1,1,1,4,4,2,2,severe,1,72
Wrestling,Head/Neck,mild,20,56,2,2,15.1,0,1,4,0,0,0,mild,0,2
Football,Ankle/Foot,mild,17,84,8,5,17.6,1,1,1,7,0,1,moderate,0,13
Football,Head/Neck,moderate,23,61,5,4,27.1,1,0,1,0,1,2,severe,1,45
Athletics,Ankle/Foot,severe,18,71,8,3,13.5,0,1,3,7,2,2,severe,1,24
Cricket,Thigh/Hamstring,severe,19,95,3,2,23.8,0,0,0,5,2,2,severe,1,36
Kabaddi,Head/Neck,moderate,14,72,5,1,12.0,1,0,2,0,1,2,severe,1,57
Kabaddi,Thigh/Hamstring,mild,18,67,7,4,14.2,0,1,2,5,0,0,mild,0,3
Football,Knee,mild,18,76,1,4,21.2,0,0,1,6,0,0,mild,0,7
Football,Shoulder,mild,14,57,1,5,11.3,0,1,1,1,0,0,mild,0,3
Athletics,Knee,mild,24,53,5,2,7.6,0,1,3,6,0,0,mild,0,6
Badminton,Head/Neck,mild,23,80,2,5,12.4,0,0,5,0,0,0,mild,1,3
Kabaddi,Knee,mild,20,49,1,2,17.8,1,0,2,6,0,1,moderate,1,26
Kabaddi,Chest/Back,mild,21,84,4,5,17.9,0,1,2,4,0,0,mild,0,4
Cricket,Chest/Back,moderate,20,61,1,5,15.5,0,0,0,4,1,1,moderate,1,8
Cricket,Shoulder,severe,18,74,7,1,8.5,0,1,0,1,2,2,severe,1,77
Kabaddi,Chest/Back,severe,18,61,1,3,19.2,1,0,2,4,2,2,severe,0,68
Athletics,Head/Neck,moderate,22,71,8,2,12.9,1,0,3,0,1,2,severe,1,54
Cricket,Elbow/Forearm,severe,27,61,2,4,19.3,1,0,0,2,2,2,severe,1,43
Football,Ankle/Foot,moderate,30,85,1,4,20.2,0,0,1,7,1,1,moderate,0,7
Wrestling,Thigh/Hamstring,moderate,27,72,1,4,12.2,0,0,4,5,1,1,moderate,1,12
Wrestling,Ankle/Foot,severe,14,50,3,6,14.7,0,0,4,7,2,2,severe,1,32
Kabaddi,Shoulder,mild,26,72,10,4,14.7,0,0,2,1,0,0,mild,0,3
Wrestling,Shoulder,severe,16,69,1,1,22.0,0,1,4,1,2,2,severe,1,34
Kabaddi,Head/Neck,moderate,15,62,3,7,9.6,1,0,2,0,1,2,severe,1,27
Badminton,Wrist/Hand,severe,16,53,2,2,9.5,0,1,5,3,2,2,severe,1,15
Football,Knee,mild,23,70,9,3,14.7,0,0,1,6,0,0,mild,0,7
Kabaddi,Shoulder,mild,18,90,4,0,18.4,1,0,2,1,0,0,mild,0,4
Wrestling,Shoulder,moderate,23,57,10,4,8.3,1,0,4,1,1,1,moderate,0,20
Badminton,Chest/Back,mild,14,65,5,1,19.4,0,1,5,4,0,0,mild,0,3
Athletics,Ankle/Foot,mild,14,81,6,1,22.4,1,1,3,7,0,1,moderate,0,2
Football,Ankle/Foot,moderate,15,68,6,5,16.0,1,1,1,7,1,1,moderate,0,6
Kabaddi,Knee,severe,18,77,1,5,15.2,0,0,2,6,2,2,severe,1,117
Wrestling,Shoulder,moderate,20,94,3,4,18.4,0,0,4,1,1,1,moderate,0,11
Cricket,Thigh/Hamstring,moderate,19,80,6,4,17.3,0,0,0,5,1,1,moderate,1,11
Football,Ankle/Foot,mild,21,45,6,1,27.5,0,0,1,7,0,0,mild,0,2
Badminton,Chest/Back,mild,24,74,4,4,5.0,0,0,5,4,0,0,mild,0,5
Badminton,Knee,severe,18,50,2,2,21.6,0,0,5,6,2,2,severe,1,41
Athletics,Ankle/Foot,severe,27,77,5,3,25.2,0,1,3,7,2,2,severe,1,18
Athletics,Elbow/Forearm,severe,20,72,6,4,13.2,1,1,3,2,2,2,severe,1,52
Kabaddi,Knee,severe,16,62,8,5,17.0,0,0,2,6,2,2,severe,1,35
Football,Ankle/Foot,severe,14,72,5,4,18.2,1,0,1,7,2,2,severe,0,31
Football,Wrist/Hand,moderate,14,66,5,5,18.6,1,0,1,3,1,1,moderate,1,11
Badminton,Ankle/Foot,mild,21,52,7,6,13.8,0,1,5,7,0,0,mild,1,2
Cricket,Wrist/Hand,severe,20,66,4,2,16.8,0,0,0,3,2,2,severe,1,19
Athletics,Chest/Back,severe,17,45,1,4,9.6,1,0,3,4,2,2,severe,1,27
Badminton,Shoulder,severe,19,60,3,3,15.7,0,1,5,1,2,2,severe,1,43
Cricket,Wrist/Hand,moderate,18,97,9,4,18.0,0,0,0,3,1,1,moderate,1,14
Wrestling,Shoulder,mild,29,57,3,2,24.9,0,0,4,1,0,0,mild,0,5
Badminton,Thigh/Hamstring,moderate,18,72,3,4,15.0,1,0,5,5,1,1,moderate,0,7
Athletics,Knee,moderate,19,88,4,6,15.3,0,1,3,6,1,1,moderate,1,13
Badminton,Elbow/Forearm,moderate,15,60,5,6,16.2,0,0,5,2,1,2,severe,1,42
Badminton,Knee,mild,23,61,4,4,15.9,0,1,5,6,0,0,mild,1,5
Badminton,Ankle/Foot,moderate,26,90,1,6,17.0,1,0,5,7,1,2,severe,1,17
Cricket,Shoulder,moderate,17,45,10,5,9.2,1,1,0,1,1,2,severe,1,84
Badminton,Wrist/Hand,severe,19,67,5,3,9.5,1,0,5,3,2,2,severe,1,15
Badminton,Shoulder,severe,14,64,3,6,23.3,0,1,5,1,2,2,severe,1,31
Athletics,Ankle/Foot,moderate,14,83,6,2,14.2,0,0,3,7,1,1,moderate,0,10
Kabaddi,Knee,moderate,22,70,4,2,20.1,0,1,2,6,1,1,moderate,1,26
Kabaddi,Head/Neck,mild,22,82,1,4,23.2,1,1,2,0,0,0,mild,0,1
Athletics,Ankle/Foot,mild,26,73,5,2,17.4,0,0,3,7,0,0,mild,0,5
Athletics,Elbow/Forearm,severe,18,59,2,3,10.0,1,0,3,2,2,2,severe,1,24
Football,Knee,mild,24,96,4,1,14.2,0,0,1,6,0,0,mild,1,7
Wrestling,Wrist/Hand,moderate,20,72,2,5,22.5,0,0,4,3,1,1,moderate,1,11
Cricket,Chest/Back,mild,14,48,5,4,23.2,0,0,0,4,0,0,mild,0,3
Badminton,Thigh/Hamstring,mild,21,82,1,5,18.2,1,1,5,5,0,0,mild,0,2
Wrestling,Elbow/Forearm,mild,17,68,5,3,21.7,0,0,4,2,0,0,mild,0,5
Cricket,Chest/Back,mild,19,58,5,4,20.5,0,0,0,4,0,0,mild,0,2
Cricket,Head/Neck,mild,22,89,3,2,13.8,0,0,0,0,0,0,mild,1,1
Athletics,Shoulder,moderate,29,69,8,3,18.1,0,0,3,1,1,2,severe,1,78
Football,Head/Neck,mild,22,51,7,5,15.5,0,0,1,0,0,0,mild,0,3
Kabaddi,Ankle/Foot,moderate,21,68,6,4,18.3,0,0,2,7,1,1,moderate,0,8
Football,Ankle/Foot,mild,24,69,1,4,18.6,1,0,1,7,0,0,mild,0,5
Football,Chest/Back,mild,20,68,1,4,16.6,0,1,1,4,0,0,mild,0,3
Badminton,Knee,mild,26,75,1,1,18.8,1,0,5,6,0,0,mild,0,3
Football,Knee,severe,21,80,5,3,12.8,0,1,1,6,2,2,severe,1,117
Football,Thigh/Hamstring,severe,23,80,1,3,11.6,1,1,1,5,2,2,severe,1,26
Kabaddi,Chest/Back,moderate,14,63,1,0,11.3,0,0,2,4,1,1,moderate,1,18
Cricket,Shoulder,mild,23,67,7,5,13.3,0,0,0,1,0,0,mild,0,4
Kabaddi,Wrist/Hand,mild,23,67,3,4,16.4,0,1,2,3,0,0,mild,0,2
Football,Head/Neck,moderate,14,70,8,4,14.2,0,0,1,0,1,2,severe,1,51
Badminton,Elbow/Forearm,mild,19,78,3,2,15.7,1,1,5,2,0,0,mild,0,3
Wrestling,Shoulder,mild,19,55,6,5,18.1,0,1,4,1,0,0,mild,0,5
Football,Thigh/Hamstring,mild,19,64,7,3,11.3,0,1,1,5,0,0,mild,0,4
Wrestling,Thigh/Hamstring,severe,16,63,7,1,14.7,0,0,4,5,2,2,severe,1,18
Wrestling,Head/Neck,severe,17,58,2,3,28.9,0,0,4,0,2,2,severe,1,43
Cricket,Elbow/Forearm,moderate,16,68,4,3,13.2,1,1,0,2,1,1,moderate,1,14
Kabaddi,Wrist/Hand,moderate,25,71,4,6,10.7,0,0,2,3,1,1,moderate,1,12
Football,Chest/Back,moderate,14,94,1,4,17.6,0,0,1,4,1,1,moderate,1,21
Wrestling,Shoulder,mild,20,67,4,2,25.7,1,0,4,1,0,0,mild,0,4
Athletics,Elbow/Forearm,severe,18,75,6,3,22.7,1,0,3,2,2,2,severe,1,58
Football,Knee,moderate,17,60,2,4,14.3,1,1,1,6,1,1,moderate,1,18
Athletics,Thigh/Hamstring,mild,27,75,8,3,9.5,1,0,3,5,0,0,mild,0,3
Cricket,Chest/Back,moderate,26,78,6,3,20.0,0,0,0,4,1,1,moderate,0,13
Kabaddi,Thigh/Hamstring,severe,17,67,4,2,15.6,0,0,2,5,2,2,severe,1,34
Kabaddi,Elbow/Forearm,mild,14,61,4,2,23.5,0,0,2,2,0,0,mild,0,5
Kabaddi,Chest/Back,mild,19,66,1,5,19.0,0,1,2,4,0,0,mild,0,3
Football,Ankle/Foot,severe,27,74,5,5,18.1,0,0,1,7,2,2,severe,1,16
Football,Thigh/Hamstring,severe,20,71,6,3,14.3,0,0,1,5,2,2,severe,1,40
Badminton,Thigh/Hamstring,mild,14,80,7,4,12.0,0,0,5,5,0,0,mild,0,4
Football,Knee,mild,26,82,1,3,10.3,0,1,1,6,0,0,mild,0,3
Athletics,Thigh/Hamstring,moderate,27,52,7,3,23.3,1,0,3,5,1,1,moderate,0,8
Athletics,Thigh/Hamstring,severe,14,62,5,4,23.9,0,0,3,5,2,2,severe,1,26
Athletics,Thigh/Hamstring,mild,26,60,1,2,10.5,0,0,3,5,0,0,mild,0,4
Badminton,Shoulder,moderate,14,71,9,4,20.0,0,1,5,1,1,2,severe,1,86
Cricket,Wrist/Hand,severe,25,79,5,2,14.0,0,1,0,3,2,2,severe,1,51
Cricket,Elbow/Forearm,mild,15,79,2,4,21.4,0,1,0,2,0,0,mild,0,3
Kabaddi,Knee,mild,18,69,5,4,20.9,0,1,2,6,0,0,mild,0,3
Wrestling,Chest/Back,moderate,25,65,2,1,11.3,1,0,4,4,1,1,moderate,0,15
Badminton,Elbow/Forearm,moderate,14,57,5,5,14.0,0,0,5,2,1,1,moderate,0,12
Cricket,Knee,moderate,25,80,5,5,19.6,0,1,0,6,1,1,moderate,1,17
Athletics,Head/Neck,mild,22,92,4,5,13.6,0,1,3,0,0,0,mild,0,2
Athletics,Knee,severe,17,70,7,3,18.0,0,0,3,6,2,2,severe,1,43
Cricket,Elbow/Forearm,severe,23,57,3,2,20.8,0,0,0,2,2,2,severe,0,28
Cricket,Elbow/Forearm,moderate,14,73,5,6,14.0,0,1,0,2,1,2,severe,1,32
Cricket,Wrist/Hand,mild,24,66,4,5,21.8,0,0,0,3,0,0,mild,0,3
Cricket,Knee,moderate,14,70,3,4,15.2,1,0,0,6,1,1,moderate,0,28
Athletics,Ankle/Foot,severe,18,96,6,5,16.2,1,1,3,7,2,2,severe,1,27
Wrestling,Wrist/Hand,mild,14,55,4,3,26.1,1,1,4,3,0,0,mild,0,2
Cricket,Thigh/Hamstring,severe,14,83,5,1,9.7,1,0,0,5,2,2,severe,1,14
Kabaddi,Wrist/Hand,severe,14,48,4,4,16.6,0,1,2,3,2,2,severe,1,33
Wrestling,Shoulder,severe,22,69,4,2,15.3,0,0,4,1,2,2,severe,1,39
Badminton,Ankle/Foot,moderate,24,79,10,0,19.8,1,1,5,7,1,1,moderate,0,13
Badminton,Knee,severe,14,68,4,3,15.6,0,0,5,6,2,2,severe,1,91
Athletics,Thigh/Hamstring,mild,25,72,1,2,21.0,0,0,3,5,0,0,mild,0,2
Football,Chest/Back,severe,18,68,4,7,16.1,0,1,1,4,2,2,severe,1,90
Cricket,Shoulder,mild,19,73,7,4,13.2,0,0,0,1,0,0,mild,0,3
Athletics,Chest/Back,mild,15,61,6,5,5.0,1,0,3,4,0,0,mild,0,4
Badminton,Knee,mild,14,79,9,4,11.8,0,0,5,6,0,1,moderate,1,28
Athletics,Chest/Back,severe,25,66,1,2,25.8,0,1,3,4,2,2,severe,1,21
Badminton,Elbow/Forearm,mild,16,62,6,0,19.3,0,1,5,2,0,0,mild,0,3
Cricket,Wrist/Hand,moderate,17,60,3,5,5.0,1,0,0,3,1,1,moderate,0,5
Athletics,Ankle/Foot,mild,16,68,9,3,10.1,1,1,3,7,0,0,mild,0,2
Kabaddi,Chest/Back,mild,17,63,3,3,16.8,1,1,2,4,0,1,moderate,0,16
Athletics,Chest/Back,moderate,14,83,8,6,8.3,1,0,3,4,1,2,severe,1,70
Athletics,Knee,mild,14,75,5,3,15.7,1,1,3,6,0,1,moderate,0,21
Wrestling,Knee,moderate,18,68,3,6,18.7,0,0,4,6,1,1,moderate,1,24
Football,Thigh/Hamstring,moderate,15,69,10,5,18.5,0,0,1,5,1,2,severe,0,24
Athletics,Knee,moderate,14,59,3,2,19.4,0,1,3,6,1,1,moderate,1,11
Cricket,Elbow/Forearm,mild,25,63,8,4,14.9,0,0,0,2,0,0,mild,0,4
Athletics,Ankle/Foot,severe,19,67,4,5,10.1,0,0,3,7,2,2,severe,1,30
Badminton,Head/Neck,severe,16,68,1,4,16.0,1,0,5,0,2,2,severe,1,58
Wrestling,Elbow/Forearm,moderate,21,83,5,2,16.9,0,0,4,2,1,1,moderate,0,9
Wrestling,Shoulder,mild,23,78,3,3,12.5,1,0,4,1,0,1,moderate,0,11
Cricket,Knee,mild,25,73,3,4,13.2,0,1,0,6,0,0,mild,0,5
Athletics,Knee,moderate,14,59,7,4,14.0,1,0,3,6,1,1,moderate,1,28
Kabaddi,Shoulder,moderate,18,66,7,6,16.9,0,0,2,1,1,1,moderate,0,7
Wrestling,Shoulder,moderate,19,74,5,4,23.8,0,0,4,1,1,1,moderate,1,21
Athletics,Thigh/Hamstring,mild,16,72,8,2,21.1,1,0,3,5,0,0,mild,0,2
Athletics,Thigh/Hamstring,mild,25,48,3,0,14.2,0,1,3,5,0,0,mild,0,2
Badminton,Ankle/Foot,moderate,14,92,3,0,5.0,0,1,5,7,1,1,moderate,0,11
Athletics,Chest/Back,mild,21,45,2,2,24.4,0,0,3,4,0,0,mild,0,4
Kabaddi,Ankle/Foot,severe,19,57,7,5,13.1,1,1,2,7,2,2,severe,1,27
Football,Knee,mild,18,66,7,3,18.2,0,1,1,6,0,0,mild,0,6
Wrestling,Knee,moderate,20,56,3,6,14.1,0,0,4,6,1,2,severe,1,110
Athletics,Knee,mild,20,71,4,3,9.1,0,0,3,6,0,0,mild,0,5
Cricket,Shoulder,moderate,25,68,7,3,12.0,0,1,0,1,1,1,moderate,1,12
Athletics,Knee,severe,24,68,4,4,17.4,0,0,3,6,2,2,severe,1,39
Badminton,Elbow/Forearm,moderate,30,100,6,2,13.3,1,0,5,2,1,1,moderate,1,6
Wrestling,Chest/Back,moderate,14,84,5,3,29.8,0,0,4,4,1,1,moderate,1,10
Badminton,Elbow/Forearm,moderate,27,77,4,5,22.1,0,0,5,2,1,1,moderate,0,10
Athletics,Chest/Back,mild,23,57,3,7,23.5,0,0,3,4,0,0,mild,0,5
Football,Knee,mild,22,75,7,4,11.1,1,0,1,6,0,1,moderate,1,10
Cricket,Thigh/Hamstring,mild,17,66,5,3,10.4,0,0,0,5,0,0,mild,0,4
Cricket,Shoulder,moderate,18,64,4,6,20.4,0,0,0,1,1,2,severe,1,73
Badminton,Ankle/Foot,severe,16,66,8,6,9.4,0,0,5,7,2,2,severe,0,38
Wrestling,Shoulder,mild,21,68,8,0,22.6,1,0,4,1,0,1,moderate,0,8
Athletics,Thigh/Hamstring,mild,18,80,1,2,21.9,1,0,3,5,0,1,moderate,0,7
Cricket,Shoulder,mild,14,79,6,3,16.6,0,0,0,1,0,0,mild,0,5
Badminton,Shoulder,moderate,14,60,4,1,20.4,0,1,5,1,1,1,moderate,0,7
Cricket,Wrist/Hand,moderate,15,65,9,3,16.9,1,1,0,3,1,2,severe,1,52
Football,Ankle/Foot,severe,24,62,5,2,26.1,0,1,1,7,2,2,severe,1,15
Athletics,Thigh/Hamstring,mild,20,76,7,4,15.0,1,1,3,5,0,1,moderate,0,5
Athletics,Shoulder,moderate,14,64,5,0,16.6,1,0,3,1,1,1,moderate,0,11
Wrestling,Head/Neck,severe,20,72,1,2,26.8,0,0,4,0,2,2,severe,1,56
Cricket,Knee,moderate,19,70,6,3,6.7,1,0,0,6,1,1,moderate,1,28
Wrestling,Head/Neck,severe,21,70,10,4,18.7,0,1,4,0,2,2,severe,1,27
Athletics,Thigh/Hamstring,mild,21,65,3,5,18.3,1,1,3,5,0,1,moderate,0,7
Cricket,Knee,mild,18,63,8,3,11.8,0,0,0,6,0,1,moderate,0,13
Cricket,Elbow/Forearm,moderate,20,55,3,4,15.2,0,0,0,2,1,1,moderate,0,13
Athletics,Thigh/Hamstring,moderate,17,77,4,3,10.3,0,1,3,5,1,1,moderate,0,13
Badminton,Ankle/Foot,moderate,20,63,7,3,20.2,1,1,5,7,1,1,moderate,1,14
Cricket,Shoulder,moderate,21,50,1,3,12.9,0,1,0,1,1,2,severe,0,9
Kabaddi,Shoulder,moderate,26,79,5,3,19.5,0,0,2,1,1,1,moderate,1,17
Wrestling,Thigh/Hamstring,mild,20,46,3,0,19.1,1,1,4,5,0,0,mild,0,2
Wrestling,Chest/Back,moderate,16,70,2,4,18.7,1,0,4,4,1,1,moderate,0,13
Athletics,Thigh/Hamstring,mild,14,68,3,7,11.5,1,1,3,5,0,0,mild,0,4
Badminton,Ankle/Foot,mild,19,68,7,4,16.7,0,0,5,7,0,0,mild,0,1
Badminton,Elbow/Forearm,mild,26,78,4,5,14.1,0,1,5,2,0,0,mild,0,3
Athletics,Chest/Back,severe,23,68,4,1,22.5,0,0,3,4,2,2,severe,1,59
Wrestling,Shoulder,moderate,23,72,4,1,17.5,0,0,4,1,1,1,moderate,0,17
Cricket,Thigh/Hamstring,mild,14,68,7,3,15.0,0,0,0,5,0,0,mild,0,3
Football,Knee,moderate,20,65,9,3,13.0,0,0,1,6,1,1,moderate,0,16
Athletics,Elbow/Forearm,moderate,15,59,6,4,18.5,1,1,3,2,1,1,moderate,1,8
Football,Knee,mild,21,98,3,3,11.5,0,1,1,6,0,0,mild,0,3
Cricket,Elbow/Forearm,mild,16,71,5,4,15.7,0,1,0,2,0,0,mild,0,3
Badminton,Knee,severe,17,65,5,4,13.4,0,0,5,6,2,2,severe,1,112
Wrestling,Shoulder,mild,26,46,6,3,7.3,1,0,4,1,0,1,moderate,1,13
Athletics,Thigh/Hamstring,mild,15,77,5,5,19.9,0,1,3,5,0,0,mild,0,5
Wrestling,Knee,mild,14,51,1,7,13.6,0,1,4,6,0,0,mild,0,7
Kabaddi,Head/Neck,moderate,22,92,7,3,9.9,0,1,2,0,1,2,severe,1,58
Wrestling,Knee,mild,20,81,8,3,18.7,0,0,4,6,0,1,moderate,0,13
Badminton,Thigh/Hamstring,moderate,14,72,7,3,7.9,1,1,5,5,1,1,moderate,0,10
Cricket,Thigh/Hamstring,severe,25,66,1,3,15.9,1,1,0,5,2,2,severe,1,21
Athletics,Chest/Back,severe,24,80,4,6,21.9,1,0,3,4,2,2,severe,1,30
Cricket,Chest/Back,moderate,28,53,2,3,22.7,0,0,0,4,1,1,moderate,0,10
Wrestling,Chest/Back,severe,27,60,6,1,26.1,1,1,4,4,2,2,severe,1,47
Wrestling,Shoulder,mild,21,68,4,4,21.6,0,1,4,1,0,0,mild,0,3
Badminton,Knee,mild,17,58,4,1,21.6,1,0,5,6,0,0,mild,0,4
Kabaddi,Knee,mild,23,57,6,5,14.2,0,1,2,6,0,0,mild,1,6
Athletics,Chest/Back,moderate,20,45,6,2,9.1,0,1,3,4,1,1,moderate,1,11
Cricket,Shoulder,mild,26,70,8,3,14.5,0,1,0,1,0,0,mild,0,5
Football,Knee,mild,28,79,7,3,13.2,0,0,1,6,0,0,mild,0,7
Athletics,Chest/Back,mild,23,64,10,4,13.5,1,0,3,4,0,0,mild,1,4
Athletics,Ankle/Foot,moderate,28,83,4,2,20.6,0,0,3,7,1,1,moderate,1,12
Cricket,Elbow/Forearm,moderate,20,77,6,4,21.4,1,1,0,2,1,1,moderate,1,9
Athletics,Ankle/Foot,moderate,23,58,3,4,18.6,0,0,3,7,1,1,moderate,1,10
Football,Head/Neck,moderate,18,58,8,5,14.4,0,0,1,0,1,2,severe,1,32
Football,Knee,mild,21,58,6,4,6.1,1,0,1,6,0,1,moderate,1,22
Athletics,Head/Neck,severe,14,81,6,2,21.1,1,1,3,0,2,2,severe,1,47
Wrestling,Chest/Back,mild,19,61,3,1,25.5,1,0,4,4,0,0,mild,0,5
Cricket,Knee,moderate,32,58,1,2,16.8,1,0,0,6,1,1,moderate,0,17
Badminton,Thigh/Hamstring,severe,25,74,5,2,22.0,1,1,5,5,2,2,severe,0,42
Cricket,Elbow/Forearm,mild,14,64,8,3,11.5,1,1,0,2,0,1,moderate,0,12
Football,Ankle/Foot,mild,18,63,6,4,15.4,0,0,1,7,0,0,mild,0,4
Cricket,Thigh/Hamstring,moderate,14,76,2,6,10.1,1,0,0,5,1,1,moderate,1,6
Wrestling,Shoulder,moderate,23,80,3,5,16.5,0,0,4,1,1,1,moderate,0,20
Badminton,Thigh/Hamstring,severe,25,79,1,3,18.4,0,1,5,5,2,2,severe,1,17
Kabaddi,Shoulder,severe,14,87,1,4,18.8,0,0,2,1,2,2,severe,1,50
Badminton,Shoulder,mild,14,68,6,5,15.4,0,0,5,1,0,0,mild,0,4
Badminton,Ankle/Foot,mild,23,45,4,3,17.9,1,1,5,7,0,1,moderate,0,6
Kabaddi,Elbow/Forearm,moderate,25,72,7,0,16.1,1,0,2,2,1,1,moderate,0,8
Football,Head/Neck,mild,26,55,8,5,15.8,0,1,1,0,0,1,moderate,1,8
Football,Wrist/Hand,moderate,16,73,1,3,9.0,0,0,1,3,1,1,moderate,1,10
Wrestling,Wrist/Hand,moderate,22,76,7,1,19.7,1,0,4,3,1,1,moderate,1,8
Badminton,Ankle/Foot,mild,18,57,6,3,13.7,0,0,5,7,0,0,mild,0,3
Kabaddi,Knee,moderate,20,84,2,4,20.3,0,0,2,6,1,1,moderate,1,19
Athletics,Chest/Back,moderate,19,96,7,5,17.3,1,0,3,4,1,1,moderate,1,13
Football,Thigh/Hamstring,moderate,14,57,4,3,13.4,1,0,1,5,1,1,moderate,0,10
Football,Knee,moderate,26,45,9,2,20.6,0,0,1,6,1,1,moderate,1,21
Wrestling,Knee,moderate,14,74,6,4,18.8,0,0,4,6,1,1,moderate,1,28
Cricket,Shoulder,moderate,18,45,6,1,17.2,1,0,0,1,1,1,moderate,0,11
Wrestling,Knee,severe,20,67,1,2,15.1,0,0,4,6,2,2,severe,1,46
Kabaddi,Thigh/Hamstring,severe,29,61,4,3,11.0,1,0,2,5,2,2,severe,1,41
Cricket,Head/Neck,severe,19,86,6,3,25.2,1,1,0,0,2,2,severe,1,35
Kabaddi,Chest/Back,mild,14,79,8,2,13.3,1,0,2,4,0,0,mild,0,2
Cricket,Head/Neck,severe,28,77,9,3,14.3,0,1,0,0,2,2,severe,1,14
Kabaddi,Chest/Back,mild,23,68,4,5,26.3,0,0,2,4,0,0,mild,0,4
Kabaddi,Wrist/Hand,severe,23,83,9,6,14.5,0,0,2,3,2,1,moderate,1,39
Kabaddi,Ankle/Foot,moderate,19,82,5,7,21.2,1,0,2,7,1,2,severe,0,16
Badminton,Elbow/Forearm,mild,18,60,5,1,10.0,0,0,5,2,0,0,mild,1,2
Athletics,Knee,mild,27,72,6,5,13.7,0,1,3,6,0,0,mild,1,4
Kabaddi,Chest/Back,mild,16,81,7,2,17.9,0,1,2,4,0,0,mild,0,2
Kabaddi,Shoulder,mild,23,66,5,6,16.9,0,0,2,1,0,0,mild,0,5
Athletics,Shoulder,mild,27,70,2,6,13.0,0,1,3,1,0,0,mild,0,2
Cricket,Knee,mild,14,59,8,1,18.6,1,1,0,6,0,1,moderate,1,17
Football,Ankle/Foot,mild,18,54,3,2,16.5,0,1,1,7,0,0,mild,0,4
Wrestling,Elbow/Forearm,moderate,23,74,1,3,27.9,0,0,4,2,1,1,moderate,0,14
Athletics,Shoulder,moderate,17,78,3,2,13.9,0,1,3,1,1,1,moderate,0,10
Badminton,Shoulder,mild,14,63,6,4,6.2,1,0,5,1,0,0,mild,0,5
Athletics,Chest/Back,mild,20,81,8,4,22.2,0,1,3,4,0,1,moderate,1,13
Football,Knee,mild,14,45,5,2,10.0,0,0,1,6,0,0,mild,0,4
Badminton,Shoulder,severe,22,64,8,6,8.5,1,1,5,1,2,2,severe,1,67
Wrestling,Chest/Back,mild,32,62,6,6,9.7,0,0,4,4,0,0,mild,0,5
Football,Ankle/Foot,mild,15,47,1,2,12.2,0,0,1,7,0,0,mild,0,4
Football,Chest/Back,mild,17,72,4,3,11.7,0,0,1,4,0,0,mild,0,4
Cricket,Ankle/Foot,mild,23,69,6,5,21.0,0,1,0,7,0,0,mild,0,1
Cricket,Elbow/Forearm,mild,20,56,4,4,12.4,1,1,0,2,0,0,mild,0,5
Wrestling,Shoulder,mild,17,67,8,4,13.5,0,0,4,1,0,0,mild,0,5
Kabaddi,Ankle/Foot,moderate,23,64,5,5,10.8,0,0,2,7,1,1,moderate,1,11
Football,Knee,moderate,25,54,6,3,13.2,0,0,1,6,1,1,moderate,1,25
Cricket,Chest/Back,mild,19,46,3,5,18.2,0,0,0,4,0,0,mild,0,2
Kabaddi,Ankle/Foot,severe,30,51,5,4,13.6,1,0,2,7,2,2,severe,1,22
Athletics,Thigh/Hamstring,moderate,14,77,3,3,19.9,0,1,3,5,1,1,moderate,0,5
Cricket,Wrist/Hand,mild,23,66,3,3,17.4,0,0,0,3,0,0,mild,0,4
Wrestling,Knee,moderate,20,65,4,3,6.5,0,0,4,6,1,1,moderate,1,13
Kabaddi,Head/Neck,moderate,27,45,8,5,18.5,0,0,2,0,1,1,moderate,1,48
Football,Thigh/Hamstring,moderate,19,72,2,3,21.5,0,0,1,5,1,1,moderate,1,5
Athletics,Knee,mild,22,76,3,2,5.9,1,1,3,6,0,1,moderate,1,21
Badminton,Ankle/Foot,moderate,21,71,4,4,16.6,1,1,5,7,1,1,moderate,0,13
Badminton,Elbow/Forearm,mild,18,69,1,2,19.7,0,1,5,2,0,0,mild,0,5
Athletics,Ankle/Foot,mild,14,73,1,4,21.2,0,1,3,7,0,0,mild,0,2
Badminton,Thigh/Hamstring,moderate,14,59,1,2,19.6,0,0,5,5,1,1,moderate,0,9
Badminton,Knee,mild,17,80,9,6,21.3,0,1,5,6,0,0,mild,0,7
Cricket,Ankle/Foot,moderate,20,62,2,5,11.6,0,1,0,7,1,1,moderate,0,6
Badminton,Ankle/Foot,moderate,19,62,5,1,11.8,1,0,5,7,1,1,moderate,1,12
Badminton,Shoulder,mild,20,76,1,3,10.4,0,0,5,1,0,0,mild,0,4
Wrestling,Wrist/Hand,moderate,14,76,6,5,16.2,0,1,4,3,1,1,moderate,1,14
Wrestling,Elbow/Forearm,moderate,14,64,6,1,18.6,0,0,4,2,1,1,moderate,1,11
Wrestling,Thigh/Hamstring,mild,24,82,1,3,17.4,0,0,4,5,0,0,mild,0,4
Wrestling,Shoulder,mild,14,57,7,5,16.1,1,0,4,1,0,0,mild,0,4
Football,Ankle/Foot,moderate,18,56,1,0,8.2,0,0,1,7,1,1,moderate,1,12
Wrestling,Elbow/Forearm,severe,17,67,4,4,14.0,0,0,4,2,2,2,severe,1,34
Wrestling,Knee,moderate,14,55,8,2,17.7,0,1,4,6,1,2,severe,1,113
Athletics,Shoulder,mild,17,76,9,4,27.7,1,0,3,1,0,0,mild,0,3
Athletics,Thigh/Hamstring,mild,14,58,3,6,18.5,1,1,3,5,0,0,mild,0,4
Wrestling,Knee,mild,17,56,4,1,15.8,0,1,4,6,0,0,mild,0,4
Cricket,Chest/Back,moderate,15,84,2,2,15.4,0,1,0,4,1,1,moderate,1,14
Kabaddi,Knee,mild,26,74,5,4,19.8,0,0,2,6,0,0,mild,0,7
Cricket,Shoulder,severe,17,65,3,4,26.3,0,1,0,1,2,2,severe,1,55
Badminton,Knee,moderate,14,55,2,6,21.6,0,0,5,6,1,1,moderate,1,23
Kabaddi,Knee,moderate,14,82,3,5,15.9,0,0,2,6,1,1,moderate,1,16
Kabaddi,Shoulder,mild,15,71,4,4,20.2,0,0,2,1,0,0,mild,0,5
Athletics,Shoulder,mild,22,48,5,4,19.5,1,1,3,1,0,0,mild,1,4
Cricket,Shoulder,mild,20,69,3,7,12.6,0,0,0,1,0,0,mild,0,5
Wrestling,Wrist/Hand,moderate,20,67,5,4,14.4,0,0,4,3,1,1,moderate,0,10
Wrestling,Elbow/Forearm,mild,24,62,3,4,12.9,1,1,4,2,0,0,mild,0,5
Cricket,Elbow/Forearm,moderate,18,62,7,4,19.9,0,0,0,2,1,1,moderate,1,7
Cricket,Knee,mild,21,47,6,0,16.6,0,0,0,6,0,0,mild,0,7
Football,Wrist/Hand,mild,16,84,2,3,21.9,0,0,1,3,0,0,mild,0,3
Wrestling,Ankle/Foot,moderate,24,49,7,3,19.4,1,1,4,7,1,1,moderate,1,11
Football,Head/Neck,moderate,19,65,4,3,23.1,1,0,1,0,1,2,severe,1,35
Football,Ankle/Foot,mild,22,68,4,4,19.7,0,0,1,7,0,0,mild,0,5
Cricket,Wrist/Hand,moderate,17,81,1,3,13.8,0,0,0,3,1,1,moderate,1,10
Football,Ankle/Foot,severe,17,79,1,5,17.9,0,0,1,7,2,2,severe,1,24
Football,Thigh/Hamstring,mild,15,62,7,4,20.1,0,0,1,5,0,0,mild,0,2
Wrestling,Elbow/Forearm,mild,20,69,6,3,20.4,1,1,4,2,0,0,mild,0,2
Athletics,Elbow/Forearm,moderate,19,73,10,3,15.5,0,1,3,2,1,1,moderate,0,8
Badminton,Chest/Back,mild,22,53,8,5,19.3,0,0,5,4,0,0,mild,0,5
Athletics,Thigh/Hamstring,mild,19,79,6,5,23.7,0,0,3,5,0,0,mild,0,4
Badminton,Ankle/Foot,mild,17,49,7,3,22.2,1,0,5,7,0,0,mild,0,5
Badminton,Ankle/Foot,severe,26,67,6,5,21.6,0,0,5,7,2,2,severe,1,40
Kabaddi,Knee,moderate,23,45,6,5,23.7,1,0,2,6,1,1,moderate,0,23
Wrestling,Shoulder,mild,29,84,7,3,8.3,0,1,4,1,0,0,mild,0,4
Badminton,Knee,mild,18,88,4,4,16.4,0,0,5,6,0,0,mild,0,5
Wrestling,Ankle/Foot,severe,20,78,7,3,16.0,1,1,4,7,2,2,severe,1,30
Football,Thigh/Hamstring,severe,16,63,3,2,15.6,1,1,1,5,2,2,severe,1,32
Kabaddi,Elbow/Forearm,severe,21,72,6,2,12.0,1,1,2,2,2,2,severe,1,60
Badminton,Ankle/Foot,moderate,14,58,4,4,12.2,0,1,5,7,1,1,moderate,1,13
Athletics,Thigh/Hamstring,moderate,16,74,1,3,14.2,0,1,3,5,1,1,moderate,1,10
Kabaddi,Ankle/Foot,moderate,18,63,1,1,15.0,1,1,2,7,1,1,moderate,1,10
Wrestling,Knee,severe,19,55,4,2,7.7,1,0,4,6,2,2,severe,1,67
Football,Thigh/Hamstring,mild,15,77,3,3,18.3,0,0,1,5,0,0,mild,0,2
Athletics,Thigh/Hamstring,mild,19,57,3,6,15.4,1,0,3,5,0,0,mild,0,5
Football,Ankle/Foot,severe,25,79,2,3,10.8,0,1,1,7,2,2,severe,1,39
Badminton,Shoulder,mild,22,53,4,2,12.3,1,1,5,1,0,1,moderate,0,13
Cricket,Wrist/Hand,moderate,18,96,9,3,14.1,0,1,0,3,1,2,severe,1,50
Cricket,Ankle/Foot,severe,15,72,4,5,15.5,0,0,0,7,2,2,severe,0,21
Badminton,Shoulder,mild,15,45,6,5,15.3,1,0,5,1,0,1,moderate,1,7
Athletics,Shoulder,mild,17,67,6,3,13.7,0,0,3,1,0,0,mild,0,4
Football,Shoulder,severe,26,55,5,1,17.1,0,0,1,1,2,2,severe,1,34
Cricket,Shoulder,mild,22,63,1,3,19.4,0,1,0,1,0,0,mild,0,2
Football,Ankle/Foot,mild,22,78,3,5,9.3,0,0,1,7,0,0,mild,0,3
Cricket,Head/Neck,moderate,26,81,5,4,15.6,0,1,0,0,1,2,severe,1,20
Badminton,Ankle/Foot,mild,19,64,6,2,18.2,0,0,5,7,0,0,mild,0,1
Wrestling,Wrist/Hand,severe,14,85,7,2,18.0,1,1,4,3,2,2,severe,1,51
Football,Knee,moderate,14,79,4,4,15.3,0,0,1,6,1,1,moderate,1,10
Kabaddi,Knee,moderate,27,76,1,4,10.7,1,1,2,6,1,1,moderate,0,23
Badminton,Wrist/Hand,mild,19,61,5,2,10.8,1,1,5,3,0,0,mild,0,1
Football,Chest/Back,moderate,22,69,10,4,15.9,0,1,1,4,1,1,moderate,0,9
Cricket,Wrist/Hand,moderate,16,69,4,4,13.9,0,1,0,3,1,1,moderate,0,11
Athletics,Thigh/Hamstring,mild,16,63,2,3,22.2,1,0,3,5,0,1,moderate,0,10
Badminton,Shoulder,moderate,19,94,9,4,10.1,0,0,5,1,1,2,severe,1,64
Wrestling,Shoulder,moderate,21,58,6,3,14.4,0,1,4,1,1,1,moderate,1,19
Badminton,Knee,mild,20,86,3,2,27.3,1,0,5,6,0,0,mild,0,5
Wrestling,Chest/Back,severe,22,100,1,6,20.8,0,0,4,4,2,2,severe,1,41
Badminton,Thigh/Hamstring,mild,18,72,4,5,11.9,0,0,5,5,0,0,mild,0,4
Badminton,Knee,severe,14,73,6,6,24.3,0,1,5,6,2,2,severe,1,99
Badminton,Shoulder,mild,14,66,6,2,14.6,0,0,5,1,0,0,mild,0,4
Wrestling,Thigh/Hamstring,mild,14,45,4,1,11.4,1,0,4,5,0,1,moderate,0,5
Badminton,Elbow/Forearm,moderate,17,55,9,3,24.1,0,1,5,2,1,2,severe,1,58
Kabaddi,Shoulder,severe,19,94,1,2,22.6,0,0,2,1,2,2,severe,1,61
Kabaddi,Knee,moderate,24,73,6,2,23.1,0,1,2,6,1,1,moderate,1,15
Athletics,Ankle/Foot,moderate,14,88,1,7,19.8,1,0,3,7,1,1,moderate,0,14
Badminton,Ankle/Foot,mild,20,83,3,4,15.4,0,1,5,7,0,0,mild,0,1
Athletics,Knee,mild,21,68,5,6,17.7,0,1,3,6,0,0,mild,1,4
Athletics,Thigh/Hamstring,mild,26,90,1,0,26.0,0,1,3,5,0,0,mild,0,3
Wrestling,Chest/Back,severe,16,90,2,2,11.6,1,0,4,4,2,1,moderate,1,47
Badminton,Shoulder,mild,14,92,3,2,21.7,0,1,5,1,0,0,mild,0,5
Football,Knee,mild,14,67,8,3,21.6,0,1,1,6,0,0,mild,0,5
Cricket,Thigh/Hamstring,mild,23,62,2,3,19.2,0,0,0,5,0,0,mild,0,4
Athletics,Ankle/Foot,mild,19,68,3,2,10.6,0,0,3,7,0,0,mild,0,5
Badminton,Chest/Back,severe,21,76,2,1,26.1,1,1,5,4,2,2,severe,1,22
Football,Knee,mild,15,95,1,5,15.4,0,0,1,6,0,0,mild,0,4
Kabaddi,Head/Neck,severe,32,90,2,5,15.0,0,0,2,0,2,2,severe,0,41
Wrestling,Chest/Back,severe,30,64,3,3,15.9,1,1,4,4,2,2,severe,1,88
Wrestling,Wrist/Hand,moderate,27,72,5,6,10.3,0,0,4,3,1,1,moderate,0,13
Badminton,Shoulder,mild,14,55,4,1,11.3,1,0,5,1,0,1,moderate,0,9
Cricket,Chest/Back,mild,29,55,8,4,15.8,0,0,0,4,0,1,moderate,1,7
Badminton,Knee,mild,19,47,6,4,12.4,0,1,5,6,0,0,mild,1,7
Athletics,Thigh/Hamstring,moderate,20,75,7,4,20.2,0,1,3,5,1,1,moderate,0,7
Athletics,Thigh/Hamstring,moderate,22,70,4,5,12.6,1,1,3,5,1,1,moderate,0,7
Wrestling,Shoulder,severe,15,88,5,2,7.1,0,0,4,1,2,2,severe,1,76
Athletics,Thigh/Hamstring,moderate,17,72,8,3,18.1,1,0,3,5,1,1,moderate,0,5
Football,Elbow/Forearm,moderate,23,65,1,4,23.3,1,1,1,2,1,1,moderate,0,11
Wrestling,Shoulder,mild,19,57,10,4,15.8,0,1,4,1,0,1,moderate,0,14
Athletics,Shoulder,moderate,22,60,9,0,14.1,0,1,3,1,1,2,severe,1,58
Kabaddi,Chest/Back,moderate,27,57,2,1,11.0,1,0,2,4,1,1,moderate,1,8
Cricket,Knee,mild,17,47,1,4,15.6,0,0,0,6,0,0,mild,0,6
Football,Knee,mild,15,51,2,6,8.2,1,0,1,6,0,0,mild,0,7
Badminton,Knee,moderate,30,58,7,4,9.1,1,0,5,6,1,1,moderate,0,11
Football,Wrist/Hand,mild,16,66,8,6,14.2,1,0,1,3,0,1,moderate,1,14
Wrestling,Knee,mild,14,64,6,7,12.8,0,0,4,6,0,0,mild,0,3
Badminton,Elbow/Forearm,mild,22,68,3,3,16.6,1,0,5,2,0,0,mild,0,3
Football,Shoulder,mild,30,81,6,4,25.0,0,0,1,1,0,0,mild,0,2
Kabaddi,Chest/Back,moderate,19,73,6,7,15.2,0,1,2,4,1,2,severe,1,45
Badminton,Wrist/Hand,mild,17,65,7,4,11.5,0,0,5,3,0,0,mild,0,3
Wrestling,Chest/Back,mild,16,73,5,3,22.2,0,0,4,4,0,0,mild,0,5
Kabaddi,Chest/Back,mild,14,79,4,5,17.4,0,0,2,4,0,0,mild,0,4
Cricket,Knee,moderate,15,73,8,2,22.5,1,1,0,6,1,1,moderate,0,15
Football,Knee,moderate,18,50,5,2,10.9,0,1,1,6,1,1,moderate,1,18
Wrestling,Chest/Back,mild,16,74,7,3,12.4,1,1,4,4,0,0,mild,1,5
Football,Chest/Back,moderate,22,65,5,4,15.6,0,1,1,4,1,1,moderate,0,8
Football,Shoulder,mild,20,58,7,2,14.2,0,0,1,1,0,0,mild,0,3
Badminton,Shoulder,moderate,25,62,5,2,21.5,0,1,5,1,1,1,moderate,1,14
Athletics,Knee,mild,16,53,6,6,16.7,1,1,3,6,0,0,mild,0,5
Wrestling,Wrist/Hand,mild,20,64,9,5,12.7,1,1,4,3,0,1,moderate,1,11
Kabaddi,Shoulder,mild,22,85,4,5,20.4,1,1,2,1,0,0,mild,0,4
Athletics,Shoulder,severe,16,77,2,5,12.1,1,0,3,1,2,2,severe,1,69
Athletics,Thigh/Hamstring,mild,21,69,5,3,17.8,1,0,3,5,0,1,moderate,0,6
Football,Head/Neck,moderate,19,75,3,2,10.5,0,1,1,0,1,1,moderate,1,44
Football,Thigh/Hamstring,moderate,27,61,7,5,21.2,1,0,1,5,1,2,severe,1,5
Badminton,Ankle/Foot,mild,14,75,6,3,11.9,1,0,5,7,0,0,mild,0,3
Cricket,Elbow/Forearm,mild,20,53,4,0,15.7,0,0,0,2,0,0,mild,0,2
Wrestling,Shoulder,mild,23,86,6,4,20.9,1,1,4,1,0,0,mild,0,5
Football,Thigh/Hamstring,severe,24,73,1,4,13.3,1,1,1,5,2,2,severe,1,35
Kabaddi,Knee,mild,17,79,5,4,13.5,1,0,2,6,0,0,mild,1,5
Football,Ankle/Foot,mild,21,56,5,3,8.3,0,1,1,7,0,0,mild,0,4
Kabaddi,Thigh/Hamstring,mild,18,49,3,6,9.4,1,1,2,5,0,0,mild,0,5
Football,Knee,mild,14,50,5,2,21.4,1,1,1,6,0,1,moderate,1,17
Kabaddi,Elbow/Forearm,mild,22,67,1,4,8.2,1,0,2,2,0,0,mild,0,2
Badminton,Knee,moderate,27,45,7,2,24.0,0,0,5,6,1,1,moderate,1,20
Cricket,Elbow/Forearm,mild,20,57,4,3,26.7,0,0,0,2,0,0,mild,0,3
Athletics,Thigh/Hamstring,severe,24,69,4,1,11.0,0,0,3,5,2,2,severe,1,37
Badminton,Knee,moderate,21,65,7,4,8.4,0,0,5,6,1,1,moderate,1,12
Wrestling,Thigh/Hamstring,severe,26,69,4,3,11.0,0,0,4,5,2,2,severe,0,41
Cricket,Shoulder,severe,18,61,5,3,15.3,0,0,0,1,2,2,severe,1,46
Football,Shoulder,mild,14,89,7,4,16.8,1,1,1,1,0,1,moderate,1,10
Athletics,Knee,mild,15,63,6,3,18.3,1,0,3,6,0,0,mild,0,6
Athletics,Wrist/Hand,mild,15,59,8,3,26.6,1,0,3,3,0,0,mild,0,2
Cricket,Head/Neck,moderate,23,76,6,0,22.4,0,1,0,0,1,2,severe,1,33
Wrestling,Knee,mild,21,108,4,1,11.0,0,1,4,6,0,0,mild,0,5
Football,Knee,moderate,27,91,5,4,14.3,0,0,1,6,1,1,moderate,1,13
Football,Elbow/Forearm,severe,16,84,7,4,14.4,1,0,1,2,2,2,severe,1,36
Athletics,Thigh/Hamstring,mild,17,47,6,3,20.1,0,1,3,5,0,0,mild,0,5
Athletics,Chest/Back,moderate,16,73,4,2,13.6,0,1,3,4,1,1,moderate,0,12
Football,Thigh/Hamstring,moderate,22,53,3,4,18.8,0,0,1,5,1,1,moderate,0,13
Badminton,Wrist/Hand,mild,14,88,6,4,12.8,0,0,5,3,0,0,mild,0,1
Wrestling,Elbow/Forearm,mild,14,70,1,4,11.4,0,0,4,2,0,0,mild,0,2
Kabaddi,Chest/Back,moderate,14,45,5,5,5.0,1,1,2,4,1,1,moderate,0,15
Athletics,Ankle/Foot,moderate,25,61,7,3,15.8,0,0,3,7,1,1,moderate,0,8
Badminton,Chest/Back,moderate,21,81,6,5,14.3,0,1,5,4,1,1,moderate,1,19
Cricket,Shoulder,severe,27,52,8,5,15.2,1,1,0,1,2,2,severe,1,35
Athletics,Shoulder,mild,24,88,6,5,14.7,1,1,3,1,0,0,mild,0,4
Kabaddi,Shoulder,mild,22,58,5,2,15.0,1,0,2,1,0,1,moderate,1,12
Football,Chest/Back,mild,14,71,7,3,12.6,0,1,1,4,0,0,mild,1,5
Wrestling,Shoulder,moderate,15,80,3,3,23.9,1,0,4,1,1,1,moderate,0,18
Kabaddi,Shoulder,mild,19,63,6,1,12.6,0,0,2,1,0,0,mild,0,4
Wrestling,Shoulder,moderate,25,72,8,4,19.1,0,0,4,1,1,1,moderate,1,10
Kabaddi,Shoulder,moderate,18,70,3,3,18.3,0,0,2,1,1,1,moderate,1,11
Athletics,Ankle/Foot,moderate,16,72,4,3,11.9,0,1,3,7,1,1,moderate,1,5
Kabaddi,Shoulder,mild,14,76,2,3,11.3,1,0,2,1,0,0,mild,0,5
Football,Ankle/Foot,mild,24,55,8,4,15.3,0,1,1,7,0,0,mild,0,14
Kabaddi,Head/Neck,moderate,26,93,5,3,24.0,0,1,2,0,1,2,severe,1,60
Badminton,Knee,mild,26,80,6,6,8.0,0,0,5,6,0,0,mild,1,6
Football,Knee,mild,18,50,5,5,13.7,0,0,1,6,0,0,mild,0,6
Cricket,Ankle/Foot,mild,27,78,2,5,17.1,0,0,0,7,0,1,moderate,0,1
Kabaddi,Ankle/Foot,severe,14,76,10,5,17.5,0,1,2,7,2,2,severe,1,38
Badminton,Thigh/Hamstring,mild,16,45,4,7,8.0,0,0,5,5,0,0,mild,0,4
Wrestling,Ankle/Foot,severe,19,72,3,1,11.3,0,0,4,7,2,2,severe,1,39
Badminton,Wrist/Hand,severe,21,61,5,6,10.8,1,0,5,3,2,2,severe,1,24
Cricket,Head/Neck,mild,16,75,5,5,22.0,0,1,0,0,0,0,mild,0,1
Kabaddi,Head/Neck,mild,25,81,4,4,17.0,1,0,2,0,0,0,mild,0,2
Athletics,Shoulder,moderate,19,56,3,6,9.3,0,0,3,1,1,1,moderate,1,8
Cricket,Knee,moderate,20,58,6,2,13.9,0,0,0,6,1,1,moderate,1,25
Football,Elbow/Forearm,mild,21,74,6,3,20.5,0,1,1,2,0,0,mild,1,2
Badminton,Wrist/Hand,moderate,15,66,4,3,16.9,0,0,5,3,1,1,moderate,1,8
Wrestling,Wrist/Hand,moderate,26,51,8,5,16.7,1,1,4,3,1,1,moderate,1,6
Athletics,Chest/Back,moderate,25,68,1,3,15.9,0,1,3,4,1,1,moderate,1,7
Cricket,Elbow/Forearm,mild,14,79,3,5,21.4,0,1,0,2,0,0,mild,0,2
Badminton,Shoulder,mild,19,54,4,5,10.3,1,1,5,1,0,0,mild,0,3
Wrestling,Shoulder,mild,14,63,9,4,24.1,1,1,4,1,0,1,moderate,1,8
Football,Ankle/Foot,moderate,14,65,9,5,13.3,0,0,1,7,1,1,moderate,1,9
Athletics,Chest/Back,severe,14,74,5,5,20.8,0,1,3,4,2,2,severe,1,73
Kabaddi,Ankle/Foot,mild,15,58,5,7,15.6,1,1,2,7,0,1,moderate,0,13
Athletics,Chest/Back,moderate,26,71,6,0,13.7,0,0,3,4,1,1,moderate,0,15
Kabaddi,Ankle/Foot,mild,24,45,1,5,15.5,0,0,2,7,0,0,mild,0,4
Cricket,Chest/Back,mild,14,72,2,1,19.7,1,1,0,4,0,0,mild,0,2
Kabaddi,Chest/Back,moderate,20,86,4,2,26.4,0,0,2,4,1,1,moderate,1,21
Wrestling,Wrist/Hand,mild,22,66,4,1,14.6,1,1,4,3,0,0,mild,0,4
Athletics,Thigh/Hamstring,mild,14,72,3,4,14.6,0,1,3,5,0,0,mild,0,5
Wrestling,Elbow/Forearm,moderate,19,89,1,4,20.3,0,0,4,2,1,1,moderate,0,14
Kabaddi,Chest/Back,moderate,14,57,5,4,17.0,0,0,2,4,1,1,moderate,0,9
Kabaddi,Knee,mild,14,66,4,6,18.4,1,1,2,6,0,0,mild,0,7
Wrestling,Shoulder,severe,24,69,5,3,13.0,1,1,4,1,2,2,severe,1,36
Wrestling,Elbow/Forearm,mild,19,47,4,7,19.3,0,1,4,2,0,0,mild,0,5
Cricket,Chest/Back,mild,23,79,4,4,16.7,1,0,0,4,0,0,mild,0,2
Football,Knee,moderate,14,64,6,4,14.8,1,1,1,6,1,1,moderate,1,13
Cricket,Knee,mild,21,68,2,4,18.6,1,0,0,6,0,0,mild,0,6
Cricket,Shoulder,severe,23,74,3,3,20.8,0,0,0,1,2,2,severe,1,48
Athletics,Ankle/Foot,severe,14,47,5,1,25.4,0,0,3,7,2,1,moderate,1,17
Wrestling,Elbow/Forearm,moderate,23,50,3,2,19.0,0,1,4,2,1,1,moderate,1,6
Athletics,Elbow/Forearm,severe,23,91,9,2,8.2,0,0,3,2,2,2,severe,1,51
Football,Elbow/Forearm,mild,23,45,3,2,10.0,0,1,1,2,0,0,mild,0,2
Badminton,Elbow/Forearm,mild,27,77,6,4,17.0,0,1,5,2,0,0,mild,0,4
Wrestling,Thigh/Hamstring,moderate,22,53,4,6,24.9,0,0,4,5,1,1,moderate,0,11
Wrestling,Head/Neck,moderate,17,60,4,6,13.6,0,0,4,0,1,2,severe,1,52
Football,Knee,mild,21,63,9,6,16.5,0,0,1,6,0,0,mild,0,3
Cricket,Wrist/Hand,moderate,22,65,3,4,21.1,0,1,0,3,1,1,moderate,0,7
Football,Thigh/Hamstring,severe,24,76,5,5,5.0,0,0,1,5,2,2,severe,0,41
Athletics,Ankle/Foot,moderate,24,52,5,2,18.4,0,0,3,7,1,1,moderate,0,9
Badminton,Knee,moderate,16,71,4,3,21.4,1,0,5,6,1,1,moderate,1,24
Athletics,Ankle/Foot,severe,16,64,1,5,20.2,0,0,3,7,2,2,severe,0,19
Kabaddi,Shoulder,severe,28,73,2,4,18.5,1,1,2,1,2,2,severe,1,37
Football,Ankle/Foot,mild,16,79,4,3,15.5,1,0,1,7,0,0,mild,0,1
Wrestling,Head/Neck,moderate,27,68,2,2,15.9,0,1,4,0,1,2,severe,1,21
Badminton,Knee,moderate,23,66,2,4,17.7,0,1,5,6,1,1,moderate,1,18
Athletics,Knee,mild,14,66,8,4,18.1,1,1,3,6,0,0,mild,1,3
Football,Ankle/Foot,moderate,14,74,10,6,6.3,1,0,1,7,1,2,severe,1,16
Kabaddi,Thigh/Hamstring,mild,17,48,9,6,20.4,1,1,2,5,0,0,mild,0,5
Badminton,Wrist/Hand,mild,23,52,1,6,22.0,0,1,5,3,0,1,moderate,0,3
Athletics,Wrist/Hand,moderate,28,52,4,3,10.8,1,0,3,3,1,1,moderate,1,9
Kabaddi,Knee,mild,25,73,5,1,21.3,0,0,2,6,0,0,mild,0,4
Kabaddi,Shoulder,mild,20,58,8,1,19.3,1,0,2,1,0,1,moderate,0,10
Football,Thigh/Hamstring,moderate,19,52,7,3,17.0,0,1,1,5,1,1,moderate,0,5
Cricket,Thigh/Hamstring,moderate,17,74,6,6,14.9,0,0,0,5,1,1,moderate,0,9
Athletics,Ankle/Foot,moderate,20,71,4,5,22.3,0,0,3,7,1,1,moderate,0,8
Football,Ankle/Foot,mild,14,45,5,5,24.5,0,1,1,7,0,0,mild,0,3
Cricket,Thigh/Hamstring,mild,26,49,6,0,19.4,1,1,0,5,0,1,moderate,0,7
Badminton,Wrist/Hand,moderate,28,80,7,2,18.9,1,0,5,3,1,1,moderate,0,9
Cricket,Shoulder,moderate,23,62,4,4,22.6,0,0,0,1,1,1,moderate,1,21
Badminton,Chest/Back,mild,18,101,8,4,23.8,0,0,5,4,0,1,moderate,0,12
Kabaddi,Head/Neck,mild,30,69,9,2,21.2,1,0,2,0,0,1,moderate,1,5
Cricket,Ankle/Foot,mild,21,62,7,4,11.1,0,0,0,7,0,0,mild,0,3
Cricket,Ankle/Foot,mild,23,68,4,1,16.6,0,0,0,7,0,0,mild,0,1
Cricket,Thigh/Hamstring,mild,16,59,7,4,19.8,0,0,0,5,0,0,mild,0,2
Kabaddi,Knee,mild,24,84,1,4,17.3,1,0,2,6,0,0,mild,0,3
Football,Head/Neck,severe,14,45,4,3,21.2,0,0,1,0,2,2,severe,1,52
Wrestling,Knee,moderate,19,49,1,3,8.1,0,1,4,6,1,1,moderate,1,23
Badminton,Thigh/Hamstring,moderate,14,69,10,2,11.4,1,1,5,5,1,1,moderate,0,11
Badminton,Elbow/Forearm,mild,29,63,2,4,5.0,0,0,5,2,0,0,mild,0,2
Badminton,Ankle/Foot,mild,23,60,6,5,18.2,0,0,5,7,0,0,mild,0,4
Cricket,Shoulder,mild,19,79,8,3,19.1,1,1,0,1,0,1,moderate,0,8
Football,Chest/Back,mild,16,66,3,2,23.8,0,0,1,4,0,0,mild,0,2
Football,Knee,mild,17,52,7,2,23.0,1,0,1,6,0,0,mild,0,7
Cricket,Chest/Back,mild,18,47,1,5,13.0,0,0,0,4,0,0,mild,0,3
Badminton,Elbow/Forearm,mild,19,70,1,2,20.5,0,0,5,2,0,0,mild,0,3
Badminton,Knee,mild,21,74,1,7,17.5,1,0,5,6,0,1,moderate,1,25
Athletics,Ankle/Foot,severe,26,86,1,1,8.0,0,0,3,7,2,2,severe,1,30
Kabaddi,Chest/Back,mild,18,71,6,2,10.7,1,0,2,4,0,0,mild,0,3
Football,Chest/Back,mild,14,83,8,5,22.3,0,1,1,4,0,0,mild,0,2
Athletics,Thigh/Hamstring,mild,22,85,8,7,12.0,0,0,3,5,0,2,severe,1,28
Kabaddi,Ankle/Foot,mild,19,95,5,2,20.7,1,0,2,7,0,0,mild,0,4
Badminton,Ankle/Foot,mild,24,55,7,7,22.8,0,1,5,7,0,1,moderate,0,5
Football,Knee,severe,21,74,6,6,23.5,0,0,1,6,2,2,severe,1,71
Badminton,Elbow/Forearm,mild,15,74,2,2,13.3,0,0,5,2,0,0,mild,0,5
Football,Ankle/Foot,moderate,26,87,7,4,15.4,0,0,1,7,1,1,moderate,1,6
Athletics,Wrist/Hand,mild,26,56,1,3,25.8,1,1,3,3,0,0,mild,0,3
Wrestling,Chest/Back,severe,20,60,6,3,19.2,0,1,4,4,2,2,severe,1,84
Wrestling,Shoulder,severe,28,65,4,2,12.1,0,0,4,1,2,2,severe,1,30
Wrestling,Knee,moderate,20,59,1,0,21.1,0,0,4,6,1,1,moderate,0,28
Athletics,Knee,severe,18,65,9,3,25.6,0,0,3,6,2,2,severe,1,89
Badminton,Knee,mild,28,66,4,3,24.1,0,0,5,6,0,0,mild,0,6
Badminton,Ankle/Foot,severe,24,72,4,4,16.2,1,1,5,7,2,2,severe,1,37
Athletics,Thigh/Hamstring,mild,28,55,2,2,17.2,0,0,3,5,0,0,mild,0,4
Wrestling,Elbow/Forearm,moderate,21,62,6,7,16.7,1,0,4,2,1,2,severe,1,36
Badminton,Ankle/Foot,moderate,16,55,4,3,12.1,0,0,5,7,1,1,moderate,1,7
Cricket,Elbow/Forearm,moderate,15,60,1,4,15.3,1,1,0,2,1,1,moderate,1,8
Cricket,Elbow/Forearm,moderate,19,56,8,3,12.3,0,1,0,2,1,2,severe,1,28
Football,Thigh/Hamstring,mild,15,66,8,2,7.4,0,0,1,5,0,1,moderate,0,13
Kabaddi,Shoulder,mild,22,91,3,5,14.5,0,1,2,1,0,0,mild,0,3
Athletics,Thigh/Hamstring,mild,21,65,10,3,16.8,0,1,3,5,0,1,moderate,0,6
Badminton,Elbow/Forearm,severe,27,65,1,3,12.4,1,1,5,2,2,2,severe,1,42
Badminton,Thigh/Hamstring,mild,15,76,6,4,14.0,0,0,5,5,0,0,mild,1,5
Kabaddi,Chest/Back,moderate,19,63,5,4,18.3,0,0,2,4,1,1,moderate,1,20
Wrestling,Chest/Back,mild,24,75,2,3,16.2,0,1,4,4,0,0,mild,0,2
Kabaddi,Thigh/Hamstring,mild,14,59,2,5,10.0,1,0,2,5,0,1,moderate,0,10
Badminton,Ankle/Foot,mild,22,72,6,3,15.8,1,1,5,7,0,0,mild,0,4
Wrestling,Shoulder,severe,14,63,3,5,16.0,1,0,4,1,2,2,severe,1,82
Football,Shoulder,moderate,14,101,2,4,20.5,1,1,1,1,1,1,moderate,0,8
Football,Thigh/Hamstring,mild,20,81,2,6,22.1,0,0,1,5,0,0,mild,0,5
Kabaddi,Knee,moderate,14,59,4,5,14.5,1,1,2,6,1,1,moderate,1,26
Cricket,Wrist/Hand,mild,17,61,10,2,19.3,1,0,0,3,0,0,mild,0,1
Football,Knee,severe,33,74,7,1,18.2,0,0,1,6,2,2,severe,1,51
Football,Knee,mild,32,61,3,6,10.0,1,1,1,6,0,1,moderate,1,24
Wrestling,Chest/Back,severe,25,63,6,1,10.4,0,1,4,4,2,2,severe,1,35
Football,Thigh/Hamstring,mild,18,71,6,3,13.6,0,0,1,5,0,0,mild,0,3
Athletics,Ankle/Foot,moderate,22,69,7,4,10.6,0,0,3,7,1,1,moderate,0,6
Football,Ankle/Foot,moderate,14,87,5,2,14.1,0,1,1,7,1,1,moderate,0,14
Kabaddi,Ankle/Foot,mild,29,75,4,3,19.0,0,0,2,7,0,0,mild,0,1
Badminton,Knee,severe,17,85,4,4,20.9,1,0,5,6,2,2,severe,1,49
Athletics,Thigh/Hamstring,severe,18,45,1,6,23.5,1,1,3,5,2,2,severe,1,41
Athletics,Ankle/Foot,moderate,24,75,2,4,16.2,1,1,3,7,1,1,moderate,1,10
Athletics,Ankle/Foot,moderate,14,68,6,2,11.6,1,0,3,7,1,1,moderate,1,6
Football,Shoulder,moderate,20,76,5,5,17.3,1,0,1,1,1,1,moderate,1,17
Cricket,Head/Neck,mild,17,65,3,4,5.0,0,1,0,0,0,0,mild,0,1
Cricket,Head/Neck,severe,14,91,4,4,22.9,0,1,0,0,2,2,severe,1,29
Wrestling,Wrist/Hand,moderate,24,81,4,1,11.8,0,1,4,3,1,1,moderate,1,14
Football,Ankle/Foot,moderate,14,96,3,4,11.4,0,0,1,7,1,1,moderate,1,7
Athletics,Ankle/Foot,moderate,14,90,6,2,6.7,0,0,3,7,1,1,moderate,0,10
Athletics,Thigh/Hamstring,mild,20,68,1,3,12.2,0,0,3,5,0,0,mild,0,4
Athletics,Thigh/Hamstring,severe,31,54,6,4,18.7,1,0,3,5,2,2,severe,0,38
Cricket,Shoulder,moderate,24,84,5,5,15.1,0,0,0,1,1,1,moderate,1,17
Badminton,Ankle/Foot,mild,19,66,1,4,19.6,1,1,5,7,0,0,mild,0,4
Athletics,Elbow/Forearm,severe,18,57,5,5,14.8,0,1,3,2,2,2,severe,1,38
Kabaddi,Shoulder,mild,18,77,5,2,13.5,1,0,2,1,0,1,moderate,0,19
Wrestling,Shoulder,severe,22,79,7,3,14.9,0,1,4,1,2,2,severe,1,32
Cricket,Elbow/Forearm,moderate,14,61,10,4,10.3,1,0,0,2,1,2,severe,1,52
Football,Head/Neck,severe,27,60,6,6,16.7,0,1,1,0,2,2,severe,1,20
Badminton,Ankle/Foot,moderate,14,48,4,3,10.1,0,1,5,7,1,1,moderate,0,9
Badminton,Elbow/Forearm,moderate,28,62,5,5,28.5,0,0,5,2,1,1,moderate,0,6
Badminton,Ankle/Foot,mild,20,45,4,4,17.6,0,0,5,7,0,0,mild,0,5
Football,Ankle/Foot,mild,23,84,6,5,19.5,0,0,1,7,0,0,mild,0,1
Kabaddi,Chest/Back,moderate,20,45,5,4,7.7,0,1,2,4,1,1,moderate,0,20
Badminton,Elbow/Forearm,mild,28,73,1,2,19.1,0,0,5,2,0,0,mild,0,3
Wrestling,Elbow/Forearm,moderate,16,85,5,1,14.4,1,0,4,2,1,1,moderate,0,12
Kabaddi,Ankle/Foot,moderate,20,50,6,3,15.6,1,0,2,7,1,1,moderate,0,11
Badminton,Thigh/Hamstring,mild,21,77,3,0,9.4,0,0,5,5,0,0,mild,0,5
Cricket,Thigh/Hamstring,severe,15,45,4,5,19.8,0,1,0,5,2,2,severe,1,22
Athletics,Knee,severe,14,71,1,4,18.8,0,0,3,6,2,2,severe,1,91
Cricket,Knee,mild,21,62,6,4,21.3,0,0,0,6,0,0,mild,0,5
Athletics,Thigh/Hamstring,mild,15,61,5,2,17.4,0,0,3,5,0,0,mild,0,3
Badminton,Ankle/Foot,severe,15,90,8,6,10.6,1,0,5,7,2,2,severe,1,20
Badminton,Thigh/Hamstring,moderate,17,69,6,3,21.9,1,0,5,5,1,1,moderate,0,7
Badminton,Shoulder,severe,24,80,4,4,17.0,1,0,5,1,2,2,severe,1,77
Badminton,Thigh/Hamstring,mild,19,73,1,2,12.0,1,1,5,5,0,0,mild,0,2
Wrestling,Chest/Back,mild,14,69,4,2,8.8,0,1,4,4,0,0,mild,0,3
Football,Ankle/Foot,mild,16,69,4,4,11.2,1,0,1,7,0,0,mild,0,4
Badminton,Ankle/Foot,mild,24,51,9,2,11.5,0,0,5,7,0,0,mild,0,4
Athletics,Thigh/Hamstring,mild,25,70,4,3,7.3,1,1,3,5,0,1,moderate,0,10
Badminton,Shoulder,mild,21,84,8,3,13.8,0,0,5,1,0,1,moderate,0,19
Kabaddi,Thigh/Hamstring,mild,17,74,10,4,11.8,1,0,2,5,0,1,moderate,1,11
Kabaddi,Knee,mild,14,69,1,2,20.6,0,0,2,6,0,0,mild,0,4
Athletics,Thigh/Hamstring,severe,23,69,6,4,11.7,0,1,3,5,2,2,severe,1,30
Athletics,Knee,mild,16,64,3,2,12.9,0,1,3,6,0,0,mild,0,5
Cricket,Head/Neck,severe,20,89,5,5,12.2,0,1,0,0,2,2,severe,1,14
Football,Ankle/Foot,severe,14,61,10,4,14.8,1,0,1,7,2,2,severe,1,28
Athletics,Ankle/Foot,severe,18,64,3,4,15.6,0,0,3,7,2,2,severe,1,38
Cricket,Wrist/Hand,mild,25,60,10,5,12.5,0,1,0,3,0,0,mild,0,1
Kabaddi,Knee,mild,15,59,1,3,13.0,1,0,2,6,0,0,mild,0,4
Cricket,Elbow/Forearm,moderate,20,56,3,4,17.0,1,0,0,2,1,1,moderate,0,5
Athletics,Ankle/Foot,moderate,15,72,4,4,17.2,0,0,3,7,1,0,mild,0,5
Cricket,Elbow/Forearm,severe,22,83,4,5,20.7,0,0,0,2,2,2,severe,1,36
Badminton,Elbow/Forearm,severe,24,79,3,3,15.4,1,1,5,2,2,2,severe,1,29
Cricket,Shoulder,moderate,20,69,3,4,18.7,1,0,0,1,1,1,moderate,0,19
Athletics,Knee,severe,14,65,6,3,14.0,0,1,3,6,2,2,severe,1,91
Kabaddi,Elbow/Forearm,moderate,22,50,4,2,17.6,1,0,2,2,1,1,moderate,0,7
Kabaddi,Chest/Back,mild,16,87,7,6,24.3,1,1,2,4,0,0,mild,0,5
Badminton,Thigh/Hamstring,severe,21,79,5,5,12.9,0,0,5,5,2,2,severe,1,41
Football,Chest/Back,moderate,24,63,3,4,21.5,1,0,1,4,1,1,moderate,0,12
Athletics,Knee,severe,16,77,9,1,20.4,1,1,3,6,2,2,severe,1,39
Kabaddi,Head/Neck,mild,15,81,1,4,20.1,1,1,2,0,0,1,moderate,1,7
Badminton,Ankle/Foot,severe,14,69,2,2,14.2,0,0,5,7,2,2,severe,1,34
Football,Knee,mild,21,68,6,5,18.1,0,0,1,6,0,0,mild,0,5
Wrestling,Knee,moderate,14,68,5,6,23.8,0,1,4,6,1,1,moderate,0,26
Football,Ankle/Foot,moderate,21,45,5,7,13.1,1,0,1,7,1,1,moderate,1,8
Badminton,Thigh/Hamstring,moderate,18,79,1,4,24.3,1,1,5,5,1,1,moderate,1,6
Badminton,Knee,severe,14,60,6,2,7.8,0,0,5,6,2,2,severe,1,30
Kabaddi,Knee,mild,17,55,8,3,5.0,1,0,2,6,0,0,mild,1,7
Cricket,Chest/Back,moderate,22,65,7,6,16.7,0,1,0,4,1,2,severe,1,36
Badminton,Shoulder,moderate,22,62,6,2,25.2,0,0,5,1,1,1,moderate,1,17
Athletics,Chest/Back,moderate,22,82,2,2,19.8,1,0,3,4,1,1,moderate,1,18
Kabaddi,Shoulder,severe,21,73,6,5,20.5,0,0,2,1,2,2,severe,1,88
Athletics,Wrist/Hand,severe,14,65,5,4,12.0,1,0,3,3,2,2,severe,1,41
Cricket,Head/Neck,mild,20,80,6,0,22.2,1,1,0,0,0,1,moderate,1,6
Football,Head/Neck,severe,26,72,3,6,12.0,0,1,1,0,2,2,severe,1,37
Wrestling,Chest/Back,moderate,22,70,6,5,13.9,1,0,4,4,1,1,moderate,1,19
Cricket,Shoulder,moderate,18,53,3,4,13.7,0,1,0,1,1,1,moderate,0,17
Kabaddi,Head/Neck,severe,18,62,1,2,14.1,0,1,2,0,2,2,severe,1,29
Athletics,Thigh/Hamstring,mild,22,62,8,4,21.7,0,1,3,5,0,0,mild,0,2
Athletics,Knee,mild,14,82,6,3,16.4,0,1,3,6,0,0,mild,0,4
Football,Knee,severe,30,63,2,4,11.4,0,0,1,6,2,2,severe,1,48
Badminton,Knee,mild,17,49,4,2,10.9,0,0,5,6,0,0,mild,0,6
Badminton,Knee,severe,25,81,1,4,17.1,0,1,5,6,2,2,severe,1,51
Kabaddi,Elbow/Forearm,moderate,22,65,9,3,15.8,0,0,2,2,1,2,severe,1,44
Football,Head/Neck,moderate,17,73,3,4,18.4,1,1,1,0,1,2,severe,1,35
Badminton,Knee,mild,25,60,3,4,7.9,0,0,5,6,0,0,mild,0,6
Wrestling,Wrist/Hand,moderate,24,77,6,4,19.1,0,0,4,3,1,1,moderate,0,14
Badminton,Ankle/Foot,mild,33,66,3,5,18.4,1,0,5,7,0,0,mild,0,1
Wrestling,Head/Neck,moderate,15,69,2,4,21.8,0,1,4,0,1,2,severe,1,50
Badminton,Ankle/Foot,severe,14,81,5,4,9.3,0,0,5,7,2,2,severe,1,31
Badminton,Elbow/Forearm,moderate,14,64,6,2,14.1,1,0,5,2,1,1,moderate,1,12
Athletics,Chest/Back,mild,19,77,9,5,21.6,1,1,3,4,0,1,moderate,1,16
Cricket,Elbow/Forearm,mild,24,86,7,4,10.4,0,1,0,2,0,0,mild,0,5
Kabaddi,Thigh/Hamstring,severe,23,76,6,3,25.9,1,1,2,5,2,2,severe,1,39
Badminton,Chest/Back,moderate,27,58,6,1,19.9,0,0,5,4,1,1,moderate,1,8
Football,Elbow/Forearm,severe,21,45,5,2,16.7,1,0,1,2,2,2,severe,1,31
Wrestling,Head/Neck,mild,19,69,7,3,24.0,1,0,4,0,0,0,mild,1,1
Wrestling,Wrist/Hand,severe,14,68,3,3,21.3,1,1,4,3,2,2,severe,1,40
Athletics,Ankle/Foot,mild,21,55,6,2,9.9,1,0,3,7,0,0,mild,0,5
Badminton,Chest/Back,mild,24,66,4,3,21.7,0,1,5,4,0,0,mild,0,2
Cricket,Elbow/Forearm,moderate,14,75,1,4,15.0,0,1,0,2,1,1,moderate,1,10
Athletics,Ankle/Foot,severe,20,67,7,0,20.1,0,0,3,7,2,2,severe,0,17
Kabaddi,Head/Neck,moderate,21,50,3,6,21.1,1,0,2,0,1,2,severe,1,29
Athletics,Thigh/Hamstring,mild,18,70,5,3,16.9,0,0,3,5,0,0,mild,0,4
Badminton,Elbow/Forearm,severe,26,73,1,5,23.8,0,1,5,2,2,2,severe,1,47
Badminton,Knee,mild,24,61,7,3,15.5,1,0,5,6,0,0,mild,0,5
Wrestling,Ankle/Foot,mild,30,88,5,4,24.3,1,0,4,7,0,1,moderate,0,9
Badminton,Elbow/Forearm,moderate,19,77,5,5,8.1,1,0,5,2,1,1,moderate,1,7
Football,Thigh/Hamstring,moderate,17,51,8,2,5.0,1,1,1,5,1,1,moderate,1,7
Athletics,Thigh/Hamstring,severe,19,60,4,6,13.4,0,0,3,5,2,2,severe,1,37
Football,Shoulder,mild,22,57,5,5,11.5,1,0,1,1,0,0,mild,1,5
Badminton,Chest/Back,mild,23,68,5,3,17.9,1,1,5,4,0,0,mild,0,2
Badminton,Knee,severe,20,56,5,4,9.3,0,0,5,6,2,2,severe,1,54
Football,Elbow/Forearm,moderate,20,69,5,4,10.8,0,1,1,2,1,1,moderate,0,10
Kabaddi,Wrist/Hand,moderate,16,73,3,3,10.4,0,1,2,3,1,1,moderate,1,13
Football,Chest/Back,moderate,14,81,5,3,18.5,0,0,1,4,1,1,moderate,0,13
Kabaddi,Shoulder,moderate,19,71,5,4,13.9,1,0,2,1,1,1,moderate,1,20
Kabaddi,Thigh/Hamstring,mild,23,75,6,2,19.8,0,1,2,5,0,0,mild,0,5
Wrestling,Head/Neck,mild,20,59,8,4,8.3,0,0,4,0,0,0,mild,0,3
Football,Head/Neck,moderate,19,75,7,4,12.2,1,0,1,0,1,2,severe,1,28
Cricket,Shoulder,moderate,25,51,5,2,20.8,1,1,0,1,1,1,moderate,1,20
Wrestling,Chest/Back,mild,32,63,6,4,16.7,1,0,4,4,0,1,moderate,0,11
Badminton,Ankle/Foot,moderate,23,90,5,2,19.7,1,0,5,7,1,1,moderate,0,13
Wrestling,Shoulder,moderate,29,81,5,3,25.7,1,1,4,1,1,1,moderate,1,16
Kabaddi,Elbow/Forearm,mild,14,69,2,5,13.4,0,1,2,2,0,0,mild,0,3
Badminton,Knee,moderate,19,72,2,4,15.5,0,1,5,6,1,2,severe,1,12
Badminton,Thigh/Hamstring,mild,14,67,5,6,18.4,1,1,5,5,0,1,moderate,0,5
Football,Ankle/Foot,severe,18,88,4,2,15.7,1,0,1,7,2,2,severe,1,32
Badminton,Thigh/Hamstring,severe,14,60,5,6,18.6,1,0,5,5,2,2,severe,0,26
Cricket,Elbow/Forearm,moderate,20,91,5,3,17.1,1,1,0,2,1,1,moderate,1,9
Cricket,Shoulder,moderate,19,65,4,3,18.0,1,1,0,1,1,1,moderate,0,20
Kabaddi,Chest/Back,severe,15,77,9,4,17.8,0,0,2,4,2,2,severe,1,24
Badminton,Wrist/Hand,mild,17,61,3,4,23.8,0,0,5,3,0,0,mild,0,2
Cricket,Elbow/Forearm,moderate,19,78,5,3,15.2,1,0,0,2,1,1,moderate,0,7
Badminton,Elbow/Forearm,mild,14,61,6,3,11.9,1,1,5,2,0,0,mild,0,5
Badminton,Ankle/Foot,moderate,14,65,4,3,16.8,0,1,5,7,1,0,mild,1,10
Athletics,Shoulder,moderate,22,71,4,1,22.5,1,0,3,1,1,1,moderate,1,13
Kabaddi,Chest/Back,mild,14,56,4,2,11.3,0,0,2,4,0,0,mild,0,5
Cricket,Shoulder,mild,27,94,5,0,14.6,0,1,0,1,0,0,mild,1,5
Athletics,Knee,severe,16,68,9,3,11.9,0,0,3,6,2,2,severe,1,73
Football,Knee,moderate,22,52,4,3,12.8,0,0,1,6,1,1,moderate,1,27
Wrestling,Elbow/Forearm,moderate,17,50,6,1,26.8,0,0,4,2,1,1,moderate,0,10
Cricket,Wrist/Hand,mild,28,70,4,5,16.6,1,0,0,3,0,0,mild,0,3
Athletics,Wrist/Hand,moderate,29,77,5,3,20.8,0,0,3,3,1,1,moderate,1,9
Kabaddi,Chest/Back,mild,15,45,3,3,12.4,1,0,2,4,0,0,mild,0,2
Cricket,Head/Neck,severe,14,46,3,4,7.3,1,1,0,0,2,1,moderate,1,39
Athletics,Chest/Back,mild,14,64,3,2,19.0,0,1,3,4,0,0,mild,0,3
Wrestling,Chest/Back,moderate,24,84,1,1,15.6,0,0,4,4,1,1,moderate,1,8
Wrestling,Elbow/Forearm,moderate,20,56,2,1,7.8,0,1,4,2,1,1,moderate,1,10
Wrestling,Wrist/Hand,severe,26,82,6,5,13.8,0,0,4,3,2,2,severe,1,44
Badminton,Knee,moderate,14,75,3,2,19.2,0,0,5,6,1,1,moderate,1,27
Badminton,Head/Neck,mild,14,100,4,4,22.4,0,0,5,0,0,0,mild,0,3
Wrestling,Head/Neck,mild,30,46,7,3,17.7,1,1,4,0,0,1,moderate,1,1
Kabaddi,Knee,mild,25,81,7,4,16.1,1,1,2,6,0,1,moderate,0,16
Football,Thigh/Hamstring,mild,25,73,6,4,17.0,0,0,1,5,0,0,mild,0,2
Kabaddi,Head/Neck,mild,18,69,7,2,17.8,1,1,2,0,0,0,mild,1,2
Cricket,Knee,mild,23,63,10,4,19.4,1,0,0,6,0,1,moderate,1,22
Wrestling,Shoulder,severe,18,60,7,1,18.2,0,0,4,1,2,2,severe,1,31
Badminton,Knee,mild,21,70,10,2,16.2,0,0,5,6,0,1,moderate,0,17
Wrestling,Thigh/Hamstring,mild,22,76,7,3,10.4,0,0,4,5,0,0,mild,0,4
Wrestling,Elbow/Forearm,moderate,22,66,6,3,11.4,0,0,4,2,1,1,moderate,0,13
Badminton,Ankle/Foot,severe,14,84,5,4,12.2,0,0,5,7,2,2,severe,1,29
Kabaddi,Chest/Back,moderate,17,49,10,3,11.8,0,0,2,4,1,1,moderate,1,17
Badminton,Knee,severe,20,74,6,4,8.7,0,0,5,6,2,2,severe,1,31
Football,Knee,mild,22,51,6,2,14.2,0,0,1,6,0,0,mild,0,7
Football,Chest/Back,moderate,18,64,8,5,15.4,0,0,1,4,1,1,moderate,0,19
Football,Thigh/Hamstring,mild,22,65,6,2,18.1,0,0,1,5,0,0,mild,0,2
Badminton,Elbow/Forearm,mild,25,65,3,0,15.4,0,0,5,2,0,0,mild,0,4
Kabaddi,Ankle/Foot,moderate,21,65,1,2,12.5,0,1,2,7,1,1,moderate,0,12
Football,Ankle/Foot,mild,23,57,1,4,10.9,0,0,1,7,0,0,mild,0,1
Kabaddi,Thigh/Hamstring,severe,15,71,5,3,13.2,0,1,2,5,2,2,severe,1,20
Football,Thigh/Hamstring,mild,16,90,5,3,24.4,1,0,1,5,0,1,moderate,0,2
Badminton,Wrist/Hand,mild,21,68,2,4,13.4,1,1,5,3,0,1,moderate,1,7
Kabaddi,Chest/Back,moderate,14,54,6,4,21.8,1,1,2,4,1,1,moderate,0,10
Wrestling,Wrist/Hand,mild,22,45,7,4,28.1,0,1,4,3,0,0,mild,0,2
Football,Ankle/Foot,moderate,24,78,4,5,25.5,1,1,1,7,1,1,moderate,1,5
Athletics,Thigh/Hamstring,moderate,18,57,5,1,17.9,0,1,3,5,1,1,moderate,0,9
Cricket,Elbow/Forearm,moderate,20,49,5,4,17.1,0,1,0,2,1,1,moderate,1,8
Badminton,Shoulder,mild,14,84,6,4,12.6,0,1,5,1,0,0,mild,0,4
Badminton,Knee,severe,30,72,10,4,22.1,0,0,5,6,2,2,severe,1,107
Kabaddi,Knee,moderate,17,83,5,5,11.3,0,1,2,6,1,2,severe,0,13
Cricket,Shoulder,severe,17,51,2,3,11.4,0,1,0,1,2,2,severe,1,77
Football,Ankle/Foot,mild,23,59,2,4,12.1,0,0,1,7,0,0,mild,0,4
Football,Thigh/Hamstring,severe,35,55,4,4,16.0,0,1,1,5,2,2,severe,0,34
Wrestling,Chest/Back,moderate,14,61,4,3,16.2,1,1,4,4,1,1,moderate,1,9
Wrestling,Knee,moderate,19,57,1,2,21.7,0,0,4,6,1,1,moderate,1,16
Kabaddi,Chest/Back,moderate,18,59,3,1,17.7,1,0,2,4,1,1,moderate,0,11
Cricket,Shoulder,severe,19,83,7,4,21.7,0,0,0,1,2,2,severe,1,32
Athletics,Thigh/Hamstring,severe,18,63,1,4,22.1,0,1,3,5,2,2,severe,1,24
Badminton,Chest/Back,moderate,18,62,2,2,19.0,0,0,5,4,1,1,moderate,1,21
Wrestling,Thigh/Hamstring,mild,16,51,1,2,16.6,1,1,4,5,0,1,moderate,0,11
Wrestling,Shoulder,mild,14,60,2,0,13.2,1,1,4,1,0,0,mild,0,2
Wrestling,Head/Neck,moderate,16,54,5,4,10.1,1,0,4,0,1,1,moderate,1,60
Athletics,Knee,mild,14,67,2,6,19.1,0,0,3,6,0,0,mild,0,3
Badminton,Elbow/Forearm,mild,21,63,7,1,7.9,0,0,5,2,0,0,mild,0,2
Football,Head/Neck,mild,17,103,9,4,12.9,1,1,1,0,0,1,moderate,1,10
Athletics,Thigh/Hamstring,severe,23,72,7,4,24.9,0,0,3,5,2,2,severe,0,36
Athletics,Ankle/Foot,mild,25,65,7,5,24.2,1,0,3,7,0,1,moderate,0,4
Wrestling,Thigh/Hamstring,severe,17,59,3,2,9.4,0,1,4,5,2,2,severe,1,24
Football,Ankle/Foot,severe,30,63,7,5,5.4,0,0,1,7,2,2,severe,1,23
Kabaddi,Shoulder,mild,14,56,2,3,18.2,0,0,2,1,0,0,mild,0,4
Cricket,Thigh/Hamstring,mild,14,58,5,2,19.0,0,0,0,5,0,0,mild,0,5
Football,Chest/Back,mild,16,67,7,2,17.5,0,1,1,4,0,0,mild,0,4
Cricket,Shoulder,mild,21,61,7,3,27.7,0,0,0,1,0,0,mild,0,4
Athletics,Chest/Back,mild,14,62,1,2,21.1,1,1,3,4,0,0,mild,1,3
Athletics,Knee,severe,14,63,5,3,16.6,0,0,3,6,2,2,severe,1,91
Football,Thigh/Hamstring,moderate,16,53,4,5,18.8,0,0,1,5,1,1,moderate,0,13
Badminton,Thigh/Hamstring,moderate,14,49,3,2,18.3,1,0,5,5,1,1,moderate,0,11
Athletics,Thigh/Hamstring,mild,21,72,3,3,19.0,1,1,3,5,0,0,mild,0,4
Badminton,Knee,mild,14,45,6,6,12.8,1,1,5,6,0,1,moderate,1,10
Wrestling,Head/Neck,mild,14,62,5,4,16.5,1,0,4,0,0,0,mild,0,2
Badminton,Elbow/Forearm,severe,19,49,1,2,15.0,1,0,5,2,2,2,severe,1,23
Wrestling,Head/Neck,mild,18,47,6,2,12.9,0,0,4,0,0,0,mild,0,1
Athletics,Elbow/Forearm,moderate,23,79,5,5,19.3,1,1,3,2,1,1,moderate,0,9
Wrestling,Thigh/Hamstring,mild,18,75,7,6,21.8,1,0,4,5,0,0,mild,0,5
Kabaddi,Head/Neck,moderate,17,77,6,3,16.6,0,0,2,0,1,2,severe,1,52
Cricket,Knee,mild,24,79,5,5,19.8,1,1,0,6,0,0,mild,1,4
Kabaddi,Wrist/Hand,mild,23,73,10,4,26.4,0,1,2,3,0,0,mild,1,3
Badminton,Ankle/Foot,moderate,15,80,4,5,23.2,0,1,5,7,1,1,moderate,0,12
Cricket,Elbow/Forearm,moderate,25,51,3,1,14.7,0,1,0,2,1,1,moderate,1,6
Kabaddi,Ankle/Foot,moderate,14,86,9,5,18.5,0,1,2,7,1,1,moderate,1,9
Wrestling,Elbow/Forearm,severe,28,66,2,3,13.0,0,1,4,2,2,2,severe,0,59
Badminton,Shoulder,severe,15,69,6,2,25.6,0,0,5,1,2,2,severe,1,63
Athletics,Shoulder,severe,26,75,2,4,15.8,1,0,3,1,2,2,severe,1,48
Cricket,Elbow/Forearm,moderate,18,82,6,4,9.3,0,1,0,2,1,1,moderate,1,9
Kabaddi,Ankle/Foot,mild,20,83,7,4,22.1,1,1,2,7,0,1,moderate,1,7
Kabaddi,Elbow/Forearm,mild,27,58,6,2,11.9,1,1,2,2,0,0,mild,0,2
Kabaddi,Knee,mild,14,68,5,1,20.0,1,1,2,6,0,0,mild,1,3
Football,Knee,moderate,20,80,1,0,15.0,1,1,1,6,1,1,moderate,1,25
Football,Ankle/Foot,severe,18,68,1,5,22.8,0,0,1,7,2,2,severe,1,38
Cricket,Shoulder,moderate,22,61,5,2,17.7,1,1,0,1,1,1,moderate,1,21
Football,Thigh/Hamstring,mild,16,59,7,4,18.9,0,0,1,5,0,0,mild,0,2
Kabaddi,Shoulder,mild,25,79,6,4,10.1,0,0,2,1,0,0,mild,0,2
Kabaddi,Knee,mild,22,76,6,4,9.9,1,0,2,6,0,0,mild,0,5
Athletics,Thigh/Hamstring,mild,25,58,3,0,22.8,0,0,3,5,0,0,mild,0,3
Athletics,Thigh/Hamstring,severe,19,83,5,5,9.5,0,0,3,5,2,2,severe,0,35
Badminton,Knee,mild,17,59,6,3,16.1,1,1,5,6,0,0,mild,0,4
Cricket,Shoulder,mild,16,61,4,5,14.2,0,1,0,1,0,0,mild,0,2
Kabaddi,Elbow/Forearm,mild,21,65,3,3,14.1,0,0,2,2,0,0,mild,0,3
Football,Chest/Back,severe,24,58,5,2,18.0,0,1,1,4,2,2,severe,1,88
Kabaddi,Knee,moderate,25,61,1,5,16.6,0,0,2,6,1,1,moderate,0,25
Athletics,Chest/Back,moderate,23,70,5,5,16.1,1,0,3,4,1,1,moderate,1,10
Kabaddi,Thigh/Hamstring,moderate,22,76,2,6,22.9,1,1,2,5,1,1,moderate,0,8
Athletics,Ankle/Foot,severe,23,79,4,4,20.5,0,0,3,7,2,2,severe,1,19
Athletics,Thigh/Hamstring,severe,17,78,5,5,12.8,0,0,3,5,2,2,severe,0,15
Cricket,Shoulder,mild,23,49,2,5,13.9,0,1,0,1,0,0,mild,0,3
Cricket,Head/Neck,mild,21,88,5,2,18.9,1,1,0,0,0,0,mild,1,3
Badminton,Thigh/Hamstring,mild,24,89,5,7,15.9,0,0,5,5,0,0,mild,0,4
Wrestling,Head/Neck,mild,24,56,1,7,15.8,0,1,4,0,0,0,mild,0,3
Kabaddi,Ankle/Foot,mild,18,76,3,2,12.3,0,1,2,7,0,0,mild,0,3
Athletics,Thigh/Hamstring,mild,17,92,6,5,13.2,0,0,3,5,0,0,mild,0,5
Wrestling,Shoulder,mild,14,74,4,6,12.8,1,0,4,1,0,1,moderate,0,7
Cricket,Wrist/Hand,severe,23,60,4,2,10.3,0,0,0,3,2,2,severe,1,45
Football,Head/Neck,mild,14,68,6,3,23.7,1,0,1,0,0,1,moderate,1,5
Athletics,Knee,severe,14,81,1,5,15.5,1,0,3,6,2,2,severe,1,56
Badminton,Wrist/Hand,moderate,14,65,6,4,13.4,0,1,5,3,1,1,moderate,1,8
Football,Chest/Back,moderate,23,83,3,3,8.4,1,0,1,4,1,1,moderate,1,19
Badminton,Knee,mild,18,76,5,3,16.1,1,0,5,6,0,1,moderate,1,22
Athletics,Thigh/Hamstring,severe,24,64,3,4,16.5,0,1,3,5,2,2,severe,1,35
Football,Ankle/Foot,moderate,29,67,6,5,12.3,0,0,1,7,1,1,moderate,0,14
Cricket,Wrist/Hand,mild,14,45,5,2,15.5,1,0,0,3,0,2,severe,0,9
Badminton,Elbow/Forearm,mild,23,63,2,2,6.5,0,1,5,2,0,0,mild,0,4
Kabaddi,Shoulder,mild,21,49,6,5,14.7,0,0,2,1,0,0,mild,0,4
Athletics,Knee,mild,21,84,7,1,12.3,0,1,3,6,0,0,mild,0,3
Kabaddi,Shoulder,severe,19,67,7,3,25.1,1,1,2,1,2,2,severe,1,73
Badminton,Shoulder,mild,18,65,9,2,20.3,0,0,5,1,0,1,moderate,1,20
Cricket,Shoulder,mild,26,76,2,1,16.9,0,1,0,1,0,0,mild,0,5
Badminton,Wrist/Hand,mild,23,46,9,3,15.2,0,0,5,3,0,1,moderate,0,5
Athletics,Thigh/Hamstring,moderate,21,49,5,3,13.3,0,0,3,5,1,1,moderate,1,11
Athletics,Thigh/Hamstring,severe,16,56,3,6,20.1,0,0,3,5,2,2,severe,1,40
Kabaddi,Ankle/Foot,mild,14,86,4,2,7.3,1,1,2,7,0,1,moderate,1,7
Badminton,Knee,moderate,14,87,10,4,23.7,0,0,5,6,1,2,severe,1,105
Football,Ankle/Foot,moderate,21,68,3,4,19.7,0,0,1,7,1,1,moderate,0,14
Kabaddi,Thigh/Hamstring,moderate,25,73,5,4,20.9,1,0,2,5,1,1,moderate,1,14
Wrestling,Knee,moderate,21,74,1,3,14.7,0,0,4,6,1,1,moderate,0,25
Football,Thigh/Hamstring,mild,18,78,4,5,12.1,1,1,1,5,0,0,mild,0,2
Cricket,Shoulder,moderate,20,95,4,5,9.0,0,0,0,1,1,1,moderate,0,8
Cricket,Shoulder,severe,21,62,1,5,16.0,1,0,0,1,2,2,severe,1,69
Badminton,Thigh/Hamstring,mild,17,55,2,2,8.9,0,1,5,5,0,0,mild,1,5
Athletics,Elbow/Forearm,mild,23,59,1,4,18.5,0,1,3,2,0,0,mild,0,2
Wrestling,Wrist/Hand,mild,22,71,1,3,24.9,0,0,4,3,0,0,mild,0,1
Athletics,Wrist/Hand,mild,19,89,4,6,16.7,1,0,3,3,0,1,moderate,0,12
Badminton,Knee,mild,20,49,1,3,15.4,1,0,5,6,0,2,severe,1,24
Wrestling,Head/Neck,severe,16,60,7,4,11.4,0,0,4,0,2,2,severe,1,21
Wrestling,Ankle/Foot,severe,20,58,3,5,14.3,1,1,4,7,2,2,severe,1,34
Athletics,Knee,mild,20,63,1,4,20.7,0,0,3,6,0,0,mild,0,6
Athletics,Thigh/Hamstring,mild,15,50,2,4,9.9,0,1,3,5,0,0,mild,0,2
Wrestling,Chest/Back,mild,20,55,2,3,20.6,1,1,4,4,0,1,moderate,1,18
Kabaddi,Thigh/Hamstring,mild,18,62,4,5,11.5,0,1,2,5,0,0,mild,0,3
Cricket,Chest/Back,mild,14,57,5,4,18.8,1,1,0,4,0,0,mild,0,5
Badminton,Knee,severe,14,78,1,4,26.1,1,0,5,6,2,2,severe,1,34
Athletics,Knee,severe,14,52,8,4,15.6,1,0,3,6,2,2,severe,1,97
Cricket,Shoulder,moderate,27,73,4,2,17.2,0,0,0,1,1,1,moderate,0,18
Athletics,Knee,mild,20,90,4,3,21.3,0,0,3,6,0,0,mild,0,4
Wrestling,Knee,mild,21,68,1,3,15.7,0,0,4,6,0,0,mild,0,6
Football,Thigh/Hamstring,moderate,14,85,8,2,21.7,0,1,1,5,1,2,severe,1,26
Cricket,Wrist/Hand,moderate,22,53,5,6,23.1,0,1,0,3,1,2,severe,1,60
Athletics,Ankle/Foot,moderate,21,55,4,1,9.6,0,0,3,7,1,1,moderate,0,14
Kabaddi,Ankle/Foot,mild,20,70,6,2,21.2,1,1,2,7,0,0,mild,0,2
Badminton,Ankle/Foot,mild,19,69,5,7,18.6,0,1,5,7,0,0,mild,0,3
Football,Knee,mild,16,60,7,3,22.2,1,0,1,6,0,0,mild,0,4
Cricket,Thigh/Hamstring,severe,15,79,1,4,18.1,0,0,0,5,2,2,severe,1,19
Kabaddi,Elbow/Forearm,mild,14,64,1,4,5.0,0,1,2,2,0,0,mild,0,3
Cricket,Thigh/Hamstring,mild,21,69,3,4,23.9,1,1,0,5,0,0,mild,0,5
Football,Thigh/Hamstring,mild,20,56,7,1,19.0,0,0,1,5,0,0,mild,0,4
Kabaddi,Chest/Back,severe,14,47,5,5,16.6,1,0,2,4,2,2,severe,1,57
Kabaddi,Knee,moderate,20,78,2,3,9.6,1,1,2,6,1,1,moderate,1,25
Wrestling,Knee,mild,18,76,4,1,10.9,1,1,4,6,0,0,mild,0,3
Wrestling,Knee,severe,17,67,8,2,13.8,1,0,4,6,2,2,severe,1,113
Badminton,Thigh/Hamstring,severe,21,75,5,5,16.5,1,0,5,5,2,2,severe,1,26
Football,Head/Neck,mild,15,71,2,4,20.8,1,0,1,0,0,0,mild,0,3
Kabaddi,Wrist/Hand,moderate,15,49,6,3,19.8,0,0,2,3,1,1,moderate,0,7
Wrestling,Shoulder,moderate,27,70,7,3,5.9,0,0,4,1,1,1,moderate,1,17
Athletics,Elbow/Forearm,mild,21,49,5,4,5.0,1,1,3,2,0,1,moderate,1,7
Badminton,Elbow/Forearm,moderate,14,70,3,2,21.0,0,1,5,2,1,1,moderate,1,6
Athletics,Thigh/Hamstring,mild,17,45,8,6,20.7,0,1,3,5,0,2,severe,1,33
Wrestling,Wrist/Hand,severe,22,59,3,4,11.8,0,0,4,3,2,2,severe,0,20
Athletics,Thigh/Hamstring,mild,25,51,5,6,20.0,0,1,3,5,0,0,mild,0,5
Badminton,Shoulder,mild,16,45,4,0,17.2,1,0,5,1,0,0,mild,0,4
Athletics,Thigh/Hamstring,mild,14,79,8,1,16.1,1,0,3,5,0,1,moderate,0,7
Football,Shoulder,mild,14,60,6,4,11.4,0,0,1,1,0,0,mild,0,3
Wrestling,Elbow/Forearm,moderate,20,64,4,2,17.1,1,1,4,2,1,1,moderate,0,12
Badminton,Ankle/Foot,mild,15,54,9,5,20.0,1,1,5,7,0,0,mild,1,3
Football,Shoulder,moderate,14,68,4,4,7.9,0,0,1,1,1,1,moderate,0,18
Football,Knee,mild,19,85,5,2,11.2,1,0,1,6,0,0,mild,1,6
Football,Ankle/Foot,moderate,14,66,3,1,15.7,0,1,1,7,1,1,moderate,0,8
Athletics,Thigh/Hamstring,moderate,17,73,5,5,11.4,0,0,3,5,1,1,moderate,0,14
Badminton,Wrist/Hand,mild,14,89,5,5,15.8,0,0,5,3,0,0,mild,0,1
Cricket,Elbow/Forearm,mild,18,70,6,4,26.3,0,1,0,2,0,0,mild,0,4
Cricket,Head/Neck,moderate,21,50,1,4,12.0,0,1,0,0,1,2,severe,1,42
Cricket,Shoulder,moderate,15,71,7,4,5.5,1,0,0,1,1,1,moderate,1,9
Kabaddi,Knee,moderate,22,65,6,1,16.8,0,0,2,6,1,1,moderate,0,16
Cricket,Wrist/Hand,mild,17,88,3,3,6.9,1,1,0,3,0,0,mild,0,3
Cricket,Ankle/Foot,severe,21,52,3,2,8.9,0,0,0,7,2,2,severe,1,34
Badminton,Knee,mild,14,68,6,0,16.9,0,0,5,6,0,0,mild,0,3
Wrestling,Thigh/Hamstring,severe,18,67,5,6,19.6,0,0,4,5,2,2,severe,1,36
Kabaddi,Ankle/Foot,mild,20,73,3,3,18.0,1,0,2,7,0,0,mild,0,3
Cricket,Ankle/Foot,mild,15,78,1,4,15.4,1,0,0,7,0,1,moderate,0,8
Wrestling,Shoulder,severe,24,74,1,4,11.6,1,0,4,1,2,2,severe,0,75
Cricket,Ankle/Foot,mild,14,79,4,2,5.0,0,1,0,7,0,1,moderate,0,2
Football,Knee,mild,22,76,7,4,11.8,0,0,1,6,0,0,mild,0,3
Football,Ankle/Foot,mild,14,61,1,3,11.5,0,1,1,7,0,0,mild,0,3
Badminton,Ankle/Foot,severe,21,97,7,5,12.0,0,0,5,7,2,2,severe,1,31
Badminton,Ankle/Foot,severe,21,61,7,2,17.6,0,0,5,7,2,2,severe,1,19
Cricket,Knee,severe,23,79,4,6,17.7,1,0,0,6,2,2,severe,1,101
Football,Knee,severe,21,58,5,5,15.0,0,1,1,6,2,2,severe,1,82
Kabaddi,Knee,mild,24,68,3,3,13.6,0,0,2,6,0,1,moderate,0,6
Cricket,Chest/Back,moderate,14,87,5,1,19.7,1,1,0,4,1,1,moderate,0,13
Football,Ankle/Foot,mild,23,71,2,2,20.6,1,0,1,7,0,0,mild,0,1
Football,Head/Neck,mild,21,47,1,2,15.3,0,1,1,0,0,0,mild,1,3
Badminton,Elbow/Forearm,moderate,25,60,4,3,8.3,0,1,5,2,1,1,moderate,0,10
Kabaddi,Ankle/Foot,mild,17,71,1,2,9.9,1,0,2,7,0,0,mild,0,3
Athletics,Knee,severe,20,55,8,1,19.3,1,1,3,6,2,2,severe,1,83
Badminton,Thigh/Hamstring,moderate,14,71,5,2,13.4,0,0,5,5,1,0,mild,0,13
Badminton,Knee,mild,22,69,4,0,9.4,0,0,5,6,0,0,mild,0,3
Athletics,Chest/Back,moderate,14,55,4,4,12.4,0,1,3,4,1,1,moderate,1,11
Athletics,Chest/Back,mild,23,55,3,5,11.6,0,0,3,4,0,0,mild,0,3
Athletics,Elbow/Forearm,mild,24,54,5,2,20.7,0,1,3,2,0,0,mild,0,3
Cricket,Elbow/Forearm,mild,19,77,4,2,20.6,0,1,0,2,0,0,mild,0,3
Athletics,Ankle/Foot,moderate,19,90,5,2,22.3,0,1,3,7,1,1,moderate,1,14
Athletics,Knee,mild,23,47,1,3,16.3,1,1,3,6,0,0,mild,0,6
Badminton,Ankle/Foot,severe,17,70,6,4,20.4,1,0,5,7,2,2,severe,1,22
Badminton,Chest/Back,mild,26,58,3,2,13.1,1,1,5,4,0,0,mild,0,5
Wrestling,Elbow/Forearm,moderate,23,71,3,3,5.0,0,0,4,2,1,1,moderate,1,8
Wrestling,Wrist/Hand,mild,17,63,8,1,18.7,0,0,4,3,0,1,moderate,0,8
Cricket,Ankle/Foot,mild,24,56,1,3,25.5,0,0,0,7,0,0,mild,0,3
Wrestling,Chest/Back,severe,14,67,2,3,10.8,0,1,4,4,2,2,severe,1,86
Football,Head/Neck,mild,25,76,1,4,17.7,0,0,1,0,0,0,mild,0,3
Cricket,Shoulder,severe,18,73,5,4,24.3,0,1,0,1,2,2,severe,1,88
Kabaddi,Chest/Back,severe,14,56,4,3,12.3,0,0,2,4,2,2,severe,1,31
Cricket,Shoulder,mild,24,55,3,2,14.3,1,0,0,1,0,0,mild,0,4
Football,Ankle/Foot,mild,33,61,8,1,11.4,1,1,1,7,0,1,moderate,0,9
Wrestling,Ankle/Foot,severe,14,95,2,3,22.9,1,1,4,7,2,2,severe,1,26
Football,Knee,mild,14,72,8,4,25.0,0,0,1,6,0,1,moderate,1,10
Badminton,Knee,severe,23,60,9,3,20.6,1,0,5,6,2,2,severe,1,112
Badminton,Knee,moderate,23,100,1,4,19.4,0,0,5,6,1,1,moderate,1,13
Badminton,Chest/Back,mild,18,64,5,3,18.6,0,1,5,4,0,0,mild,0,3
Badminton,Knee,moderate,26,85,1,4,12.3,0,1,5,6,1,1,moderate,1,14
Athletics,Shoulder,severe,14,70,7,6,14.7,0,1,3,1,2,2,severe,1,31
Cricket,Shoulder,mild,21,70,5,2,9.3,0,0,0,1,0,0,mild,0,3
Football,Knee,moderate,14,71,5,3,10.9,1,1,1,6,1,1,moderate,0,13
Athletics,Thigh/Hamstring,mild,23,54,3,5,12.4,0,0,3,5,0,0,mild,0,4
Badminton,Knee,moderate,18,76,6,3,17.2,1,1,5,6,1,1,moderate,1,21
Kabaddi,Shoulder,moderate,21,56,5,5,20.6,0,1,2,1,1,1,moderate,1,20
Athletics,Chest/Back,moderate,15,45,7,7,9.8,0,0,3,4,1,2,severe,1,59
Kabaddi,Knee,mild,20,61,3,0,18.6,1,0,2,6,0,1,moderate,0,27
Badminton,Knee,moderate,20,62,4,3,12.7,0,0,5,6,1,1,moderate,0,25
Wrestling,Shoulder,mild,24,63,6,4,27.2,0,1,4,1,0,0,mild,0,5
Athletics,Knee,severe,22,92,5,0,22.1,0,1,3,6,2,2,severe,1,89
Wrestling,Head/Neck,mild,25,55,1,3,22.2,0,0,4,0,0,0,mild,0,3
Wrestling,Elbow/Forearm,moderate,16,65,4,6,14.4,0,1,4,2,1,1,moderate,0,6
Athletics,Elbow/Forearm,mild,20,89,6,4,21.1,1,0,3,2,0,0,mild,1,2
Cricket,Knee,severe,21,89,2,5,9.8,0,1,0,6,2,1,moderate,1,65
Badminton,Ankle/Foot,moderate,18,53,1,2,14.1,1,1,5,7,1,1,moderate,0,14
Football,Ankle/Foot,severe,26,74,7,3,18.1,1,1,1,7,2,2,severe,1,41
Wrestling,Wrist/Hand,mild,23,60,9,2,16.5,1,0,4,3,0,1,moderate,1,8
Badminton,Shoulder,mild,14,53,4,3,18.3,1,0,5,1,0,0,mild,0,3
Badminton,Ankle/Foot,mild,17,82,6,3,9.4,0,1,5,7,0,0,mild,0,4
Cricket,Wrist/Hand,moderate,14,70,8,4,19.6,0,0,0,3,1,1,moderate,1,11
Football,Ankle/Foot,mild,14,62,2,2,18.5,1,0,1,7,0,0,mild,0,2
Kabaddi,Chest/Back,severe,21,82,7,2,12.1,1,0,2,4,2,2,severe,1,25
Cricket,Elbow/Forearm,mild,24,72,4,2,20.3,1,1,0,2,0,0,mild,0,2
Cricket,Shoulder,moderate,21,54,5,4,20.7,0,0,0,1,1,1,moderate,1,21
Kabaddi,Knee,mild,26,59,6,4,15.9,0,1,2,6,0,0,mild,0,4
Cricket,Elbow/Forearm,mild,27,74,3,5,19.3,1,0,0,2,0,0,mild,0,5
Wrestling,Wrist/Hand,moderate,22,77,5,2,5.0,0,0,4,3,1,1,moderate,0,14
Athletics,Thigh/Hamstring,mild,22,57,6,2,19.4,0,0,3,5,0,0,mild,0,5
Kabaddi,Knee,mild,14,78,8,3,13.1,0,0,2,6,0,1,moderate,1,28
Kabaddi,Wrist/Hand,moderate,32,85,9,2,14.1,0,0,2,3,1,2,severe,1,45
Kabaddi,Thigh/Hamstring,moderate,17,78,1,3,13.5,0,1,2,5,1,1,moderate,0,10
Football,Head/Neck,mild,14,70,4,2,13.5,0,0,1,0,0,0,mild,1,2
Athletics,Head/Neck,moderate,22,59,7,2,11.1,1,0,3,0,1,2,severe,1,34
Wrestling,Chest/Back,mild,17,60,7,3,10.4,0,0,4,4,0,0,mild,0,2
Wrestling,Chest/Back,moderate,22,62,2,1,14.1,1,1,4,4,1,1,moderate,1,13
Cricket,Elbow/Forearm,mild,14,76,1,3,14.8,0,0,0,2,0,0,mild,0,4
Athletics,Thigh/Hamstring,moderate,14,67,5,5,9.0,0,0,3,5,1,1,moderate,0,6
Badminton,Ankle/Foot,mild,22,71,6,3,20.8,1,0,5,7,0,0,mild,0,5
Badminton,Elbow/Forearm,moderate,15,62,3,4,17.9,0,0,5,2,1,1,moderate,0,9
Football,Chest/Back,moderate,19,56,3,2,18.6,0,1,1,4,1,1,moderate,1,11
Badminton,Elbow/Forearm,moderate,25,77,4,7,18.5,1,0,5,2,1,2,severe,0,6
Athletics,Chest/Back,mild,24,71,4,2,6.1,1,0,3,4,0,1,moderate,1,20
Kabaddi,Chest/Back,severe,24,58,3,3,13.7,1,0,2,4,2,2,severe,1,26
Cricket,Chest/Back,moderate,27,54,6,2,11.0,0,1,0,4,1,1,moderate,0,17
Athletics,Thigh/Hamstring,severe,24,86,1,3,13.5,1,0,3,5,2,2,severe,1,20
Wrestling,Shoulder,mild,14,60,7,2,16.4,1,0,4,1,0,1,moderate,1,15
Badminton,Chest/Back,mild,23,61,5,4,19.7,1,0,5,4,0,1,moderate,1,21
Cricket,Shoulder,severe,20,80,5,6,20.0,0,0,0,1,2,2,severe,1,87
Wrestling,Chest/Back,moderate,19,84,4,5,17.5,0,1,4,4,1,1,moderate,1,18
Cricket,Knee,moderate,19,66,3,6,15.6,0,1,0,6,1,1,moderate,1,14
Football,Chest/Back,mild,19,83,4,3,19.3,0,1,1,4,0,0,mild,0,2
Kabaddi,Chest/Back,mild,23,63,5,5,14.3,0,0,2,4,0,0,mild,0,5
Cricket,Shoulder,moderate,14,57,3,3,21.0,0,0,0,1,1,2,severe,0,19
Athletics,Wrist/Hand,moderate,21,54,3,1,17.7,0,0,3,3,1,1,moderate,1,14
Athletics,Knee,mild,26,85,5,2,17.3,1,1,3,6,0,0,mild,0,5
Cricket,Chest/Back,moderate,16,68,6,3,12.1,1,1,0,4,1,1,moderate,1,7
Kabaddi,Head/Neck,mild,28,65,2,3,8.9,1,0,2,0,0,0,mild,1,2
Wrestling,Thigh/Hamstring,mild,24,70,3,5,19.9,1,0,4,5,0,0,mild,0,3
Kabaddi,Chest/Back,moderate,24,79,2,0,16.0,0,0,2,4,1,1,moderate,0,13
Kabaddi,Shoulder,moderate,30,74,3,4,21.1,0,0,2,1,1,1,moderate,1,8
Wrestling,Elbow/Forearm,severe,26,54,1,3,6.8,1,0,4,2,2,2,severe,1,26
Badminton,Knee,severe,23,64,5,2,19.0,0,1,5,6,2,2,severe,1,54
Cricket,Head/Neck,mild,27,65,5,4,8.0,0,1,0,0,0,0,mild,0,2
Wrestling,Shoulder,severe,22,84,4,2,10.7,0,0,4,1,2,2,severe,1,64
Kabaddi,Shoulder,moderate,23,60,1,3,16.2,1,0,2,1,1,1,moderate,0,8
Cricket,Shoulder,severe,24,64,4,0,13.7,0,0,0,1,2,2,severe,1,52
Badminton,Knee,moderate,20,83,3,2,16.4,0,1,5,6,1,1,moderate,1,23
Badminton,Shoulder,severe,16,65,6,6,13.7,0,1,5,1,2,2,severe,1,79
Cricket,Shoulder,moderate,14,45,6,4,15.8,1,1,0,1,1,1,moderate,1,20
Athletics,Chest/Back,mild,17,45,5,3,12.5,0,1,3,4,0,0,mild,0,3
Kabaddi,Knee,mild,14,75,1,3,15.3,0,1,2,6,0,0,mild,1,6
Wrestling,Elbow/Forearm,moderate,14,65,4,6,5.0,0,1,4,2,1,2,severe,1,40
Cricket,Elbow/Forearm,mild,27,70,4,2,13.2,1,0,0,2,0,0,mild,0,3
Football,Chest/Back,mild,15,64,6,3,21.8,0,1,1,4,0,0,mild,0,3
Football,Ankle/Foot,mild,25,71,6,1,15.3,0,0,1,7,0,0,mild,0,2
Wrestling,Chest/Back,mild,20,59,4,5,26.3,1,0,4,4,0,0,mild,0,3
Kabaddi,Head/Neck,severe,18,65,3,4,12.7,1,1,2,0,2,2,severe,1,15
Football,Knee,severe,20,59,6,3,16.8,1,0,1,6,2,2,severe,1,120
Badminton,Shoulder,mild,14,63,5,0,14.8,1,0,5,1,0,1,moderate,1,17
Football,Knee,mild,21,92,4,0,20.8,0,1,1,6,0,0,mild,0,6
Athletics,Thigh/Hamstring,severe,17,72,5,4,15.7,1,0,3,5,2,2,severe,1,27
Athletics,Shoulder,moderate,24,56,3,3,14.0,0,1,3,1,1,1,moderate,0,19
Badminton,Thigh/Hamstring,mild,14,74,4,5,15.8,0,1,5,5,0,0,mild,0,5
Cricket,Shoulder,severe,16,60,6,3,22.2,1,1,0,1,2,2,severe,1,45
Kabaddi,Wrist/Hand,mild,22,68,3,2,19.3,0,0,2,3,0,0,mild,0,3
Football,Ankle/Foot,mild,22,89,6,4,21.6,0,0,1,7,0,0,mild,0,5
Athletics,Knee,moderate,21,48,3,2,19.3,0,0,3,6,1,1,moderate,0,11
Badminton,Shoulder,severe,19,65,9,5,9.8,0,1,5,1,2,2,severe,1,49
Wrestling,Elbow/Forearm,mild,24,61,4,5,16.8,0,0,4,2,0,0,mild,0,4
Wrestling,Shoulder,moderate,18,79,6,5,16.5,0,1,4,1,1,1,moderate,0,8
Wrestling,Wrist/Hand,mild,14,76,6,3,14.5,0,0,4,3,0,0,mild,0,4
Badminton,Wrist/Hand,moderate,17,61,5,3,17.9,1,0,5,3,1,1,moderate,0,12
Kabaddi,Knee,severe,33,71,6,1,23.5,0,0,2,6,2,1,moderate,1,95
Athletics,Shoulder,mild,14,67,5,4,15.6,0,1,3,1,0,0,mild,0,3
Badminton,Ankle/Foot,moderate,14,77,2,3,9.2,0,0,5,7,1,1,moderate,1,14
Cricket,Chest/Back,severe,19,69,7,4,21.6,0,0,0,4,2,2,severe,1,27
Football,Thigh/Hamstring,moderate,17,77,5,4,19.4,1,0,1,5,1,1,moderate,0,9
Wrestling,Shoulder,mild,19,62,1,2,9.8,0,1,4,1,0,0,mild,0,5
Football,Ankle/Foot,moderate,21,52,5,3,9.8,0,0,1,7,1,1,moderate,0,12
Football,Thigh/Hamstring,mild,16,72,4,5,18.6,1,0,1,5,0,0,mild,0,3
Football,Chest/Back,severe,16,79,6,2,12.3,1,0,1,4,2,2,severe,1,44
Wrestling,Ankle/Foot,mild,14,67,7,3,8.7,0,0,4,7,0,0,mild,0,4
Kabaddi,Knee,severe,27,73,5,1,11.7,1,1,2,6,2,2,severe,1,114
Wrestling,Chest/Back,mild,21,70,6,5,22.0,0,0,4,4,0,0,mild,0,4
Athletics,Knee,moderate,15,62,6,4,18.1,1,0,3,6,1,1,moderate,0,12
Athletics,Ankle/Foot,severe,16,54,1,5,22.0,0,1,3,7,2,2,severe,1,35
Athletics,Knee,moderate,14,57,6,5,11.3,1,1,3,6,1,1,moderate,0,26
Cricket,Chest/Back,moderate,22,77,3,1,22.0,0,0,0,4,1,1,moderate,0,10
Kabaddi,Knee,moderate,14,61,8,2,8.0,0,1,2,6,1,2,severe,1,103
Wrestling,Elbow/Forearm,mild,26,59,4,2,13.2,0,0,4,2,0,0,mild,0,4
Badminton,Elbow/Forearm,mild,18,64,1,4,5.0,1,1,5,2,0,0,mild,0,5
Kabaddi,Thigh/Hamstring,severe,16,53,7,4,17.3,0,0,2,5,2,2,severe,0,33
Cricket,Chest/Back,severe,14,68,1,4,14.5,1,1,0,4,2,2,severe,1,82
Cricket,Shoulder,mild,17,51,8,1,17.9,0,1,0,1,0,0,mild,0,3
Athletics,Thigh/Hamstring,moderate,15,55,3,3,18.8,0,0,3,5,1,1,moderate,0,13
Wrestling,Thigh/Hamstring,mild,21,78,4,5,15.4,0,1,4,5,0,0,mild,0,4
Athletics,Ankle/Foot,severe,26,61,6,5,13.8,0,1,3,7,2,2,severe,1,26
Badminton,Ankle/Foot,mild,24,65,2,5,17.4,0,1,5,7,0,0,mild,0,4
Football,Head/Neck,moderate,16,67,5,4,16.2,1,1,1,0,1,2,severe,1,18
Cricket,Shoulder,moderate,21,63,8,3,26.3,1,0,0,1,1,1,moderate,1,19
Cricket,Elbow/Forearm,moderate,18,53,2,5,20.7,0,0,0,2,1,1,moderate,1,8
Athletics,Ankle/Foot,severe,16,57,3,2,13.5,0,0,3,7,2,2,severe,0,36
Badminton,Thigh/Hamstring,mild,23,74,4,0,14.6,1,1,5,5,0,1,moderate,1,11
Kabaddi,Head/Neck,moderate,19,75,5,5,14.4,1,0,2,0,1,2,severe,1,27
Kabaddi,Elbow/Forearm,mild,19,59,7,3,11.8,1,0,2,2,0,0,mild,0,3
Athletics,Knee,mild,20,56,6,4,15.6,0,0,3,6,0,1,moderate,0,7
Cricket,Shoulder,mild,21,66,2,3,24.8,0,0,0,1,0,0,mild,0,5
Kabaddi,Head/Neck,moderate,16,73,1,4,15.0,0,0,2,0,1,2,severe,1,29
Badminton,Elbow/Forearm,mild,17,62,1,5,14.6,0,0,5,2,0,0,mild,0,5
Wrestling,Ankle/Foot,mild,26,85,7,4,19.5,1,0,4,7,0,1,moderate,1,10
Athletics,Thigh/Hamstring,moderate,19,78,2,1,27.2,0,1,3,5,1,1,moderate,0,10
Cricket,Wrist/Hand,moderate,25,51,1,3,12.2,1,1,0,3,1,1,moderate,1,8
Football,Chest/Back,mild,22,77,8,2,14.4,0,0,1,4,0,0,mild,0,2
Badminton,Knee,severe,20,54,10,4,24.2,0,0,5,6,2,2,severe,1,97
Wrestling,Shoulder,mild,15,70,3,3,17.2,0,1,4,1,0,0,mild,1,2
Badminton,Thigh/Hamstring,moderate,25,67,4,2,16.3,0,0,5,5,1,1,moderate,0,13
Badminton,Elbow/Forearm,mild,14,69,2,4,12.4,1,0,5,2,0,0,mild,0,4
Badminton,Head/Neck,severe,18,81,4,4,12.8,0,0,5,0,2,2,severe,1,17
Football,Chest/Back,mild,15,72,4,2,24.2,0,0,1,4,0,0,mild,0,5
Cricket,Shoulder,mild,21,61,4,2,14.0,0,1,0,1,0,0,mild,0,2
Wrestling,Shoulder,moderate,14,65,5,4,15.5,0,0,4,1,1,1,moderate,1,15
Wrestling,Thigh/Hamstring,mild,14,66,4,5,19.3,0,0,4,5,0,0,mild,0,4
Athletics,Thigh/Hamstring,moderate,28,55,5,5,6.2,0,1,3,5,1,1,moderate,0,13
Athletics,Knee,moderate,21,69,7,3,21.1,0,1,3,6,1,0,mild,1,12
Football,Thigh/Hamstring,mild,20,86,7,3,18.1,0,1,1,5,0,0,mild,0,4
Football,Thigh/Hamstring,mild,22,69,5,6,20.4,0,0,1,5,0,0,mild,0,5
Athletics,Chest/Back,moderate,24,73,5,1,18.7,0,0,3,4,1,1,moderate,0,10
Kabaddi,Knee,mild,19,82,5,6,6.5,1,0,2,6,0,0,mild,0,3
Cricket,Thigh/Hamstring,moderate,24,64,3,4,18.8,0,0,0,5,1,1,moderate,1,7
Cricket,Shoulder,severe,33,93,1,4,19.8,1,1,0,1,2,2,severe,1,52
Cricket,Shoulder,mild,19,67,8,4,20.4,1,0,0,1,0,1,moderate,1,9
Football,Knee,moderate,20,90,4,3,14.6,0,1,1,6,1,1,moderate,0,26
Kabaddi,Elbow/Forearm,mild,27,45,3,2,10.6,1,0,2,2,0,0,mild,0,5
Cricket,Knee,mild,14,68,5,3,24.7,0,0,0,6,0,0,mild,0,6
Athletics,Elbow/Forearm,mild,20,63,2,4,11.9,0,0,3,2,0,0,mild,0,4
Badminton,Shoulder,severe,30,61,2,3,15.7,0,0,5,1,2,2,severe,1,52
Badminton,Head/Neck,severe,14,87,6,4,18.3,0,1,5,0,2,2,severe,1,31
Football,Ankle/Foot,severe,22,61,5,2,12.9,0,0,1,7,2,1,moderate,1,41
Cricket,Chest/Back,severe,20,72,6,4,19.4,0,1,0,4,2,2,severe,1,37
Athletics,Wrist/Hand,moderate,31,50,4,3,18.6,0,1,3,3,1,1,moderate,0,5
Cricket,Shoulder,moderate,14,57,10,3,15.6,1,1,0,1,1,1,moderate,0,18
Cricket,Shoulder,mild,27,77,5,4,28.3,0,0,0,1,0,0,mild,0,2
Cricket,Knee,moderate,27,59,5,4,21.5,1,0,0,6,1,1,moderate,1,10
Football,Elbow/Forearm,mild,30,55,5,6,14.8,0,0,1,2,0,0,mild,0,2
Football,Knee,mild,25,72,1,3,11.0,0,0,1,6,0,0,mild,0,5
Cricket,Head/Neck,severe,14,63,2,4,13.1,1,1,0,0,2,2,severe,1,55
Kabaddi,Shoulder,severe,16,72,4,4,15.9,1,1,2,1,2,2,severe,1,75
Kabaddi,Thigh/Hamstring,moderate,23,72,6,4,20.6,0,1,2,5,1,1,moderate,1,8
Athletics,Chest/Back,moderate,19,74,1,2,14.7,0,0,3,4,1,1,moderate,1,13
Wrestling,Ankle/Foot,severe,15,57,8,4,12.8,0,1,4,7,2,2,severe,1,24
Football,Knee,severe,26,89,4,4,9.5,0,0,1,6,2,2,severe,1,88
Badminton,Ankle/Foot,mild,16,45,4,2,13.5,1,1,5,7,0,0,mild,0,4
Wrestling,Chest/Back,moderate,20,53,5,1,22.5,0,1,4,4,1,1,moderate,1,14
Football,Shoulder,severe,15,48,4,5,11.5,0,0,1,1,2,2,severe,1,54
Athletics,Ankle/Foot,mild,14,71,3,3,10.3,0,0,3,7,0,0,mild,0,4
Wrestling,Head/Neck,severe,25,57,5,2,20.7,1,1,4,0,2,2,severe,1,35
Wrestling,Shoulder,mild,25,60,4,2,16.0,0,0,4,1,0,0,mild,0,5
Football,Thigh/Hamstring,mild,20,78,5,4,13.4,0,0,1,5,0,0,mild,0,4
Badminton,Thigh/Hamstring,mild,19,88,5,4,15.8,0,0,5,5,0,0,mild,0,2
Cricket,Chest/Back,mild,24,74,5,5,14.9,0,1,0,4,0,0,mild,0,5
Athletics,Ankle/Foot,severe,28,82,2,2,15.4,0,1,3,7,2,2,severe,1,16
Badminton,Chest/Back,moderate,23,68,3,2,13.0,1,0,5,4,1,2,severe,1,21
Cricket,Shoulder,severe,14,63,9,4,16.5,1,0,0,1,2,2,severe,1,71
Athletics,Chest/Back,mild,24,70,9,3,12.0,1,0,3,4,0,1,moderate,1,18
Cricket,Shoulder,mild,27,87,4,3,12.7,0,1,0,1,0,0,mild,0,3
Kabaddi,Knee,mild,17,62,7,4,17.0,0,0,2,6,0,0,mild,0,4
Cricket,Head/Neck,mild,24,64,3,4,9.7,0,0,0,0,0,0,mild,0,2
Wrestling,Chest/Back,severe,20,70,2,1,10.3,0,1,4,4,2,2,severe,1,53
Wrestling,Shoulder,mild,14,56,4,3,17.7,0,1,4,1,0,0,mild,0,5
Football,Thigh/Hamstring,mild,17,45,2,2,11.0,0,1,1,5,0,0,mild,0,5
Kabaddi,Thigh/Hamstring,severe,27,85,1,4,8.8,0,0,2,5,2,1,moderate,0,33
Wrestling,Thigh/Hamstring,mild,23,68,4,5,11.3,0,1,4,5,0,0,mild,0,5
Athletics,Ankle/Foot,mild,20,59,3,1,16.2,0,1,3,7,0,0,mild,0,2
Football,Knee,moderate,29,57,2,3,17.2,0,1,1,6,1,1,moderate,0,28
Cricket,Chest/Back,mild,24,61,9,2,14.4,1,0,0,4,0,1,moderate,1,15
Cricket,Knee,moderate,19,86,3,6,19.0,1,1,0,6,1,2,severe,1,87
Wrestling,Knee,moderate,15,54,3,4,11.2,0,1,4,6,1,1,moderate,1,12
Kabaddi,Knee,moderate,16,49,10,5,8.3,0,1,2,6,1,1,moderate,1,16
Wrestling,Ankle/Foot,severe,14,60,7,6,24.2,1,0,4,7,2,2,severe,1,24
Kabaddi,Knee,severe,19,92,2,3,7.0,0,0,2,6,2,2,severe,1,116
Cricket,Chest/Back,severe,19,62,5,4,18.2,0,0,0,4,2,2,severe,1,27
Cricket,Elbow/Forearm,mild,14,57,5,4,17.1,1,0,0,2,0,0,mild,0,4
Athletics,Thigh/Hamstring,severe,22,71,3,6,15.8,0,0,3,5,2,2,severe,1,14
Badminton,Ankle/Foot,mild,18,87,4,3,20.5,0,0,5,7,0,0,mild,0,2
Kabaddi,Shoulder,moderate,20,81,7,2,16.1,0,0,2,1,1,1,moderate,1,16
Kabaddi,Shoulder,mild,18,48,2,3,5.0,0,0,2,1,0,0,mild,0,4
Kabaddi,Thigh/Hamstring,moderate,28,66,1,5,25.8,0,0,2,5,1,1,moderate,0,13
Badminton,Chest/Back,mild,20,84,2,2,21.8,1,0,5,4,0,1,moderate,1,12
Kabaddi,Wrist/Hand,mild,23,65,1,5,14.1,1,0,2,3,0,0,mild,0,4
Football,Knee,mild,19,58,1,5,16.9,0,0,1,6,0,0,mild,0,5
Cricket,Chest/Back,severe,16,78,7,6,22.9,0,0,0,4,2,2,severe,1,33
Badminton,Shoulder,mild,14,72,5,3,22.4,1,0,5,1,0,0,mild,0,4
Football,Head/Neck,severe,20,72,6,4,20.3,0,0,1,0,2,2,severe,1,29
Wrestling,Ankle/Foot,severe,19,63,4,2,14.2,0,0,4,7,2,2,severe,1,36
Cricket,Elbow/Forearm,moderate,16,62,8,2,10.2,0,0,0,2,1,2,severe,1,56
Cricket,Shoulder,mild,17,65,5,1,13.4,1,1,0,1,0,0,mild,0,5
Kabaddi,Ankle/Foot,moderate,26,67,7,4,14.5,0,0,2,7,1,1,moderate,0,7
Athletics,Thigh/Hamstring,mild,15,94,5,3,12.2,1,1,3,5,0,0,mild,0,2
Football,Thigh/Hamstring,mild,15,80,6,3,6.2,0,1,1,5,0,0,mild,0,3
Kabaddi,Elbow/Forearm,moderate,14,66,2,4,16.7,0,0,2,2,1,1,moderate,1,7
Athletics,Knee,moderate,19,71,6,5,14.7,0,0,3,6,1,1,moderate,0,25
Wrestling,Wrist/Hand,moderate,14,78,6,1,11.6,0,0,4,3,1,1,moderate,1,9
Badminton,Shoulder,mild,25,66,7,4,15.6,1,1,5,1,0,0,mild,0,3
Badminton,Shoulder,mild,30,60,1,4,16.6,0,0,5,1,0,0,mild,0,4
Kabaddi,Thigh/Hamstring,mild,20,82,1,2,14.0,0,0,2,5,0,0,mild,0,3
Football,Thigh/Hamstring,moderate,23,45,7,4,7.4,0,1,1,5,1,1,moderate,0,10
Football,Head/Neck,mild,17,46,4,5,23.8,0,0,1,0,0,0,mild,0,3
Athletics,Thigh/Hamstring,mild,18,52,9,4,23.9,0,1,3,5,0,1,moderate,0,11
Football,Ankle/Foot,mild,20,81,6,6,14.8,0,0,1,7,0,0,mild,0,3
Athletics,Thigh/Hamstring,mild,14,86,3,2,20.9,1,0,3,5,0,0,mild,0,4
Wrestling,Head/Neck,moderate,35,70,4,6,11.6,1,0,4,0,1,2,severe,1,37
Kabaddi,Thigh/Hamstring,mild,24,67,1,3,21.8,0,0,2,5,0,0,mild,0,2
Athletics,Knee,severe,16,51,4,4,21.3,0,0,3,6,2,2,severe,1,87
Cricket,Chest/Back,mild,14,60,1,3,25.7,0,0,0,4,0,0,mild,0,5
Kabaddi,Shoulder,moderate,29,65,5,4,15.8,0,1,2,1,1,1,moderate,1,10
Wrestling,Elbow/Forearm,moderate,21,73,4,3,18.4,1,1,4,2,1,1,moderate,1,13
Football,Knee,mild,19,89,6,2,24.2,1,0,1,6,0,1,moderate,0,6
Wrestling,Wrist/Hand,mild,14,45,8,5,6.8,0,0,4,3,0,1,moderate,0,5
Cricket,Head/Neck,mild,21,64,3,5,12.1,1,1,0,0,0,0,mild,0,2
Athletics,Thigh/Hamstring,mild,17,73,6,2,14.0,0,1,3,5,0,0,mild,0,2
Badminton,Shoulder,mild,27,69,3,3,15.0,1,0,5,1,0,1,moderate,1,17
Cricket,Chest/Back,mild,21,71,7,2,15.3,1,0,0,4,0,0,mild,0,3
Athletics,Thigh/Hamstring,mild,19,61,1,3,26.5,1,0,3,5,0,0,mild,0,3
Athletics,Ankle/Foot,mild,22,75,4,3,11.4,0,0,3,7,0,0,mild,0,2
Kabaddi,Shoulder,mild,16,72,2,4,22.2,0,1,2,1,0,0,mild,1,2
Athletics,Chest/Back,mild,14,90,10,3,11.3,0,0,3,4,0,0,mild,0,3
Kabaddi,Knee,mild,15,68,7,6,13.9,1,1,2,6,0,1,moderate,1,20
Kabaddi,Chest/Back,moderate,14,84,7,4,16.2,1,1,2,4,1,1,moderate,1,16
Athletics,Thigh/Hamstring,mild,16,45,6,4,14.3,1,0,3,5,0,0,mild,0,2
Football,Chest/Back,mild,14,66,4,3,15.9,0,1,1,4,0,0,mild,1,5
Cricket,Chest/Back,moderate,22,63,8,5,18.6,0,0,0,4,1,2,severe,1,77
Football,Knee,mild,14,87,7,6,15.9,0,0,1,6,0,0,mild,0,6
Football,Elbow/Forearm,moderate,14,55,5,6,21.7,0,1,1,2,1,2,severe,1,33
Athletics,Ankle/Foot,mild,18,73,3,3,12.1,0,1,3,7,0,0,mild,0,1
Badminton,Thigh/Hamstring,moderate,22,53,6,4,15.8,0,0,5,5,1,1,moderate,1,8
Athletics,Thigh/Hamstring,moderate,19,54,6,3,5.0,0,0,3,5,1,1,moderate,0,7
Kabaddi,Chest/Back,moderate,15,49,1,5,16.3,0,1,2,4,1,1,moderate,0,9
Kabaddi,Thigh/Hamstring,mild,20,85,8,3,16.0,1,1,2,5,0,1,moderate,0,10
Wrestling,Thigh/Hamstring,moderate,15,58,5,1,26.0,0,1,4,5,1,1,moderate,1,11
Badminton,Ankle/Foot,severe,20,81,4,2,18.7,1,1,5,7,2,2,severe,1,14
Football,Knee,moderate,23,94,1,3,17.5,1,1,1,6,1,1,moderate,1,12
Football,Knee,severe,14,69,2,2,19.8,0,1,1,6,2,2,severe,1,48
Football,Chest/Back,moderate,20,75,6,5,16.0,1,0,1,4,1,1,moderate,0,16
Athletics,Ankle/Foot,mild,25,69,4,6,25.6,0,0,3,7,0,0,mild,0,4
Kabaddi,Elbow/Forearm,mild,18,69,3,3,20.9,0,1,2,2,0,0,mild,0,3
Cricket,Ankle/Foot,severe,17,45,5,4,20.4,0,0,0,7,2,2,severe,1,26
Wrestling,Shoulder,severe,18,53,3,4,17.7,0,0,4,1,2,2,severe,0,64
Athletics,Thigh/Hamstring,severe,15,75,6,3,19.6,1,1,3,5,2,2,severe,1,39
Wrestling,Head/Neck,mild,14,45,9,4,19.9,0,1,4,0,0,0,mild,0,3
Football,Thigh/Hamstring,mild,14,76,3,1,16.9,1,1,1,5,0,0,mild,0,4
Football,Head/Neck,mild,23,75,5,5,19.4,1,0,1,0,0,0,mild,0,3
Badminton,Ankle/Foot,moderate,19,64,2,4,19.5,1,0,5,7,1,1,moderate,0,7
Kabaddi,Wrist/Hand,mild,14,52,4,3,8.5,0,1,2,3,0,0,mild,0,1
Athletics,Thigh/Hamstring,moderate,19,67,4,2,5.4,1,1,3,5,1,1,moderate,0,14
Kabaddi,Ankle/Foot,mild,14,59,2,3,18.5,1,0,2,7,0,0,mild,0,3
Wrestling,Chest/Back,severe,17,66,4,2,11.2,1,1,4,4,2,2,severe,1,41
Wrestling,Elbow/Forearm,mild,24,84,4,3,15.7,0,1,4,2,0,0,mild,0,5
Wrestling,Head/Neck,mild,17,80,4,1,19.4,1,1,4,0,0,0,mild,0,3
Athletics,Shoulder,moderate,27,79,2,4,22.6,1,1,3,1,1,1,moderate,1,20
Football,Ankle/Foot,mild,29,60,2,2,24.6,0,0,1,7,0,0,mild,0,3
Wrestling,Head/Neck,severe,21,65,5,6,6.6,0,0,4,0,2,2,severe,1,49
Kabaddi,Ankle/Foot,mild,27,62,5,3,6.3,1,0,2,7,0,0,mild,0,2
Athletics,Knee,severe,18,74,8,5,18.9,0,0,3,6,2,2,severe,1,82
Badminton,Elbow/Forearm,severe,20,59,5,5,21.1,0,0,5,2,2,2,severe,1,27
Athletics,Wrist/Hand,severe,14,59,2,4,18.4,1,0,3,3,2,2,severe,0,41
Football,Ankle/Foot,moderate,21,65,7,5,9.1,0,0,1,7,1,1,moderate,0,13
Kabaddi,Shoulder,mild,17,60,5,1,26.3,0,0,2,1,0,0,mild,0,3
Kabaddi,Ankle/Foot,mild,22,62,7,2,16.8,0,0,2,7,0,1,moderate,0,5
Wrestling,Shoulder,moderate,18,55,5,3,20.5,1,0,4,1,1,1,moderate,0,17
Wrestling,Ankle/Foot,moderate,14,75,5,3,23.6,0,0,4,7,1,1,moderate,1,8
Kabaddi,Knee,mild,20,63,8,4,13.8,0,0,2,6,0,0,mild,0,5
Badminton,Knee,moderate,18,68,6,2,10.3,0,0,5,6,1,1,moderate,1,11
Wrestling,Ankle/Foot,moderate,23,89,4,3,30.6,0,1,4,7,1,1,moderate,1,8
Badminton,Knee,moderate,21,65,8,0,15.2,1,0,5,6,1,2,severe,0,91
Cricket,Wrist/Hand,mild,24,69,2,4,11.0,0,1,0,3,0,0,mild,0,4
Cricket,Shoulder,severe,14,76,4,5,17.6,1,1,0,1,2,2,severe,1,79
Cricket,Shoulder,mild,28,65,3,4,18.6,0,0,0,1,0,0,mild,0,5
Athletics,Ankle/Foot,severe,16,73,3,1,11.1,0,0,3,7,2,2,severe,1,29
Cricket,Elbow/Forearm,mild,14,56,4,5,19.3,0,0,0,2,0,0,mild,0,2
Kabaddi,Head/Neck,moderate,14,53,6,5,17.4,1,0,2,0,1,2,severe,1,24
Wrestling,Shoulder,mild,17,79,1,3,13.2,0,0,4,1,0,0,mild,0,2
Kabaddi,Knee,moderate,24,60,10,3,22.6,0,0,2,6,1,2,severe,1,68
Athletics,Knee,mild,18,71,2,3,15.1,0,1,3,6,0,0,mild,0,4
Football,Knee,severe,14,94,3,4,17.2,1,0,1,6,2,2,severe,1,52
Football,Shoulder,moderate,24,83,5,4,26.2,1,1,1,1,1,1,moderate,1,17
Athletics,Ankle/Foot,severe,16,77,2,3,8.4,0,0,3,7,2,2,severe,1,38
Kabaddi,Elbow/Forearm,moderate,28,72,3,1,22.7,0,0,2,2,1,1,moderate,0,5
Football,Thigh/Hamstring,moderate,14,93,5,4,15.1,0,0,1,5,1,1,moderate,0,14
Kabaddi,Head/Neck,mild,28,58,5,3,19.2,0,0,2,0,0,0,mild,0,3
Football,Ankle/Foot,mild,19,75,6,3,13.8,0,1,1,7,0,0,mild,0,1
Football,Ankle/Foot,mild,27,62,4,5,20.5,0,0,1,7,0,0,mild,0,3
Wrestling,Thigh/Hamstring,moderate,14,91,4,4,22.8,0,0,4,5,1,1,moderate,0,9
Football,Ankle/Foot,severe,26,48,5,1,16.1,0,1,1,7,2,2,severe,1,38
Athletics,Thigh/Hamstring,moderate,26,63,6,2,11.9,0,0,3,5,1,1,moderate,0,6
Badminton,Ankle/Foot,severe,23,69,6,2,15.3,0,1,5,7,2,2,severe,1,36
Badminton,Ankle/Foot,mild,25,64,1,4,12.5,1,1,5,7,0,0,mild,0,5
Athletics,Ankle/Foot,mild,28,46,10,2,17.1,0,1,3,7,0,0,mild,0,14
Wrestling,Shoulder,moderate,18,60,2,5,17.9,1,1,4,1,1,1,moderate,1,10
Cricket,Head/Neck,moderate,27,62,9,2,13.8,1,0,0,0,1,2,severe,1,54
Kabaddi,Head/Neck,moderate,14,59,4,3,15.5,1,0,2,0,1,2,severe,1,36
Kabaddi,Knee,moderate,22,66,5,3,14.6,1,0,2,6,1,1,moderate,0,11
Wrestling,Thigh/Hamstring,mild,16,60,5,1,11.3,0,0,4,5,0,0,mild,0,4
Athletics,Thigh/Hamstring,moderate,22,45,1,4,12.7,1,0,3,5,1,1,moderate,0,11
Athletics,Chest/Back,severe,14,63,3,2,8.5,0,1,3,4,2,2,severe,1,58
Athletics,Shoulder,mild,14,90,6,4,12.0,0,0,3,1,0,0,mild,0,3
Kabaddi,Head/Neck,moderate,19,66,4,3,11.9,1,1,2,0,1,2,severe,1,54
Kabaddi,Chest/Back,severe,20,67,4,4,14.7,1,1,2,4,2,2,severe,1,80
Wrestling,Elbow/Forearm,mild,22,82,4,3,17.9,1,0,4,2,0,1,moderate,0,14
Cricket,Shoulder,moderate,20,56,3,3,5.0,1,1,0,1,1,1,moderate,1,19
Wrestling,Head/Neck,mild,20,73,2,7,16.1,0,1,4,0,0,0,mild,0,1
Football,Thigh/Hamstring,moderate,25,50,5,3,12.7,0,1,1,5,1,1,moderate,1,5
Athletics,Thigh/Hamstring,severe,16,67,1,4,10.1,0,1,3,5,2,2,severe,1,35
Badminton,Thigh/Hamstring,mild,23,74,9,4,18.6,1,0,5,5,0,1,moderate,1,6
Kabaddi,Thigh/Hamstring,severe,24,54,1,4,11.9,0,0,2,5,2,2,severe,0,15
Athletics,Knee,mild,18,45,4,5,13.7,0,1,3,6,0,0,mild,0,3
Cricket,Shoulder,moderate,14,54,5,3,22.7,0,1,0,1,1,1,moderate,1,17
Cricket,Knee,mild,14,53,3,2,16.6,1,0,0,6,0,1,moderate,0,22
Cricket,Knee,severe,20,62,2,3,24.0,1,1,0,6,2,2,severe,1,64
Athletics,Ankle/Foot,severe,14,63,7,1,10.7,0,1,3,7,2,2,severe,0,32
Kabaddi,Shoulder,severe,14,77,1,4,18.8,1,0,2,1,2,2,severe,0,67
Football,Shoulder,moderate,16,57,6,3,12.2,0,0,1,1,1,1,moderate,1,11
Wrestling,Head/Neck,severe,21,65,4,4,15.0,1,1,4,0,2,2,severe,1,56
Wrestling,Shoulder,mild,15,59,8,3,15.9,1,1,4,1,0,1,moderate,0,14
Cricket,Shoulder,severe,25,48,6,3,18.5,1,0,0,1,2,2,severe,1,56
Badminton,Ankle/Foot,moderate,23,81,2,3,20.4,0,1,5,7,1,1,moderate,0,8
Badminton,Shoulder,moderate,14,66,7,4,10.1,1,1,5,1,1,2,severe,1,8
Kabaddi,Thigh/Hamstring,severe,14,55,4,5,19.3,0,0,2,5,2,2,severe,0,27
Athletics,Ankle/Foot,mild,14,70,4,2,16.4,0,0,3,7,0,0,mild,1,1
Athletics,Knee,mild,14,59,5,2,10.5,1,0,3,6,0,1,moderate,1,24
Athletics,Chest/Back,mild,14,73,3,2,19.8,1,0,3,4,0,1,moderate,1,16
Kabaddi,Shoulder,moderate,26,55,5,2,21.5,0,1,2,1,1,1,moderate,0,13
Cricket,Ankle/Foot,mild,28,69,2,5,9.8,0,0,0,7,0,0,mild,1,1
Badminton,Thigh/Hamstring,moderate,25,69,4,5,9.7,0,1,5,5,1,1,moderate,1,7
Cricket,Chest/Back,mild,14,58,8,3,13.7,1,1,0,4,0,0,mild,0,3
Athletics,Shoulder,moderate,16,74,4,4,16.5,0,0,3,1,1,1,moderate,0,18
Cricket,Chest/Back,mild,24,73,4,3,20.1,1,0,0,4,0,0,mild,0,3
Wrestling,Knee,severe,17,46,5,3,12.7,1,0,4,6,2,2,severe,1,39
Wrestling,Elbow/Forearm,mild,18,77,3,3,22.2,0,0,4,2,0,0,mild,0,4
Badminton,Knee,moderate,17,66,7,4,17.9,0,1,5,6,1,1,moderate,1,28
Wrestling,Knee,moderate,26,50,1,2,22.4,0,0,4,6,1,1,moderate,1,26
Football,Ankle/Foot,moderate,18,85,3,2,13.0,1,0,1,7,1,1,moderate,1,8
Kabaddi,Elbow/Forearm,mild,27,87,1,2,20.9,0,0,2,2,0,0,mild,0,2
Badminton,Shoulder,severe,22,64,4,3,20.9,1,1,5,1,2,2,severe,1,68
Wrestling,Wrist/Hand,moderate,14,65,4,7,9.4,1,0,4,3,1,2,severe,1,14
Wrestling,Chest/Back,moderate,14,45,2,4,20.6,1,0,4,4,1,1,moderate,1,9
Football,Head/Neck,moderate,14,74,7,3,17.3,1,0,1,0,1,2,severe,1,17
Wrestling,Knee,moderate,16,58,1,4,17.2,1,0,4,6,1,1,moderate,0,12
Athletics,Thigh/Hamstring,mild,24,59,6,4,15.2,0,1,3,5,0,0,mild,0,2
Badminton,Knee,mild,15,80,6,3,12.8,0,1,5,6,0,0,mild,0,4
Cricket,Knee,moderate,23,55,2,3,20.3,0,1,0,6,1,1,moderate,1,22
Kabaddi,Thigh/Hamstring,severe,15,73,5,1,12.7,0,1,2,5,2,2,severe,1,38
Badminton,Thigh/Hamstring,mild,20,62,7,3,16.3,0,0,5,5,0,0,mild,0,3
Football,Head/Neck,mild,17,69,4,4,5.8,0,0,1,0,0,0,mild,0,3
Athletics,Head/Neck,mild,22,46,5,4,10.5,1,0,3,0,0,1,moderate,1,1
Cricket,Shoulder,moderate,23,54,7,3,24.5,0,0,0,1,1,1,moderate,1,12
Athletics,Chest/Back,moderate,25,75,4,2,13.5,0,0,3,4,1,1,moderate,1,12
Cricket,Chest/Back,mild,15,59,5,3,15.3,0,1,0,4,0,0,mild,0,5
Badminton,Shoulder,mild,22,96,6,3,27.8,1,0,5,1,0,0,mild,0,5
Badminton,Elbow/Forearm,mild,17,72,4,3,19.1,0,1,5,2,0,0,mild,0,5
Kabaddi,Shoulder,moderate,19,91,4,4,12.5,0,0,2,1,1,1,moderate,0,19
Football,Knee,mild,24,77,4,1,13.8,0,0,1,6,0,0,mild,1,4
Wrestling,Chest/Back,mild,20,76,5,2,21.2,1,0,4,4,0,0,mild,0,3
Wrestling,Shoulder,severe,26,86,4,5,22.6,0,0,4,1,2,2,severe,1,63
Cricket,Shoulder,severe,16,78,5,4,18.3,1,0,0,1,2,2,severe,1,77
Cricket,Elbow/Forearm,mild,15,71,2,4,15.5,1,0,0,2,0,0,mild,0,2
Wrestling,Chest/Back,mild,15,56,3,5,17.5,0,0,4,4,0,0,mild,0,2
Badminton,Wrist/Hand,severe,15,69,7,4,13.4,1,1,5,3,2,2,severe,1,30
Badminton,Shoulder,mild,21,55,2,1,10.3,1,1,5,1,0,0,mild,0,5
Football,Thigh/Hamstring,moderate,28,68,4,5,17.9,1,0,1,5,1,2,severe,0,5
Kabaddi,Chest/Back,moderate,20,77,4,3,18.3,1,0,2,4,1,1,moderate,1,9
Football,Shoulder,mild,15,85,4,4,13.3,1,0,1,1,0,1,moderate,1,11
Badminton,Ankle/Foot,mild,17,80,4,5,15.4,1,1,5,7,0,0,mild,0,5
Cricket,Shoulder,moderate,17,61,2,4,10.8,0,1,0,1,1,1,moderate,0,21
Cricket,Shoulder,mild,20,62,3,4,29.7,0,0,0,1,0,0,mild,0,4
Wrestling,Wrist/Hand,mild,24,77,5,5,16.9,0,0,4,3,0,0,mild,0,1
Kabaddi,Elbow/Forearm,mild,21,74,6,4,29.3,1,0,2,2,0,0,mild,0,3
Badminton,Ankle/Foot,severe,14,77,4,4,9.2,1,0,5,7,2,2,severe,1,26
Football,Chest/Back,mild,25,62,7,3,20.7,0,1,1,4,0,0,mild,0,3
Wrestling,Knee,moderate,22,56,3,3,8.0,0,0,4,6,1,1,moderate,1,18
Wrestling,Elbow/Forearm,mild,22,49,4,5,13.8,1,0,4,2,0,1,moderate,1,10
Cricket,Ankle/Foot,severe,14,74,5,2,19.9,0,0,0,7,2,2,severe,0,27
Wrestling,Elbow/Forearm,severe,22,71,1,5,16.9,0,1,4,2,2,2,severe,1,37
Kabaddi,Chest/Back,mild,25,79,6,2,17.2,1,1,2,4,0,0,mild,0,2
Athletics,Thigh/Hamstring,mild,14,67,5,4,17.3,1,1,3,5,0,0,mild,0,3
Cricket,Shoulder,moderate,26,82,2,3,15.8,0,0,0,1,1,1,moderate,0,7
Badminton,Ankle/Foot,moderate,25,71,6,4,14.4,1,1,5,7,1,1,moderate,0,5
Cricket,Elbow/Forearm,mild,25,58,2,3,21.8,0,0,0,2,0,0,mild,0,3
Wrestling,Thigh/Hamstring,moderate,14,55,8,4,10.2,0,0,4,5,1,2,severe,1,14
Cricket,Elbow/Forearm,mild,24,78,4,2,23.4,0,1,0,2,0,1,moderate,0,2
Wrestling,Head/Neck,severe,14,67,5,4,18.8,0,0,4,0,2,2,severe,1,45
Wrestling,Elbow/Forearm,mild,27,63,7,4,24.5,0,0,4,2,0,0,mild,0,3
Badminton,Knee,mild,14,45,5,4,27.2,1,0,5,6,0,0,mild,0,6
Wrestling,Knee,mild,14,65,4,4,18.6,0,1,4,6,0,0,mild,0,3
Athletics,Ankle/Foot,severe,16,82,8,4,20.3,0,1,3,7,2,2,severe,1,21
Football,Knee,mild,26,52,5,3,34.0,0,0,1,6,0,0,mild,0,3
Football,Thigh/Hamstring,severe,19,76,5,1,16.3,0,0,1,5,2,2,severe,1,22
Badminton,Elbow/Forearm,mild,24,69,5,2,11.6,0,1,5,2,0,0,mild,0,3
Athletics,Thigh/Hamstring,moderate,20,79,3,3,12.5,1,0,3,5,1,1,moderate,0,9
Badminton,Knee,moderate,22,75,5,4,5.0,1,1,5,6,1,1,moderate,1,11
Wrestling,Shoulder,mild,18,61,6,1,8.1,0,0,4,1,0,0,mild,1,3
Wrestling,Ankle/Foot,mild,19,75,8,4,17.3,0,1,4,7,0,0,mild,0,4
Football,Ankle/Foot,severe,15,82,6,3,13.1,1,0,1,7,2,1,moderate,1,36
Football,Knee,mild,18,66,5,2,13.7,1,0,1,6,0,1,moderate,1,11
Athletics,Chest/Back,severe,23,58,1,3,19.1,1,0,3,4,2,2,severe,1,29
Wrestling,Wrist/Hand,severe,23,50,6,4,18.2,1,0,4,3,2,2,severe,1,57
Cricket,Wrist/Hand,mild,14,53,4,1,18.4,0,0,0,3,0,0,mild,0,1
Cricket,Shoulder,mild,20,72,5,5,25.0,0,1,0,1,0,0,mild,0,5
Football,Ankle/Foot,mild,20,66,8,1,16.1,0,0,1,7,0,1,moderate,0,7
Wrestling,Wrist/Hand,mild,21,63,5,7,23.1,0,0,4,3,0,0,mild,0,4
Kabaddi,Knee,mild,14,65,8,4,23.6,0,0,2,6,0,0,mild,0,6
Badminton,Knee,mild,14,83,3,3,16.3,1,1,5,6,0,0,mild,0,7
Kabaddi,Wrist/Hand,mild,15,68,4,3,17.6,1,1,2,3,0,0,mild,0,3
Badminton,Wrist/Hand,mild,23,45,7,4,14.5,1,0,5,3,0,0,mild,1,2
Athletics,Chest/Back,severe,23,58,4,3,30.4,0,1,3,4,2,2,severe,1,35
Wrestling,Knee,moderate,20,65,3,6,13.9,0,0,4,6,1,2,severe,1,60
Wrestling,Thigh/Hamstring,mild,22,65,1,7,14.9,0,1,4,5,0,0,mild,0,2
Wrestling,Elbow/Forearm,mild,18,64,7,3,22.5,0,0,4,2,0,0,mild,0,3
Athletics,Knee,moderate,16,60,2,4,18.4,1,0,3,6,1,1,moderate,1,10
Kabaddi,Knee,severe,23,60,4,5,18.4,0,0,2,6,2,2,severe,1,93
Wrestling,Knee,moderate,21,93,7,6,19.5,0,1,4,6,1,1,moderate,1,15
Football,Knee,moderate,14,69,9,4,19.1,0,1,1,6,1,1,moderate,0,21
Football,Knee,mild,27,66,2,1,10.3,1,0,1,6,0,0,mild,0,4
Athletics,Knee,moderate,20,85,2,4,16.7,0,1,3,6,1,1,moderate,1,22
Cricket,Shoulder,severe,18,54,6,4,10.6,0,1,0,1,2,2,severe,1,43
Kabaddi,Ankle/Foot,mild,23,63,5,6,12.1,0,0,2,7,0,0,mild,0,1
Cricket,Shoulder,severe,15,61,5,3,17.5,0,0,0,1,2,2,severe,1,40
Athletics,Ankle/Foot,severe,16,68,4,2,23.9,1,0,3,7,2,2,severe,1,25
Athletics,Ankle/Foot,mild,24,45,7,4,25.0,1,0,3,7,0,1,moderate,1,11
Athletics,Thigh/Hamstring,mild,20,54,5,4,15.9,1,1,3,5,0,0,mild,0,5
Cricket,Thigh/Hamstring,mild,24,61,2,3,27.3,0,0,0,5,0,0,mild,0,4
Kabaddi,Elbow/Forearm,severe,14,86,3,3,21.5,0,0,2,2,2,2,severe,1,29
Kabaddi,Elbow/Forearm,severe,14,78,7,2,20.6,0,1,2,2,2,2,severe,1,53
Wrestling,Knee,mild,21,63,4,3,19.1,1,1,4,6,0,0,mild,0,3
Badminton,Thigh/Hamstring,mild,22,74,2,2,9.3,0,0,5,5,0,0,mild,0,5
Athletics,Chest/Back,severe,24,91,3,2,12.7,1,0,3,4,2,2,severe,1,72
Cricket,Wrist/Hand,moderate,20,75,7,2,15.8,1,0,0,3,1,1,moderate,1,6
Badminton,Chest/Back,mild,24,83,4,3,17.7,0,1,5,4,0,0,mild,0,5
Wrestling,Elbow/Forearm,moderate,16,80,10,6,20.5,0,0,4,2,1,2,severe,1,23
Wrestling,Head/Neck,mild,20,66,3,4,20.3,1,0,4,0,0,0,mild,1,1
Athletics,Ankle/Foot,severe,25,58,8,1,21.7,0,0,3,7,2,2,severe,1,34
Football,Knee,mild,17,78,5,3,12.7,0,1,1,6,0,0,mild,0,3
Badminton,Chest/Back,mild,22,71,7,3,22.3,0,0,5,4,0,0,mild,1,5
Football,Head/Neck,mild,23,74,5,3,18.8,0,0,1,0,0,0,mild,1,3
Wrestling,Elbow/Forearm,moderate,21,63,5,6,15.3,0,0,4,2,1,2,severe,1,34
Kabaddi,Ankle/Foot,mild,21,79,6,5,19.6,0,0,2,7,0,0,mild,0,4
Badminton,Thigh/Hamstring,moderate,22,74,3,3,18.5,1,0,5,5,1,1,moderate,0,13
Cricket,Elbow/Forearm,moderate,22,85,3,3,18.1,0,0,0,2,1,1,moderate,1,12
Kabaddi,Head/Neck,mild,15,75,8,4,15.5,0,1,2,0,0,0,mild,0,3
Cricket,Knee,moderate,19,83,1,3,15.1,1,1,0,6,1,1,moderate,1,10
Kabaddi,Shoulder,severe,23,64,5,4,14.6,0,0,2,1,2,2,severe,1,47
Football,Ankle/Foot,moderate,24,77,10,5,14.7,0,1,1,7,1,1,moderate,0,8
Cricket,Elbow/Forearm,moderate,30,74,5,2,22.0,0,0,0,2,1,1,moderate,0,9
Kabaddi,Wrist/Hand,mild,25,78,10,4,14.2,1,1,2,3,0,0,mild,0,4
Kabaddi,Thigh/Hamstring,mild,14,65,2,6,10.0,0,0,2,5,0,0,mild,0,4
Athletics,Thigh/Hamstring,moderate,23,86,5,2,25.1,0,0,3,5,1,1,moderate,1,8
Football,Elbow/Forearm,moderate,23,65,6,3,18.7,1,0,1,2,1,1,moderate,0,12
Football,Knee,mild,16,79,1,4,24.2,1,0,1,6,0,0,mild,0,5
Badminton,Shoulder,mild,14,54,1,2,18.1,0,1,5,1,0,0,mild,0,2
Kabaddi,Knee,moderate,14,45,1,6,19.7,0,1,2,6,1,2,severe,1,40
Cricket,Chest/Back,severe,14,79,4,4,21.6,0,0,0,4,2,2,severe,1,87
Kabaddi,Knee,severe,25,50,3,4,17.9,0,0,2,6,2,2,severe,1,118
Kabaddi,Chest/Back,mild,22,87,2,4,17.0,0,1,2,4,0,0,mild,0,2
Football,Ankle/Foot,mild,14,79,1,5,15.8,0,0,1,7,0,0,mild,0,2
Athletics,Thigh/Hamstring,mild,15,57,2,3,11.2,0,1,3,5,0,0,mild,0,3
Football,Ankle/Foot,mild,16,64,8,3,14.6,0,0,1,7,0,1,moderate,0,7
Badminton,Shoulder,moderate,14,87,4,3,19.0,0,0,5,1,1,2,severe,0,19
Football,Knee,moderate,19,90,5,5,22.8,0,0,1,6,1,1,moderate,1,28
Kabaddi,Ankle/Foot,mild,18,60,1,3,14.7,0,0,2,7,0,0,mild,0,4
Badminton,Ankle/Foot,severe,16,61,3,5,12.0,1,0,5,7,2,2,severe,1,40
Wrestling,Shoulder,mild,14,73,1,4,10.8,0,0,4,1,0,0,mild,0,5
Kabaddi,Elbow/Forearm,severe,14,68,8,3,21.0,0,0,2,2,2,2,severe,1,46
Cricket,Shoulder,mild,21,64,8,1,15.0,1,0,0,1,0,1,moderate,1,16
Kabaddi,Chest/Back,moderate,14,65,3,2,14.7,1,0,2,4,1,1,moderate,0,10
Wrestling,Chest/Back,moderate,21,70,10,3,7.8,1,0,4,4,1,1,moderate,1,20
Football,Ankle/Foot,moderate,14,94,1,2,18.6,0,1,1,7,1,1,moderate,0,10
Badminton,Wrist/Hand,mild,21,66,10,5,21.1,1,0,5,3,0,0,mild,0,4
Badminton,Knee,mild,19,57,6,3,16.4,1,0,5,6,0,1,moderate,0,20
Football,Thigh/Hamstring,severe,19,72,6,7,17.5,0,1,1,5,2,2,severe,1,22
Badminton,Shoulder,mild,16,64,4,2,21.1,0,0,5,1,0,0,mild,0,2
Badminton,Knee,severe,14,89,5,5,10.1,0,0,5,6,2,2,severe,1,41
Cricket,Ankle/Foot,moderate,19,62,7,4,21.3,1,0,0,7,1,1,moderate,0,13
Wrestling,Elbow/Forearm,mild,14,51,3,2,14.4,0,1,4,2,0,0,mild,0,5
Wrestling,Knee,mild,16,72,8,6,13.9,1,1,4,6,0,0,mild,1,3
Football,Shoulder,severe,16,78,2,2,14.8,1,0,1,1,2,2,severe,1,73
Football,Ankle/Foot,moderate,23,45,1,3,13.5,0,0,1,7,1,1,moderate,1,7
Cricket,Thigh/Hamstring,mild,16,45,3,3,20.5,0,1,0,5,0,0,mild,0,2
Athletics,Ankle/Foot,mild,30,74,7,4,23.0,0,1,3,7,0,0,mild,0,4
Wrestling,Shoulder,mild,14,84,4,5,13.9,0,1,4,1,0,0,mild,0,3
Athletics,Knee,mild,14,74,4,4,27.7,1,0,3,6,0,0,mild,0,4
Athletics,Thigh/Hamstring,severe,14,79,6,4,21.8,1,0,3,5,2,2,severe,0,25
Football,Chest/Back,mild,20,72,5,5,15.6,1,0,1,4,0,1,moderate,1,16
Athletics,Knee,moderate,25,45,8,5,19.6,0,0,3,6,1,1,moderate,0,12
Wrestling,Knee,mild,26,56,1,4,13.5,0,1,4,6,0,0,mild,0,7
Kabaddi,Knee,mild,32,62,8,3,18.4,0,0,2,6,0,2,severe,0,116
Wrestling,Ankle/Foot,moderate,16,53,4,0,12.2,0,0,4,7,1,1,moderate,0,12
Badminton,Thigh/Hamstring,mild,18,63,7,6,6.5,1,1,5,5,0,0,mild,0,5
Football,Elbow/Forearm,mild,20,68,7,0,12.1,0,0,1,2,0,0,mild,0,4
Cricket,Knee,moderate,20,56,5,5,21.4,0,1,0,6,1,1,moderate,0,15
Badminton,Chest/Back,moderate,21,80,3,4,18.4,0,0,5,4,1,1,moderate,1,18
Football,Elbow/Forearm,severe,14,69,8,1,11.6,0,1,1,2,2,2,severe,1,28
Cricket,Thigh/Hamstring,severe,24,75,9,3,10.9,0,0,0,5,2,2,severe,1,23
Football,Thigh/Hamstring,moderate,18,56,3,4,23.8,0,0,1,5,1,1,moderate,0,8
Athletics,Head/Neck,mild,18,61,6,3,24.9,0,0,3,0,0,0,mild,1,3
Athletics,Knee,mild,17,69,6,2,12.9,1,0,3,6,0,0,mild,0,7
Kabaddi,Knee,severe,17,80,5,5,13.1,1,0,2,6,2,2,severe,1,96
Kabaddi,Chest/Back,moderate,21,67,3,5,23.2,0,0,2,4,1,1,moderate,0,17
Badminton,Knee,moderate,17,61,3,4,22.8,1,0,5,6,1,1,moderate,1,14
Kabaddi,Wrist/Hand,severe,15,48,10,2,9.8,1,0,2,3,2,2,severe,1,25
Badminton,Shoulder,severe,23,81,4,1,8.2,1,0,5,1,2,2,severe,1,76
Kabaddi,Thigh/Hamstring,moderate,14,72,7,2,11.3,0,0,2,5,1,1,moderate,0,13
Badminton,Knee,moderate,18,54,6,6,17.6,0,1,5,6,1,2,severe,1,98
Wrestling,Shoulder,severe,14,88,5,3,18.1,0,0,4,1,2,2,severe,1,78
Badminton,Elbow/Forearm,mild,17,59,5,5,23.8,0,1,5,2,0,1,moderate,0,2
Football,Thigh/Hamstring,moderate,16,67,6,4,5.0,1,0,1,5,1,1,moderate,1,10
Cricket,Elbow/Forearm,moderate,17,66,2,4,18.5,0,1,0,2,1,1,moderate,1,14
Cricket,Ankle/Foot,severe,22,61,7,2,15.4,1,0,0,7,2,2,severe,1,22
Wrestling,Elbow/Forearm,severe,14,60,4,4,24.8,1,1,4,2,2,2,severe,1,53
Kabaddi,Ankle/Foot,mild,29,56,1,4,16.2,1,0,2,7,0,1,moderate,0,10
Football,Chest/Back,mild,21,61,1,4,7.1,0,0,1,4,0,0,mild,0,5
Badminton,Thigh/Hamstring,moderate,20,77,5,4,21.2,1,0,5,5,1,1,moderate,0,6
Athletics,Knee,moderate,15,65,1,5,18.2,0,0,3,6,1,1,moderate,0,25
Wrestling,Knee,mild,14,58,2,3,5.5,1,0,4,6,0,1,moderate,1,26
Football,Knee,mild,30,80,5,4,14.7,0,0,1,6,0,0,mild,0,6
Athletics,Thigh/Hamstring,mild,18,62,1,6,16.6,0,0,3,5,0,0,mild,0,3
Kabaddi,Wrist/Hand,moderate,22,56,6,4,14.0,1,1,2,3,1,1,moderate,1,9
Football,Head/Neck,mild,24,73,1,5,6.5,1,1,1,0,0,0,mild,0,2
Football,Thigh/Hamstring,moderate,20,73,6,5,9.1,1,0,1,5,1,1,moderate,1,13
Football,Knee,severe,20,62,3,2,17.8,1,0,1,6,2,2,severe,1,54
Wrestling,Wrist/Hand,mild,14,64,8,3,23.8,1,0,4,3,0,1,moderate,1,13
Athletics,Shoulder,mild,22,73,4,0,11.5,0,1,3,1,0,0,mild,0,3
Football,Ankle/Foot,severe,23,66,2,3,7.4,0,1,1,7,2,2,severe,1,27
Athletics,Chest/Back,moderate,20,67,6,4,13.3,0,0,3,4,1,1,moderate,1,20
Athletics,Ankle/Foot,mild,21,75,3,7,19.6,0,1,3,7,0,0,mild,0,5
Badminton,Chest/Back,mild,24,80,6,0,16.6,0,0,5,4,0,0,mild,0,2
Athletics,Ankle/Foot,mild,17,55,5,3,18.8,1,0,3,7,0,0,mild,0,4
Football,Chest/Back,moderate,17,98,1,4,13.3,1,0,1,4,1,1,moderate,1,10
Cricket,Chest/Back,severe,18,45,8,6,9.7,0,0,0,4,2,2,severe,1,90
Badminton,Thigh/Hamstring,moderate,14,72,4,5,21.0,0,0,5,5,1,1,moderate,1,14
Kabaddi,Knee,mild,16,61,3,3,20.0,1,1,2,6,0,0,mild,0,6
Athletics,Knee,moderate,15,47,5,2,18.0,1,0,3,6,1,1,moderate,1,16
Cricket,Thigh/Hamstring,mild,16,66,8,3,16.9,0,0,0,5,0,0,mild,0,2
Cricket,Knee,severe,29,73,1,7,8.7,0,0,0,6,2,2,severe,1,120
Wrestling,Knee,severe,20,79,2,3,13.3,0,1,4,6,2,2,severe,1,103
Badminton,Thigh/Hamstring,moderate,21,61,6,4,13.3,0,0,5,5,1,1,moderate,0,5
Badminton,Elbow/Forearm,mild,16,78,5,5,16.6,0,0,5,2,0,0,mild,0,3
Wrestling,Knee,severe,27,65,2,4,12.3,1,0,4,6,2,2,severe,1,31
Badminton,Knee,moderate,14,75,1,2,21.5,0,1,5,6,1,1,moderate,1,22
Athletics,Chest/Back,moderate,16,84,3,5,11.5,0,0,3,4,1,1,moderate,1,18
Kabaddi,Knee,moderate,23,64,6,1,17.9,1,0,2,6,1,1,moderate,1,10
Cricket,Chest/Back,severe,18,69,10,5,12.0,1,0,0,4,2,2,severe,1,42
Badminton,Ankle/Foot,mild,18,77,5,5,7.2,1,0,5,7,0,0,mild,0,3
Athletics,Knee,mild,18,53,1,2,19.5,0,0,3,6,0,0,mild,0,3
Football,Knee,moderate,23,86,7,4,8.5,0,0,1,6,1,2,severe,1,28
Badminton,Elbow/Forearm,moderate,26,64,3,4,8.4,1,0,5,2,1,1,moderate,0,12
Athletics,Knee,severe,20,83,1,2,18.1,1,0,3,6,2,2,severe,1,115
Kabaddi,Head/Neck,severe,20,67,5,4,14.2,1,0,2,0,2,2,severe,1,55
Badminton,Shoulder,moderate,14,59,3,5,18.0,1,1,5,1,1,1,moderate,0,11
Athletics,Knee,moderate,16,65,7,2,15.6,0,0,3,6,1,1,moderate,1,19
Kabaddi,Knee,mild,14,45,4,0,14.2,0,0,2,6,0,0,mild,0,3
Kabaddi,Shoulder,mild,14,78,5,4,14.4,0,1,2,1,0,0,mild,0,4
Football,Thigh/Hamstring,mild,20,69,8,3,13.0,1,0,1,5,0,1,moderate,0,11
Athletics,Elbow/Forearm,moderate,30,59,6,1,14.2,0,1,3,2,1,1,moderate,0,5
Kabaddi,Thigh/Hamstring,moderate,15,89,4,4,17.6,1,1,2,5,1,1,moderate,0,5
Athletics,Shoulder,severe,18,64,6,3,15.3,0,1,3,1,2,2,severe,1,86
Wrestling,Elbow/Forearm,mild,22,66,3,2,12.0,1,1,4,2,0,1,moderate,0,9
Kabaddi,Ankle/Foot,mild,18,69,5,4,16.4,1,0,2,7,0,0,mild,0,4
Athletics,Thigh/Hamstring,moderate,18,60,7,2,14.5,1,1,3,5,1,1,moderate,1,8
Kabaddi,Thigh/Hamstring,mild,16,69,2,3,15.7,0,0,2,5,0,0,mild,0,4
Athletics,Ankle/Foot,mild,24,49,7,4,13.5,0,1,3,7,0,0,mild,0,1
Cricket,Elbow/Forearm,moderate,17,92,4,4,17.9,0,1,0,2,1,2,severe,1,14
Badminton,Thigh/Hamstring,mild,15,61,1,0,8.2,0,0,5,5,0,0,mild,0,2
Athletics,Thigh/Hamstring,severe,18,51,7,7,18.5,1,0,3,5,2,2,severe,1,18
Wrestling,Shoulder,moderate,24,73,1,4,19.9,1,1,4,1,1,1,moderate,1,11
Wrestling,Wrist/Hand,mild,26,93,1,4,17.3,0,1,4,3,0,0,mild,0,4
Wrestling,Shoulder,moderate,21,82,4,3,19.4,0,0,4,1,1,1,moderate,0,14
Athletics,Thigh/Hamstring,moderate,14,46,6,5,20.5,1,0,3,5,1,1,moderate,1,7
Kabaddi,Thigh/Hamstring,moderate,22,54,3,3,19.8,0,1,2,5,1,1,moderate,1,6
Badminton,Knee,mild,19,57,6,3,11.4,1,0,5,6,0,0,mild,0,4
Wrestling,Shoulder,mild,20,84,4,2,16.0,0,0,4,1,0,0,mild,0,5
Wrestling,Elbow/Forearm,moderate,28,60,4,3,18.1,0,0,4,2,1,1,moderate,0,12
Kabaddi,Head/Neck,severe,17,65,3,3,11.2,0,1,2,0,2,2,severe,1,49
Kabaddi,Shoulder,moderate,18,77,3,4,9.1,0,1,2,1,1,1,moderate,0,16
Football,Chest/Back,mild,28,73,10,5,20.6,0,0,1,4,0,1,moderate,1,13
Cricket,Head/Neck,moderate,14,61,7,4,19.4,0,0,0,0,1,2,severe,1,19
Wrestling,Elbow/Forearm,moderate,18,78,5,5,16.8,1,0,4,2,1,1,moderate,1,12
Football,Ankle/Foot,mild,23,90,5,3,9.7,1,0,1,7,0,0,mild,0,2
Badminton,Thigh/Hamstring,mild,15,69,3,3,15.9,0,1,5,5,0,0,mild,0,4
Kabaddi,Thigh/Hamstring,severe,19,45,4,3,12.4,0,0,2,5,2,2,severe,1,22
Athletics,Knee,mild,18,49,5,3,15.8,0,1,3,6,0,0,mild,0,4
Badminton,Thigh/Hamstring,severe,21,81,2,2,14.7,0,0,5,5,2,2,severe,1,19
Cricket,Shoulder,moderate,16,67,1,4,14.0,0,0,0,1,1,1,moderate,1,9
Badminton,Shoulder,mild,18,66,5,1,10.3,0,1,5,1,0,0,mild,0,3
Wrestling,Wrist/Hand,mild,24,72,7,4,14.6,0,0,4,3,0,0,mild,0,4
Badminton,Elbow/Forearm,mild,14,72,2,3,24.3,0,1,5,2,0,0,mild,0,3
Wrestling,Chest/Back,moderate,23,69,4,4,19.6,0,1,4,4,1,1,moderate,1,19
Athletics,Ankle/Foot,mild,19,68,5,6,19.7,0,1,3,7,0,0,mild,0,3
Kabaddi,Shoulder,mild,23,52,3,3,18.6,0,1,2,1,0,0,mild,0,5
Badminton,Elbow/Forearm,mild,27,79,3,3,24.6,0,0,5,2,0,0,mild,0,2
Athletics,Thigh/Hamstring,severe,14,66,1,4,15.5,0,0,3,5,2,2,severe,1,34
Wrestling,Knee,mild,23,72,4,4,20.1,0,0,4,6,0,0,mild,0,7
Badminton,Shoulder,mild,17,73,5,5,20.3,1,1,5,1,0,0,mild,0,2
Cricket,Chest/Back,moderate,27,45,5,3,14.4,1,0,0,4,1,1,moderate,1,20
Kabaddi,Thigh/Hamstring,moderate,18,72,2,1,12.4,0,0,2,5,1,1,moderate,0,13
Athletics,Thigh/Hamstring,severe,29,81,1,6,14.6,0,1,3,5,2,2,severe,1,42
Athletics,Chest/Back,mild,33,57,3,4,13.8,0,0,3,4,0,0,mild,0,4
Athletics,Knee,moderate,20,70,8,3,12.5,1,1,3,6,1,2,severe,1,73
Kabaddi,Knee,moderate,21,64,5,5,18.2,1,1,2,6,1,1,moderate,1,16
Cricket,Shoulder,mild,22,45,7,3,14.2,0,0,0,1,0,0,mild,0,2
Athletics,Knee,mild,23,73,6,4,20.1,0,0,3,6,0,1,moderate,0,7
Wrestling,Chest/Back,moderate,17,65,3,4,16.0,0,1,4,4,1,1,moderate,0,9
Wrestling,Head/Neck,mild,16,102,6,2,25.7,1,0,4,0,0,0,mild,1,3
Athletics,Thigh/Hamstring,mild,15,73,7,5,16.9,0,0,3,5,0,0,mild,0,2
Kabaddi,Head/Neck,mild,16,83,7,3,8.9,0,1,2,0,0,0,mild,0,1
Badminton,Shoulder,mild,24,61,5,3,30.8,0,1,5,1,0,0,mild,1,4
Cricket,Elbow/Forearm,mild,15,67,4,3,18.7,1,0,0,2,0,0,mild,0,5
Wrestling,Chest/Back,moderate,21,69,6,4,8.7,0,0,4,4,1,1,moderate,0,18
Kabaddi,Wrist/Hand,mild,22,51,2,3,5.1,0,1,2,3,0,0,mild,0,1
Athletics,Chest/Back,moderate,19,60,5,5,21.6,0,1,3,4,1,1,moderate,1,14
Badminton,Chest/Back,mild,16,55,7,5,6.5,1,0,5,4,0,0,mild,0,3
Cricket,Knee,mild,26,49,2,5,7.6,1,1,0,6,0,0,mild,0,6
Football,Head/Neck,mild,25,65,7,2,9.2,1,0,1,0,0,0,mild,1,2
Badminton,Knee,mild,15,73,8,5,16.8,1,0,5,6,0,1,moderate,1,15
Cricket,Shoulder,mild,17,65,9,3,7.3,0,0,0,1,0,1,moderate,1,15
Football,Thigh/Hamstring,moderate,22,69,5,4,18.2,0,0,1,5,1,1,moderate,0,7
Football,Head/Neck,moderate,24,61,4,3,11.4,0,0,1,0,1,2,severe,1,49
Athletics,Thigh/Hamstring,mild,14,54,1,3,16.0,0,1,3,5,0,0,mild,0,4
Kabaddi,Thigh/Hamstring,severe,27,84,7,4,23.4,0,1,2,5,2,2,severe,1,31
Kabaddi,Chest/Back,moderate,21,55,4,0,14.3,0,0,2,4,1,1,moderate,1,20
Kabaddi,Chest/Back,mild,19,66,3,5,15.5,1,0,2,4,0,0,mild,0,3
Kabaddi,Chest/Back,mild,18,74,3,4,20.9,0,1,2,4,0,0,mild,0,4
Wrestling,Ankle/Foot,mild,14,65,6,6,16.9,0,1,4,7,0,0,mild,0,5
Wrestling,Knee,moderate,27,56,6,5,16.8,1,1,4,6,1,1,moderate,1,22
Kabaddi,Elbow/Forearm,moderate,22,76,2,4,16.6,0,0,2,2,1,1,moderate,0,8
Football,Knee,moderate,19,62,1,3,16.0,1,0,1,6,1,1,moderate,0,19
Athletics,Thigh/Hamstring,mild,24,59,6,2,17.7,1,1,3,5,0,1,moderate,0,5
Football,Thigh/Hamstring,severe,15,45,4,3,11.4,0,0,1,5,2,2,severe,1,37
Cricket,Elbow/Forearm,mild,14,63,1,4,15.3,0,0,0,2,0,0,mild,0,3
Badminton,Knee,moderate,26,63,4,3,17.2,0,0,5,6,1,1,moderate,0,20
Cricket,Shoulder,moderate,15,72,7,4,26.3,0,0,0,1,1,1,moderate,1,7
Football,Knee,moderate,20,76,6,1,17.5,0,0,1,6,1,1,moderate,1,12
Football,Ankle/Foot,mild,19,45,8,2,22.5,0,1,1,7,0,0,mild,0,5
Football,Ankle/Foot,severe,16,45,5,5,23.3,1,0,1,7,2,2,severe,1,15
Athletics,Knee,mild,21,83,4,6,8.0,1,1,3,6,0,1,moderate,1,16
Wrestling,Head/Neck,severe,19,91,5,4,17.6,0,1,4,0,2,2,severe,1,47
Wrestling,Wrist/Hand,moderate,17,63,5,3,12.0,0,1,4,3,1,1,moderate,1,13
Cricket,Ankle/Foot,mild,17,58,7,4,11.0,0,0,0,7,0,0,mild,0,3
Football,Ankle/Foot,mild,16,58,2,5,6.1,0,0,1,7,0,0,mild,0,1
Cricket,Shoulder,moderate,20,89,2,1,13.3,0,0,0,1,1,1,moderate,0,14
Badminton,Wrist/Hand,mild,16,51,6,2,15.5,0,1,5,3,0,0,mild,0,4
Wrestling,Wrist/Hand,severe,25,69,3,1,9.7,0,0,4,3,2,2,severe,1,14
Badminton,Thigh/Hamstring,moderate,19,54,5,4,15.7,0,0,5,5,1,1,moderate,1,6
Athletics,Thigh/Hamstring,mild,17,84,1,5,21.2,0,1,3,5,0,0,mild,0,4
Football,Chest/Back,mild,21,67,7,3,11.0,0,1,1,4,0,0,mild,1,2
Wrestling,Shoulder,mild,24,79,1,6,7.6,0,1,4,1,0,0,mild,0,4
Cricket,Elbow/Forearm,severe,23,87,5,4,26.4,1,1,0,2,2,2,severe,1,30
Cricket,Shoulder,severe,21,65,10,4,18.9,0,0,0,1,2,2,severe,0,64
Athletics,Knee,mild,23,54,7,6,20.0,0,0,3,6,0,0,mild,1,4
Wrestling,Head/Neck,mild,19,63,3,2,18.9,1,1,4,0,0,0,mild,0,3
Athletics,Ankle/Foot,mild,24,69,4,4,23.6,1,0,3,7,0,1,moderate,0,5
Athletics,Ankle/Foot,severe,24,77,6,3,21.3,1,1,3,7,2,2,severe,1,25
Kabaddi,Chest/Back,severe,21,56,7,4,11.3,0,0,2,4,2,2,severe,1,34
Football,Chest/Back,severe,30,70,5,2,12.4,0,1,1,4,2,2,severe,1,35
Kabaddi,Thigh/Hamstring,severe,25,59,6,5,21.5,0,0,2,5,2,2,severe,1,25
Wrestling,Elbow/Forearm,moderate,23,56,3,3,17.5,1,1,4,2,1,1,moderate,0,11
Kabaddi,Thigh/Hamstring,moderate,30,57,3,5,10.0,0,1,2,5,1,2,severe,0,8
Badminton,Ankle/Foot,mild,23,70,3,6,13.3,0,1,5,7,0,0,mild,0,3
Kabaddi,Head/Neck,moderate,21,78,6,2,7.1,0,1,2,0,1,2,severe,1,40
Kabaddi,Thigh/Hamstring,mild,22,76,4,1,15.2,1,0,2,5,0,0,mild,0,3
Wrestling,Thigh/Hamstring,severe,16,93,6,4,14.8,1,0,4,5,2,2,severe,0,27
Football,Ankle/Foot,mild,18,54,6,3,21.0,1,0,1,7,0,0,mild,0,1
Badminton,Chest/Back,mild,15,74,9,3,12.5,0,0,5,4,0,0,mild,1,2
Kabaddi,Chest/Back,mild,19,55,5,2,15.8,0,0,2,4,0,0,mild,0,5
Kabaddi,Ankle/Foot,severe,22,60,5,4,18.7,0,0,2,7,2,2,severe,0,42
Kabaddi,Shoulder,mild,22,73,2,7,14.9,1,1,2,1,0,0,mild,0,2
Kabaddi,Knee,mild,14,53,6,3,23.6,0,0,2,6,0,0,mild,0,5
Athletics,Ankle/Foot,severe,28,67,3,4,12.5,0,1,3,7,2,2,severe,1,40
Badminton,Ankle/Foot,moderate,18,77,5,5,19.4,1,1,5,7,1,1,moderate,1,7
Wrestling,Chest/Back,severe,16,57,9,6,10.3,0,1,4,4,2,2,severe,1,69
Athletics,Wrist/Hand,moderate,18,72,1,2,13.3,0,0,3,3,1,1,moderate,1,8
Athletics,Thigh/Hamstring,moderate,20,74,4,2,26.1,0,0,3,5,1,1,moderate,0,13
Badminton,Wrist/Hand,severe,28,84,1,2,15.9,0,0,5,3,2,2,severe,1,20
Cricket,Elbow/Forearm,moderate,14,55,9,2,15.7,0,1,0,2,1,2,severe,1,57
Badminton,Knee,moderate,17,73,6,2,14.4,0,1,5,6,1,1,moderate,0,27
Football,Knee,severe,17,73,7,3,18.5,1,1,1,6,2,2,severe,1,75
Cricket,Shoulder,moderate,24,54,7,4,17.7,0,0,0,1,1,1,moderate,1,15
Cricket,Elbow/Forearm,severe,14,83,2,3,14.9,1,0,0,2,2,2,severe,1,37
Kabaddi,Wrist/Hand,mild,17,62,3,2,6.2,0,1,2,3,0,0,mild,0,3
Wrestling,Head/Neck,mild,23,64,3,3,13.9,0,0,4,0,0,0,mild,0,3
Badminton,Thigh/Hamstring,mild,18,62,2,4,14.4,0,0,5,5,0,0,mild,0,4
Badminton,Knee,severe,21,59,5,4,18.1,1,1,5,6,2,2,severe,1,100
Badminton,Chest/Back,moderate,19,58,3,2,9.3,0,0,5,4,1,1,moderate,0,21
Badminton,Ankle/Foot,severe,19,65,3,1,14.8,1,1,5,7,2,1,moderate,1,33
Cricket,Shoulder,moderate,28,80,3,4,21.3,1,0,0,1,1,1,moderate,0,21
Football,Head/Neck,mild,19,72,2,5,12.3,0,0,1,0,0,0,mild,0,1
Athletics,Thigh/Hamstring,moderate,34,54,5,4,18.6,1,0,3,5,1,1,moderate,1,13
Badminton,Shoulder,mild,28,60,2,4,14.4,1,0,5,1,0,1,moderate,1,7
Badminton,Thigh/Hamstring,severe,21,68,4,3,17.0,0,0,5,5,2,2,severe,1,33
Kabaddi,Ankle/Foot,mild,18,77,4,6,18.1,1,0,2,7,0,0,mild,0,2
Kabaddi,Shoulder,severe,22,66,4,3,18.6,0,0,2,1,2,2,severe,1,53
Cricket,Ankle/Foot,moderate,21,75,8,5,18.2,0,0,0,7,1,1,moderate,0,13
Cricket,Chest/Back,mild,25,76,6,5,19.1,1,1,0,4,0,0,mild,0,4
Cricket,Shoulder,moderate,17,66,8,5,16.7,0,1,0,1,1,1,moderate,1,10
Cricket,Head/Neck,moderate,20,45,1,4,18.9,0,0,0,0,1,2,severe,1,14
Football,Thigh/Hamstring,moderate,15,74,5,5,14.7,0,1,1,5,1,1,moderate,1,8
Badminton,Chest/Back,mild,15,49,3,3,12.3,0,0,5,4,0,0,mild,0,2
Badminton,Elbow/Forearm,severe,26,72,8,5,16.0,1,0,5,2,2,2,severe,0,45
Football,Head/Neck,moderate,14,90,4,4,11.0,0,0,1,0,1,2,severe,1,46
Kabaddi,Knee,moderate,14,76,10,5,12.6,0,0,2,6,1,2,severe,1,43
Football,Ankle/Foot,moderate,14,55,8,4,16.5,0,1,1,7,1,2,severe,1,21
Athletics,Thigh/Hamstring,mild,23,79,10,1,21.1,0,1,3,5,0,0,mild,0,4
Football,Knee,mild,20,89,5,6,14.4,0,1,1,6,0,0,mild,0,3
Badminton,Shoulder,mild,21,56,4,1,15.2,0,0,5,1,0,0,mild,0,5
Kabaddi,Chest/Back,mild,17,45,4,5,17.8,0,0,2,4,0,0,mild,0,4
Badminton,Shoulder,severe,18,73,8,7,10.7,1,1,5,1,2,2,severe,1,81
Badminton,Thigh/Hamstring,mild,14,89,10,1,19.6,1,0,5,5,0,0,mild,0,5
Wrestling,Elbow/Forearm,moderate,24,49,5,5,13.0,1,1,4,2,1,1,moderate,0,8
Football,Chest/Back,mild,14,62,6,3,11.7,1,0,1,4,0,1,moderate,1,20
Badminton,Thigh/Hamstring,moderate,23,65,7,4,28.3,1,1,5,5,1,1,moderate,1,7
Football,Ankle/Foot,severe,21,72,1,6,16.7,1,0,1,7,2,2,severe,1,16
Wrestling,Chest/Back,moderate,23,45,6,6,17.3,1,1,4,4,1,2,severe,1,48
Cricket,Knee,mild,15,68,5,5,16.3,1,0,0,6,0,0,mild,0,5
Football,Ankle/Foot,mild,14,53,5,5,17.9,0,0,1,7,0,0,mild,0,5
Cricket,Knee,moderate,17,63,4,3,24.1,0,0,0,6,1,1,moderate,0,24
Athletics,Thigh/Hamstring,moderate,21,72,2,4,21.6,1,1,3,5,1,2,severe,0,5
Wrestling,Knee,moderate,14,73,4,4,18.4,0,1,4,6,1,1,moderate,0,28
Cricket,Elbow/Forearm,mild,29,77,5,2,11.1,1,0,0,2,0,0,mild,1,4
Kabaddi,Elbow/Forearm,mild,18,57,2,4,21.4,0,0,2,2,0,0,mild,0,4
Athletics,Ankle/Foot,mild,19,57,6,3,7.2,0,0,3,7,0,0,mild,0,3
Cricket,Shoulder,mild,21,78,2,4,18.3,0,1,0,1,0,0,mild,1,4
Football,Ankle/Foot,mild,15,75,4,2,11.9,1,1,1,7,0,0,mild,0,1
Cricket,Knee,moderate,16,67,5,5,7.8,1,1,0,6,1,1,moderate,0,23
Wrestling,Wrist/Hand,mild,20,88,10,4,17.8,0,0,4,3,0,1,moderate,0,6
Athletics,Ankle/Foot,mild,27,73,4,3,11.8,1,1,3,7,0,0,mild,0,5
Badminton,Ankle/Foot,mild,19,60,6,4,21.5,0,0,5,7,0,0,mild,0,3
Badminton,Ankle/Foot,mild,25,75,7,4,21.4,1,1,5,7,0,0,mild,1,1
Football,Head/Neck,severe,22,60,9,4,12.4,0,1,1,0,2,2,severe,1,34
Wrestling,Shoulder,mild,18,69,2,5,11.9,0,1,4,1,0,0,mild,0,4
Kabaddi,Wrist/Hand,mild,18,66,5,4,16.8,1,1,2,3,0,0,mild,0,2
Cricket,Shoulder,mild,19,68,7,2,9.2,0,1,0,1,0,0,mild,0,4
Kabaddi,Elbow/Forearm,severe,23,74,10,2,16.2,0,1,2,2,2,1,moderate,1,35
Wrestling,Head/Neck,mild,20,62,1,6,11.5,0,0,4,0,0,0,mild,0,1
Kabaddi,Head/Neck,mild,20,81,7,3,25.3,1,1,2,0,0,0,mild,0,3
Cricket,Elbow/Forearm,moderate,23,77,4,2,14.5,1,0,0,2,1,1,moderate,0,9
Kabaddi,Shoulder,mild,17,50,4,6,17.1,0,0,2,1,0,0,mild,0,2
Cricket,Thigh/Hamstring,mild,21,52,5,4,21.2,0,1,0,5,0,0,mild,0,5
Kabaddi,Ankle/Foot,mild,23,45,2,6,13.6,0,0,2,7,0,0,mild,0,5
Football,Ankle/Foot,moderate,22,68,5,2,22.9,0,1,1,7,1,1,moderate,0,12
Football,Head/Neck,severe,17,87,9,4,19.3,0,1,1,0,2,2,severe,1,58
Kabaddi,Knee,mild,24,55,7,6,10.7,0,1,2,6,0,0,mild,0,5
Cricket,Knee,moderate,14,68,7,3,9.0,0,0,0,6,1,1,moderate,1,25
Badminton,Ankle/Foot,moderate,16,66,3,4,18.6,1,0,5,7,1,1,moderate,0,6
Athletics,Shoulder,moderate,19,69,2,4,13.5,0,0,3,1,1,1,moderate,1,18
Cricket,Elbow/Forearm,mild,35,70,5,5,22.7,0,1,0,2,0,0,mild,0,2
Football,Ankle/Foot,mild,26,84,1,3,12.7,0,1,1,7,0,0,mild,0,3
Kabaddi,Head/Neck,moderate,19,69,6,3,20.7,1,1,2,0,1,2,severe,1,41
Athletics,Knee,moderate,20,55,1,4,11.2,0,1,3,6,1,1,moderate,1,13
Kabaddi,Shoulder,moderate,16,65,3,5,17.2,0,1,2,1,1,0,mild,0,16
Football,Wrist/Hand,mild,20,57,4,5,9.5,0,1,1,3,0,0,mild,0,4
Football,Ankle/Foot,mild,23,73,8,0,19.3,1,0,1,7,0,1,moderate,0,5
Cricket,Ankle/Foot,moderate,16,72,2,4,11.7,0,0,0,7,1,1,moderate,0,14
Cricket,Thigh/Hamstring,mild,27,86,8,4,12.0,0,0,0,5,0,1,moderate,0,6
Football,Knee,mild,21,78,3,5,23.8,1,0,1,6,0,1,moderate,0,11
Cricket,Elbow/Forearm,moderate,18,80,5,2,13.9,0,1,0,2,1,1,moderate,1,7
Athletics,Thigh/Hamstring,mild,20,82,8,4,14.9,0,0,3,5,0,1,moderate,0,14
Badminton,Thigh/Hamstring,mild,22,66,7,3,13.2,1,0,5,5,0,0,mild,0,3
Athletics,Thigh/Hamstring,mild,15,73,4,3,15.0,0,0,3,5,0,0,mild,0,4
Wrestling,Chest/Back,moderate,24,56,5,4,20.0,0,0,4,4,1,1,moderate,0,12
Cricket,Elbow/Forearm,moderate,27,56,4,5,21.4,0,1,0,2,1,1,moderate,1,7
Badminton,Thigh/Hamstring,severe,16,54,8,3,15.1,1,0,5,5,2,2,severe,1,32
Cricket,Shoulder,mild,23,56,8,4,17.1,0,1,0,1,0,0,mild,0,2
Wrestling,Knee,moderate,24,56,4,4,22.0,1,1,4,6,1,1,moderate,1,18
Athletics,Knee,moderate,16,92,5,3,15.4,1,1,3,6,1,1,moderate,0,15
Athletics,Chest/Back,mild,18,73,5,1,22.2,0,0,3,4,0,0,mild,0,2
Kabaddi,Thigh/Hamstring,mild,15,76,2,4,14.4,0,1,2,5,0,0,mild,0,2
Athletics,Ankle/Foot,moderate,14,67,7,6,18.2,0,1,3,7,1,1,moderate,1,5
Badminton,Ankle/Foot,moderate,17,80,3,5,9.2,1,0,5,7,1,1,moderate,1,13
Kabaddi,Knee,mild,22,72,3,3,22.8,1,1,2,6,0,0,mild,0,5
Athletics,Knee,mild,23,67,2,7,17.1,0,1,3,6,0,0,mild,1,4
Badminton,Knee,mild,18,54,5,3,18.1,0,0,5,6,0,1,moderate,0,4
Football,Thigh/Hamstring,moderate,19,80,3,4,15.3,1,0,1,5,1,1,moderate,0,9
Athletics,Ankle/Foot,moderate,22,69,4,4,10.0,0,1,3,7,1,1,moderate,0,5
Cricket,Shoulder,moderate,20,72,2,2,10.3,0,1,0,1,1,1,moderate,1,15
Kabaddi,Knee,moderate,22,71,2,4,18.2,1,1,2,6,1,1,moderate,1,20
Kabaddi,Ankle/Foot,mild,16,60,5,3,13.6,0,0,2,7,0,0,mild,0,4
Kabaddi,Thigh/Hamstring,mild,26,56,4,2,9.5,0,0,2,5,0,0,mild,0,2
Kabaddi,Knee,mild,23,45,1,1,14.3,0,0,2,6,0,0,mild,0,3
Athletics,Ankle/Foot,moderate,22,63,1,4,24.8,0,1,3,7,1,0,mild,0,6
Kabaddi,Thigh/Hamstring,moderate,30,64,3,5,13.7,1,1,2,5,1,1,moderate,0,10
Athletics,Thigh/Hamstring,mild,14,83,5,5,19.5,0,0,3,5,0,0,mild,0,4
Cricket,Shoulder,mild,14,65,3,5,11.6,1,1,0,1,0,0,mild,0,5
Athletics,Ankle/Foot,mild,17,70,5,3,16.3,1,0,3,7,0,0,mild,0,5
Athletics,Knee,mild,20,61,5,3,17.0,0,1,3,6,0,0,mild,0,3
Badminton,Thigh/Hamstring,moderate,14,51,7,6,15.8,1,0,5,5,1,1,moderate,0,14
Cricket,Shoulder,mild,21,77,2,6,19.6,0,0,0,1,0,0,mild,0,4
Football,Thigh/Hamstring,moderate,29,69,3,5,13.0,0,0,1,5,1,1,moderate,0,14
Cricket,Elbow/Forearm,severe,20,71,4,2,17.0,1,1,0,2,2,2,severe,1,59
Cricket,Elbow/Forearm,moderate,17,62,2,2,13.0,1,0,0,2,1,1,moderate,1,14
Kabaddi,Shoulder,mild,27,70,7,6,10.1,1,0,2,1,0,1,moderate,1,12
Badminton,Ankle/Foot,moderate,19,74,5,2,8.4,1,0,5,7,1,1,moderate,0,12
Cricket,Wrist/Hand,mild,17,63,2,3,14.4,0,0,0,3,0,0,mild,0,4
Cricket,Wrist/Hand,moderate,16,71,2,5,19.6,0,0,0,3,1,1,moderate,0,5
Kabaddi,Chest/Back,moderate,19,68,8,4,21.1,0,1,2,4,1,1,moderate,0,21
Football,Head/Neck,mild,14,51,5,4,12.7,1,1,1,0,0,0,mild,0,1
Wrestling,Elbow/Forearm,moderate,17,60,4,3,15.7,0,1,4,2,1,2,severe,0,11
Kabaddi,Thigh/Hamstring,moderate,21,61,4,3,6.6,1,1,2,5,1,1,moderate,1,14
Kabaddi,Shoulder,mild,25,72,3,7,10.3,1,1,2,1,0,0,mild,0,3
Athletics,Head/Neck,moderate,21,64,7,4,20.7,0,0,3,0,1,2,severe,1,39
Kabaddi,Knee,mild,16,52,2,6,12.8,1,0,2,6,0,0,mild,0,5
Athletics,Knee,mild,23,67,5,5,17.6,1,0,3,6,0,0,mild,0,3
Athletics,Knee,severe,32,78,5,4,30.2,0,0,3,6,2,2,severe,1,63
Kabaddi,Knee,mild,14,86,10,2,20.4,1,1,2,6,0,0,mild,1,6
Badminton,Ankle/Foot,mild,16,64,5,5,12.5,0,1,5,7,0,0,mild,0,5
Kabaddi,Thigh/Hamstring,moderate,23,65,9,2,10.7,0,1,2,5,1,2,severe,1,32
Athletics,Knee,moderate,20,64,2,5,11.7,0,1,3,6,1,1,moderate,0,27
Kabaddi,Chest/Back,moderate,14,80,5,3,21.1,0,0,2,4,1,1,moderate,0,20
Wrestling,Shoulder,mild,14,62,4,1,13.7,0,0,4,1,0,0,mild,0,2
Kabaddi,Head/Neck,mild,15,66,1,4,22.0,0,0,2,0,0,1,moderate,0,1
Football,Thigh/Hamstring,mild,20,81,5,3,9.2,1,1,1,5,0,0,mild,0,4
Athletics,Thigh/Hamstring,mild,22,65,3,3,14.9,0,1,3,5,0,0,mild,0,5
Wrestling,Ankle/Foot,moderate,14,45,2,4,7.9,1,0,4,7,1,1,moderate,1,11
Wrestling,Ankle/Foot,mild,14,84,6,6,26.7,0,1,4,7,0,0,mild,0,3
Badminton,Chest/Back,mild,24,61,7,1,12.3,1,0,5,4,0,1,moderate,1,11
Kabaddi,Thigh/Hamstring,moderate,30,65,7,3,7.6,0,1,2,5,1,1,moderate,0,7
Athletics,Thigh/Hamstring,moderate,21,45,9,4,17.8,0,1,3,5,1,1,moderate,0,8
Football,Thigh/Hamstring,moderate,14,80,6,7,17.3,1,1,1,5,1,2,severe,0,13
Cricket,Head/Neck,mild,14,76,4,5,17.8,0,1,0,0,0,0,mild,0,2
Badminton,Shoulder,mild,14,88,4,3,19.2,1,0,5,1,0,0,mild,0,2
Wrestling,Shoulder,moderate,25,57,6,3,9.4,0,0,4,1,1,1,moderate,0,13
Cricket,Shoulder,mild,25,75,3,6,10.3,0,0,0,1,0,0,mild,1,2
Cricket,Ankle/Foot,mild,18,90,4,3,9.0,1,1,0,7,0,0,mild,0,5
Football,Head/Neck,severe,15,73,10,2,10.8,1,0,1,0,2,2,severe,1,39
Athletics,Knee,mild,18,77,8,0,12.1,1,1,3,6,0,1,moderate,1,26
Football,Ankle/Foot,moderate,31,57,4,3,18.4,1,0,1,7,1,2,severe,1,33
Kabaddi,Thigh/Hamstring,moderate,18,66,1,3,20.5,0,1,2,5,1,1,moderate,0,7
Badminton,Thigh/Hamstring,severe,30,74,6,4,12.5,1,0,5,5,2,2,severe,1,18
Badminton,Ankle/Foot,moderate,17,83,1,3,18.3,0,0,5,7,1,1,moderate,0,6
Athletics,Thigh/Hamstring,mild,17,63,2,2,17.2,0,0,3,5,0,0,mild,0,2
Athletics,Ankle/Foot,severe,17,57,2,3,19.7,1,0,3,7,2,2,severe,0,27
Football,Chest/Back,mild,20,73,8,4,13.7,0,0,1,4,0,1,moderate,1,19
Kabaddi,Knee,severe,22,76,4,5,10.0,0,0,2,6,2,2,severe,1,76
Badminton,Knee,severe,20,85,6,4,11.9,0,1,5,6,2,2,severe,1,41
Athletics,Knee,mild,18,59,2,3,13.7,1,0,3,6,0,1,moderate,0,15
Athletics,Ankle/Foot,moderate,18,100,5,4,13.8,0,0,3,7,1,1,moderate,0,5
Wrestling,Knee,moderate,15,74,5,2,20.8,0,0,4,6,1,1,moderate,1,13
Wrestling,Ankle/Foot,moderate,18,71,7,6,20.2,1,1,4,7,1,2,severe,1,21
Badminton,Shoulder,mild,15,58,5,4,16.3,0,1,5,1,0,0,mild,0,3
Wrestling,Knee,moderate,18,60,4,4,17.4,0,0,4,6,1,1,moderate,1,28
Athletics,Knee,severe,18,81,6,0,19.4,1,1,3,6,2,2,severe,1,105
Cricket,Head/Neck,severe,20,54,2,3,23.8,0,0,0,0,2,2,severe,1,26
Badminton,Ankle/Foot,moderate,15,67,6,2,19.9,0,0,5,7,1,1,moderate,0,10
Football,Elbow/Forearm,mild,20,61,6,0,17.8,0,0,1,2,0,0,mild,0,4
Kabaddi,Thigh/Hamstring,mild,24,45,10,4,8.8,0,1,2,5,0,0,mild,0,2
Athletics,Elbow/Forearm,severe,14,76,3,4,27.5,0,1,3,2,2,2,severe,0,48
Kabaddi,Knee,mild,14,82,10,2,14.0,1,0,2,6,0,1,moderate,0,24
Cricket,Shoulder,moderate,26,59,3,5,18.0,0,1,0,1,1,1,moderate,1,14
Football,Head/Neck,mild,19,67,5,4,20.5,0,0,1,0,0,0,mild,0,1
Football,Shoulder,severe,17,66,9,2,14.6,0,0,1,1,2,2,severe,1,42
Wrestling,Wrist/Hand,severe,22,60,3,6,18.4,0,0,4,3,2,2,severe,1,25
Kabaddi,Elbow/Forearm,severe,20,85,3,2,15.1,0,0,2,2,2,2,severe,1,36
Football,Ankle/Foot,severe,28,65,4,6,21.9,1,1,1,7,2,2,severe,1,38
Cricket,Head/Neck,moderate,17,59,2,6,16.0,0,0,0,0,1,2,severe,1,52
Athletics,Shoulder,severe,14,87,7,4,18.2,1,0,3,1,2,2,severe,1,32
Athletics,Thigh/Hamstring,mild,14,63,3,4,19.8,0,1,3,5,0,0,mild,0,4
Kabaddi,Elbow/Forearm,moderate,19,45,1,6,19.2,1,0,2,2,1,2,severe,1,25
Badminton,Thigh/Hamstring,moderate,16,89,6,4,21.7,1,0,5,5,1,1,moderate,0,7
Wrestling,Head/Neck,mild,14,71,3,6,13.1,0,1,4,0,0,0,mild,0,1
Badminton,Knee,severe,24,74,2,4,23.8,1,0,5,6,2,2,severe,1,55
Badminton,Wrist/Hand,mild,18,50,1,7,20.1,0,0,5,3,0,0,mild,0,4
Badminton,Chest/Back,moderate,19,45,1,3,12.0,0,1,5,4,1,1,moderate,1,9
Athletics,Ankle/Foot,mild,18,92,5,2,20.3,1,1,3,7,0,0,mild,0,5
Football,Elbow/Forearm,moderate,20,69,6,1,13.3,0,1,1,2,1,1,moderate,0,12
Wrestling,Head/Neck,mild,14,74,10,3,12.7,1,0,4,0,0,1,moderate,1,6
Football,Ankle/Foot,moderate,25,62,4,2,12.5,1,1,1,7,1,1,moderate,1,11
Football,Wrist/Hand,moderate,20,80,6,4,16.3,1,0,1,3,1,1,moderate,0,5
Football,Ankle/Foot,mild,24,55,2,4,21.3,1,0,1,7,0,0,mild,0,3
Badminton,Knee,severe,17,63,5,5,13.4,0,0,5,6,2,2,severe,1,71
Athletics,Chest/Back,moderate,16,78,5,3,10.3,1,0,3,4,1,1,moderate,1,13
Kabaddi,Ankle/Foot,mild,24,59,6,3,17.1,0,1,2,7,0,0,mild,0,3
Athletics,Knee,moderate,14,49,2,4,10.9,0,0,3,6,1,1,moderate,0,10
Wrestling,Shoulder,mild,21,71,7,4,24.7,0,1,4,1,0,0,mild,0,3
Wrestling,Knee,mild,17,81,9,2,20.1,0,1,4,6,0,1,moderate,1,11
Kabaddi,Chest/Back,moderate,26,77,6,5,20.0,1,1,2,4,1,1,moderate,0,19
Kabaddi,Wrist/Hand,mild,14,64,7,2,22.0,1,0,2,3,0,1,moderate,0,4
Athletics,Chest/Back,moderate,31,53,3,5,21.1,0,0,3,4,1,1,moderate,1,19
Football,Head/Neck,moderate,18,80,7,2,22.2,0,1,1,0,1,2,severe,1,21
Football,Thigh/Hamstring,severe,23,59,6,3,15.3,0,0,1,5,2,2,severe,1,25
Kabaddi,Chest/Back,mild,15,64,1,4,17.9,0,0,2,4,0,0,mild,0,3
Football,Thigh/Hamstring,mild,27,58,8,4,12.7,0,1,1,5,0,0,mild,0,3
Cricket,Elbow/Forearm,moderate,19,67,5,6,13.0,1,0,0,2,1,2,severe,1,36
Badminton,Thigh/Hamstring,moderate,26,77,9,3,17.3,0,0,5,5,1,1,moderate,0,10
Athletics,Knee,mild,18,74,4,1,16.2,1,1,3,6,0,0,mild,0,3
Kabaddi,Chest/Back,moderate,21,66,6,2,14.9,0,0,2,4,1,1,moderate,0,7
Wrestling,Knee,mild,21,81,4,3,19.7,0,1,4,6,0,0,mild,0,4
Athletics,Knee,severe,22,70,4,1,9.0,1,1,3,6,2,2,severe,1,94
Athletics,Thigh/Hamstring,severe,14,65,3,3,16.5,0,0,3,5,2,2,severe,1,38
Cricket,Thigh/Hamstring,mild,28,73,2,2,14.1,0,0,0,5,0,0,mild,0,3
Football,Ankle/Foot,mild,24,87,7,6,10.6,0,0,1,7,0,0,mild,0,2
Kabaddi,Chest/Back,moderate,17,84,6,3,14.7,0,1,2,4,1,1,moderate,1,21
Cricket,Thigh/Hamstring,mild,17,58,7,6,16.0,0,0,0,5,0,0,mild,0,4
Athletics,Knee,moderate,14,63,5,4,22.4,0,0,3,6,1,1,moderate,1,20
Cricket,Wrist/Hand,severe,21,74,4,4,22.5,1,0,0,3,2,2,severe,1,25
Wrestling,Thigh/Hamstring,moderate,25,45,4,5,16.3,1,1,4,5,1,1,moderate,1,5
Kabaddi,Thigh/Hamstring,mild,14,67,1,3,8.2,0,1,2,5,0,0,mild,0,3
Cricket,Chest/Back,moderate,28,95,6,3,17.3,0,0,0,4,1,1,moderate,1,15
Kabaddi,Chest/Back,moderate,16,50,8,4,22.0,1,0,2,4,1,2,severe,1,23
Badminton,Shoulder,mild,14,58,4,2,15.8,0,0,5,1,0,0,mild,1,4
Cricket,Knee,moderate,19,58,10,3,13.9,0,0,0,6,1,2,severe,1,37
Football,Ankle/Foot,moderate,16,68,1,5,19.1,1,0,1,7,1,1,moderate,1,7
Badminton,Chest/Back,severe,18,61,9,5,17.8,0,0,5,4,2,2,severe,1,22
Football,Head/Neck,moderate,18,74,1,6,15.7,1,0,1,0,1,2,severe,1,32
Cricket,Chest/Back,mild,23,53,5,4,15.6,0,1,0,4,0,0,mild,0,2
Kabaddi,Knee,mild,14,67,3,3,13.5,0,1,2,6,0,0,mild,1,7
Cricket,Chest/Back,mild,28,70,9,3,14.6,1,1,0,4,0,1,moderate,1,15
Kabaddi,Knee,mild,23,92,2,3,14.0,0,0,2,6,0,0,mild,0,5
Wrestling,Head/Neck,moderate,26,79,6,3,12.1,0,0,4,0,1,2,severe,1,35
Cricket,Ankle/Foot,moderate,14,67,1,6,14.8,0,0,0,7,1,1,moderate,0,5
Kabaddi,Head/Neck,mild,17,80,6,3,8.2,0,0,2,0,0,0,mild,1,1
Athletics,Thigh/Hamstring,mild,21,73,5,5,18.5,0,1,3,5,0,0,mild,0,3
Football,Knee,moderate,16,75,4,2,15.4,0,1,1,6,1,2,severe,1,16
Kabaddi,Chest/Back,moderate,14,63,4,5,16.3,0,0,2,4,1,0,mild,1,11
Badminton,Thigh/Hamstring,moderate,28,53,4,6,7.7,0,0,5,5,1,2,severe,1,18
Football,Thigh/Hamstring,moderate,18,59,4,2,18.3,0,1,1,5,1,1,moderate,1,13
Athletics,Wrist/Hand,mild,16,67,5,2,17.9,0,1,3,3,0,0,mild,0,1
Athletics,Knee,moderate,23,66,5,5,21.1,0,0,3,6,1,0,mild,1,13
Kabaddi,Shoulder,moderate,20,59,2,3,11.6,1,0,2,1,1,1,moderate,0,13
Badminton,Ankle/Foot,severe,21,61,2,4,13.8,0,1,5,7,2,2,severe,1,19
Football,Ankle/Foot,moderate,19,45,2,5,18.1,0,0,1,7,1,1,moderate,0,9
Wrestling,Knee,mild,29,83,4,5,14.2,0,0,4,6,0,0,mild,0,3
Football,Thigh/Hamstring,mild,19,69,2,3,16.7,1,1,1,5,0,0,mild,0,3
Wrestling,Elbow/Forearm,mild,21,45,5,4,11.8,1,0,4,2,0,0,mild,0,2
Cricket,Head/Neck,moderate,14,60,9,6,11.3,0,0,0,0,1,2,severe,1,54
Cricket,Chest/Back,mild,18,50,6,4,5.7,1,1,0,4,0,0,mild,0,5
Badminton,Elbow/Forearm,severe,14,75,7,0,24.1,0,0,5,2,2,2,severe,1,44
Football,Head/Neck,moderate,15,62,8,5,14.2,0,0,1,0,1,2,severe,1,59
Football,Ankle/Foot,mild,20,84,5,4,11.6,1,0,1,7,0,1,moderate,0,7
Wrestling,Elbow/Forearm,moderate,22,78,1,2,23.2,0,1,4,2,1,1,moderate,0,12
Wrestling,Knee,moderate,15,81,4,3,18.9,1,1,4,6,1,1,moderate,1,12
Kabaddi,Knee,moderate,17,63,2,1,11.8,0,0,2,6,1,1,moderate,0,19
Football,Elbow/Forearm,moderate,28,84,6,5,13.3,0,1,1,2,1,1,moderate,1,12
Football,Ankle/Foot,moderate,21,79,5,5,22.3,1,1,1,7,1,2,severe,1,5
Badminton,Elbow/Forearm,mild,28,56,1,2,25.4,0,0,5,2,0,0,mild,0,4
Badminton,Ankle/Foot,severe,16,62,4,2,5.0,0,0,5,7,2,2,severe,1,23
Athletics,Elbow/Forearm,severe,18,79,6,6,19.9,0,1,3,2,2,2,severe,1,37
Kabaddi,Knee,mild,23,53,2,4,17.0,0,1,2,6,0,0,mild,0,4
Kabaddi,Head/Neck,mild,21,82,3,4,12.1,1,0,2,0,0,0,mild,0,1
Kabaddi,Shoulder,mild,17,72,4,1,5.0,0,1,2,1,0,0,mild,0,2
Athletics,Thigh/Hamstring,severe,16,69,4,2,14.2,0,1,3,5,2,2,severe,1,16
Cricket,Chest/Back,mild,24,66,1,4,22.8,1,0,0,4,0,0,mild,0,2
Football,Chest/Back,moderate,14,76,7,5,18.0,0,0,1,4,1,1,moderate,1,21
Cricket,Wrist/Hand,mild,31,66,10,5,18.2,0,0,0,3,0,2,severe,1,23
Badminton,Wrist/Hand,mild,21,67,4,4,15.3,1,1,5,3,0,0,mild,0,4
Kabaddi,Knee,mild,14,51,7,3,17.8,1,1,2,6,0,1,moderate,1,21
Athletics,Ankle/Foot,moderate,14,60,8,5,17.6,1,1,3,7,1,2,severe,1,33
Football,Shoulder,moderate,20,52,6,5,9.9,0,0,1,1,1,1,moderate,0,14
Athletics,Shoulder,mild,19,73,9,4,15.0,0,0,3,1,0,1,moderate,0,20
Football,Knee,moderate,18,107,2,5,17.2,0,0,1,6,1,1,moderate,1,20
Badminton,Elbow/Forearm,severe,21,76,7,6,16.6,0,0,5,2,2,1,moderate,1,47
Badminton,Ankle/Foot,severe,14,57,6,2,5.3,1,1,5,7,2,2,severe,1,15
Badminton,Shoulder,mild,20,45,6,2,16.7,0,0,5,1,0,0,mild,1,4
Wrestling,Wrist/Hand,mild,14,56,9,5,10.5,1,1,4,3,0,0,mild,0,2
Cricket,Thigh/Hamstring,mild,14,53,3,4,27.8,1,0,0,5,0,0,mild,0,4
Kabaddi,Shoulder,mild,27,59,5,2,14.2,0,1,2,1,0,0,mild,0,5
Athletics,Thigh/Hamstring,moderate,14,55,4,4,5.5,0,1,3,5,1,1,moderate,1,5
Kabaddi,Wrist/Hand,moderate,22,61,2,3,13.9,1,0,2,3,1,1,moderate,0,7
Football,Elbow/Forearm,moderate,19,54,2,3,15.2,0,1,1,2,1,1,moderate,1,9
Wrestling,Shoulder,mild,28,73,7,3,12.4,0,0,4,1,0,0,mild,0,3
Football,Ankle/Foot,moderate,18,49,2,4,17.4,1,1,1,7,1,1,moderate,1,6
Badminton,Ankle/Foot,moderate,19,84,2,3,16.3,0,0,5,7,1,1,moderate,1,14
Kabaddi,Thigh/Hamstring,mild,23,62,7,4,16.1,0,0,2,5,0,0,mild,1,4
Cricket,Wrist/Hand,moderate,14,46,6,3,16.0,0,1,0,3,1,1,moderate,0,8
Badminton,Ankle/Foot,severe,19,83,1,6,11.7,0,1,5,7,2,2,severe,1,23
Athletics,Chest/Back,mild,23,83,1,5,9.3,0,0,3,4,0,0,mild,0,4
Kabaddi,Shoulder,moderate,15,56,1,4,15.4,0,1,2,1,1,1,moderate,0,9
Kabaddi,Ankle/Foot,severe,21,69,1,3,13.3,0,0,2,7,2,2,severe,1,39
Kabaddi,Ankle/Foot,moderate,16,67,4,5,14.1,0,0,2,7,1,0,mild,0,12
Football,Knee,mild,21,88,3,4,14.4,0,1,1,6,0,0,mild,0,3
Athletics,Chest/Back,moderate,24,76,2,1,11.5,0,0,3,4,1,1,moderate,0,13
Wrestling,Shoulder,severe,24,83,4,4,17.7,0,1,4,1,2,2,severe,1,40
Kabaddi,Knee,mild,20,58,6,0,15.0,1,0,2,6,0,0,mild,1,11
Wrestling,Chest/Back,mild,16,57,6,6,15.6,1,1,4,4,0,1,moderate,1,16
Wrestling,Elbow/Forearm,moderate,19,83,4,3,20.5,0,1,4,2,1,1,moderate,1,11
Badminton,Knee,mild,23,62,9,5,8.2,0,1,5,6,0,1,moderate,1,22
Cricket,Chest/Back,moderate,14,69,6,5,13.1,1,1,0,4,1,1,moderate,1,13
Wrestling,Shoulder,moderate,25,45,3,3,12.1,0,0,4,1,1,0,mild,1,15
Wrestling,Thigh/Hamstring,moderate,14,63,8,3,16.8,1,1,4,5,1,1,moderate,1,7
Football,Head/Neck,moderate,14,75,6,5,20.9,0,0,1,0,1,2,severe,1,60
Athletics,Chest/Back,moderate,23,59,5,5,14.0,0,0,3,4,1,1,moderate,0,21
Badminton,Knee,mild,23,66,6,4,21.3,0,0,5,6,0,0,mild,0,3
Football,Thigh/Hamstring,mild,16,73,6,3,13.3,1,0,1,5,0,1,moderate,0,6
Wrestling,Chest/Back,moderate,18,62,4,4,20.2,0,0,4,4,1,1,moderate,0,12
Athletics,Shoulder,mild,17,69,5,3,8.1,1,0,3,1,0,1,moderate,0,14
Kabaddi,Knee,severe,19,68,4,4,13.7,1,0,2,6,2,2,severe,1,35
Cricket,Shoulder,mild,22,79,6,5,23.1,1,1,0,1,0,1,moderate,0,15
Football,Ankle/Foot,mild,14,53,5,2,24.0,0,0,1,7,0,0,mild,0,1
Badminton,Wrist/Hand,moderate,16,77,1,0,12.2,0,1,5,3,1,0,mild,1,8
Wrestling,Thigh/Hamstring,severe,17,79,2,2,13.2,1,1,4,5,2,2,severe,1,42
Badminton,Thigh/Hamstring,mild,17,107,4,1,12.9,0,1,5,5,0,0,mild,0,2
Football,Knee,mild,14,69,5,4,12.3,0,1,1,6,0,0,mild,0,4
Cricket,Ankle/Foot,severe,20,65,6,3,14.2,1,0,0,7,2,2,severe,1,39
Cricket,Wrist/Hand,moderate,14,77,5,4,16.1,1,0,0,3,1,1,moderate,1,10
Cricket,Elbow/Forearm,mild,22,69,3,1,12.9,0,1,0,2,0,0,mild,1,5
Football,Thigh/Hamstring,mild,27,63,5,2,10.2,1,1,1,5,0,1,moderate,0,11
Football,Ankle/Foot,mild,21,53,2,5,15.1,1,1,1,7,0,1,moderate,1,12
Football,Head/Neck,mild,22,60,2,3,17.7,1,0,1,0,0,0,mild,0,2
Athletics,Thigh/Hamstring,severe,16,45,1,2,17.5,1,1,3,5,2,2,severe,1,19
Cricket,Knee,moderate,19,56,9,4,22.5,0,0,0,6,1,1,moderate,0,22
Badminton,Ankle/Foot,mild,20,45,6,3,14.2,1,1,5,7,0,1,moderate,0,11
Athletics,Ankle/Foot,mild,25,60,4,5,17.1,0,0,3,7,0,0,mild,0,5
Athletics,Knee,mild,20,69,1,0,14.1,0,0,3,6,0,0,mild,0,4
Wrestling,Thigh/Hamstring,moderate,26,53,4,4,15.9,0,1,4,5,1,1,moderate,0,7
Cricket,Shoulder,mild,28,74,2,4,10.0,0,1,0,1,0,0,mild,0,5
Athletics,Chest/Back,mild,26,74,5,4,20.0,1,0,3,4,0,1,moderate,1,19
Kabaddi,Shoulder,mild,21,82,8,2,11.7,1,1,2,1,0,0,mild,0,5
Cricket,Wrist/Hand,mild,23,74,4,2,16.3,0,0,0,3,0,0,mild,0,2
Kabaddi,Chest/Back,severe,18,89,4,1,8.0,0,0,2,4,2,2,severe,0,38
Cricket,Shoulder,severe,27,55,7,5,18.3,0,1,0,1,2,2,severe,1,70
Athletics,Elbow/Forearm,mild,21,86,1,3,21.6,0,1,3,2,0,0,mild,1,2
Kabaddi,Wrist/Hand,severe,28,60,2,4,15.0,1,1,2,3,2,2,severe,1,47
Badminton,Ankle/Foot,severe,29,73,2,4,15.4,0,1,5,7,2,2,severe,1,19
Cricket,Thigh/Hamstring,severe,14,63,8,6,11.2,0,0,0,5,2,2,severe,1,33
Athletics,Thigh/Hamstring,severe,24,46,6,3,20.6,1,0,3,5,2,2,severe,1,34
Cricket,Shoulder,mild,25,57,5,2,16.5,0,0,0,1,0,0,mild,0,5
Wrestling,Shoulder,moderate,20,69,4,1,22.9,0,0,4,1,1,0,mild,1,8
Badminton,Shoulder,mild,18,89,2,4,17.1,1,0,5,1,0,1,moderate,1,17
Wrestling,Chest/Back,severe,21,63,4,3,16.0,0,0,4,4,2,2,severe,1,45
Badminton,Ankle/Foot,moderate,19,45,9,4,16.0,0,0,5,7,1,2,severe,1,22
Football,Ankle/Foot,mild,20,70,8,2,21.6,0,0,1,7,0,0,mild,0,2
Wrestling,Ankle/Foot,moderate,29,78,5,3,5.3,0,1,4,7,1,1,moderate,0,11
Badminton,Knee,severe,16,60,4,3,13.1,0,1,5,6,2,2,severe,1,69
Cricket,Wrist/Hand,mild,26,58,2,6,9.4,0,0,0,3,0,0,mild,0,1
Football,Ankle/Foot,moderate,23,65,5,3,13.2,1,1,1,7,1,1,moderate,1,13
Kabaddi,Chest/Back,mild,18,45,9,4,24.1,1,0,2,4,0,0,mild,0,5
Cricket,Elbow/Forearm,severe,21,70,5,3,20.8,0,1,0,2,2,2,severe,1,58
Cricket,Head/Neck,mild,27,45,5,2,18.6,0,1,0,0,0,0,mild,0,1
Athletics,Thigh/Hamstring,mild,21,48,8,1,20.2,0,1,3,5,0,0,mild,0,3
Wrestling,Head/Neck,mild,16,76,5,5,18.9,0,0,4,0,0,0,mild,1,3
Cricket,Shoulder,severe,14,45,4,1,23.8,0,0,0,1,2,2,severe,1,88
Cricket,Knee,mild,14,77,1,3,6.8,1,1,0,6,0,1,moderate,0,22
Athletics,Ankle/Foot,mild,14,78,2,3,11.3,1,0,3,7,0,0,mild,0,3
Wrestling,Elbow/Forearm,severe,20,59,3,5,5.5,0,0,4,2,2,2,severe,0,21
Badminton,Knee,moderate,19,76,7,3,10.5,0,1,5,6,1,1,moderate,1,25
Kabaddi,Knee,moderate,22,81,6,5,11.7,1,0,2,6,1,1,moderate,1,27
Kabaddi,Wrist/Hand,moderate,21,76,8,2,17.8,0,1,2,3,1,2,severe,1,50
Cricket,Knee,moderate,21,63,4,4,14.6,0,0,0,6,1,1,moderate,0,22
Wrestling,Shoulder,mild,14,45,3,5,17.5,0,1,4,1,0,0,mild,0,3
Football,Shoulder,mild,27,80,6,0,9.7,0,0,1,1,0,0,mild,0,2
Badminton,Knee,mild,21,73,2,0,6.7,0,0,5,6,0,0,mild,0,6
Athletics,Thigh/Hamstring,moderate,19,72,4,5,18.5,1,0,3,5,1,1,moderate,0,8
Football,Knee,mild,20,80,1,2,10.7,0,0,1,6,0,0,mild,0,6
Badminton,Ankle/Foot,moderate,20,76,6,1,5.3,0,1,5,7,1,1,moderate,0,5
Athletics,Knee,moderate,14,69,2,4,21.1,0,1,3,6,1,2,severe,1,15
Football,Ankle/Foot,mild,25,55,1,1,17.3,0,0,1,7,0,0,mild,1,5
Football,Thigh/Hamstring,severe,25,65,1,3,12.4,0,0,1,5,2,2,severe,0,16
Cricket,Head/Neck,moderate,14,74,8,5,16.0,0,1,0,0,1,2,severe,1,29
Badminton,Knee,mild,21,76,7,3,24.4,1,0,5,6,0,1,moderate,1,17
Football,Knee,moderate,19,85,2,2,18.4,0,1,1,6,1,1,moderate,1,15
Football,Knee,mild,22,69,5,4,16.0,1,1,1,6,0,0,mild,0,3
Wrestling,Elbow/Forearm,severe,25,80,1,4,15.3,0,0,4,2,2,2,severe,1,41
Football,Thigh/Hamstring,severe,14,71,8,3,21.0,0,1,1,5,2,2,severe,1,32
Wrestling,Elbow/Forearm,severe,16,68,6,2,16.2,0,1,4,2,2,2,severe,1,33
Athletics,Knee,moderate,20,85,7,5,20.7,0,0,3,6,1,1,moderate,1,27
Cricket,Head/Neck,moderate,19,60,6,4,23.5,1,0,0,0,1,2,severe,1,24
Wrestling,Thigh/Hamstring,mild,26,70,2,5,8.2,0,1,4,5,0,0,mild,0,3
Football,Ankle/Foot,severe,18,60,1,3,17.8,0,1,1,7,2,2,severe,0,14
Athletics,Chest/Back,moderate,28,67,3,7,10.0,0,0,3,4,1,1,moderate,1,61
Badminton,Thigh/Hamstring,moderate,22,75,4,1,14.4,0,0,5,5,1,1,moderate,1,6
Kabaddi,Knee,mild,16,58,3,0,17.5,0,1,2,6,0,0,mild,0,5
Badminton,Knee,moderate,17,70,4,3,22.3,1,1,5,6,1,1,moderate,1,20
Cricket,Shoulder,moderate,20,86,6,3,9.8,1,0,0,1,1,1,moderate,1,19
Cricket,Shoulder,moderate,18,61,8,4,19.1,0,0,0,1,1,1,moderate,1,15
Football,Elbow/Forearm,mild,14,88,3,6,9.3,1,0,1,2,0,0,mild,0,4
Athletics,Knee,severe,14,66,8,4,17.2,0,0,3,6,2,1,moderate,1,57
Athletics,Chest/Back,severe,22,53,6,1,9.4,1,0,3,4,2,2,severe,1,75
Wrestling,Shoulder,severe,28,52,5,3,20.5,0,1,4,1,2,2,severe,1,45
Football,Head/Neck,mild,22,68,5,2,14.7,0,0,1,0,0,0,mild,0,1
Badminton,Ankle/Foot,moderate,19,73,4,5,14.9,0,0,5,7,1,1,moderate,0,12
Football,Thigh/Hamstring,moderate,21,63,1,5,14.1,0,1,1,5,1,1,moderate,0,8
Cricket,Wrist/Hand,mild,19,70,6,6,8.6,0,0,0,3,0,0,mild,0,1
Badminton,Chest/Back,moderate,24,71,4,3,20.0,0,1,5,4,1,1,moderate,1,10
Kabaddi,Knee,moderate,16,82,4,4,18.7,0,1,2,6,1,1,moderate,1,16
Badminton,Elbow/Forearm,moderate,22,65,5,5,9.3,0,1,5,2,1,0,mild,0,13
Wrestling,Thigh/Hamstring,moderate,25,82,10,4,10.2,0,0,4,5,1,2,severe,1,17
Football,Ankle/Foot,severe,27,59,1,5,18.1,1,1,1,7,2,2,severe,1,18
Kabaddi,Shoulder,moderate,19,85,7,2,14.0,1,0,2,1,1,1,moderate,0,20
Athletics,Shoulder,moderate,29,72,1,4,21.1,0,0,3,1,1,1,moderate,1,8
Football,Head/Neck,mild,16,80,7,4,18.3,0,0,1,0,0,0,mild,0,2
Cricket,Elbow/Forearm,moderate,14,73,2,5,24.7,1,0,0,2,1,1,moderate,0,7
Kabaddi,Ankle/Foot,moderate,25,71,4,3,22.2,0,0,2,7,1,1,moderate,1,7
Wrestling,Ankle/Foot,mild,14,65,2,2,11.8,0,1,4,7,0,1,moderate,0,3
Football,Knee,severe,18,62,5,2,20.9,0,0,1,6,2,2,severe,1,72
Football,Ankle/Foot,mild,14,56,7,5,13.5,0,0,1,7,0,0,mild,0,5
Athletics,Ankle/Foot,mild,20,70,4,4,19.0,1,1,3,7,0,0,mild,0,1
Kabaddi,Knee,severe,14,52,7,2,5.0,0,1,2,6,2,2,severe,1,83
Kabaddi,Knee,mild,18,82,4,6,11.3,0,0,2,6,0,0,mild,0,3
Badminton,Wrist/Hand,severe,18,86,5,3,12.1,0,1,5,3,2,2,severe,1,36
Football,Knee,mild,22,65,6,4,14.1,1,1,1,6,0,0,mild,0,4
Kabaddi,Thigh/Hamstring,mild,14,80,6,5,11.8,1,0,2,5,0,0,mild,0,3
Cricket,Knee,moderate,20,85,6,3,12.5,1,0,0,6,1,1,moderate,1,16
Badminton,Elbow/Forearm,mild,26,47,6,4,19.9,0,0,5,2,0,0,mild,0,4
Athletics,Ankle/Foot,mild,14,90,5,5,12.0,0,0,3,7,0,0,mild,0,2
Badminton,Elbow/Forearm,mild,16,61,4,5,14.0,0,1,5,2,0,0,mild,1,2
Badminton,Ankle/Foot,mild,21,73,5,1,11.8,0,0,5,7,0,0,mild,0,5
Cricket,Elbow/Forearm,severe,15,50,2,2,9.5,0,1,0,2,2,2,severe,1,33
Cricket,Thigh/Hamstring,mild,19,72,3,4,23.7,0,1,0,5,0,0,mild,0,5
Football,Elbow/Forearm,moderate,25,53,3,5,9.1,0,1,1,2,1,1,moderate,1,8
Athletics,Chest/Back,mild,17,79,7,5,6.3,1,0,3,4,0,0,mild,0,5
Cricket,Shoulder,moderate,14,85,8,3,6.5,1,1,0,1,1,2,severe,1,70
Wrestling,Chest/Back,mild,19,63,5,2,14.5,1,0,4,4,0,0,mild,0,4
Badminton,Shoulder,moderate,23,68,4,4,5.0,0,0,5,1,1,1,moderate,0,14
Athletics,Ankle/Foot,moderate,22,85,4,2,17.7,0,0,3,7,1,1,moderate,1,6
Kabaddi,Head/Neck,moderate,17,68,8,1,21.9,0,0,2,0,1,2,severe,1,29
Kabaddi,Chest/Back,mild,19,91,5,1,15.1,0,0,2,4,0,0,mild,0,4
Badminton,Thigh/Hamstring,severe,22,74,3,4,24.5,0,0,5,5,2,2,severe,1,29
Cricket,Shoulder,moderate,20,76,5,4,10.2,1,0,0,1,1,1,moderate,1,12
Athletics,Thigh/Hamstring,moderate,16,69,1,3,8.7,0,1,3,5,1,1,moderate,1,6
Wrestling,Elbow/Forearm,mild,19,68,6,5,14.6,0,0,4,2,0,0,mild,0,2
Badminton,Shoulder,moderate,20,45,6,4,19.0,0,0,5,1,1,1,moderate,1,18
Wrestling,Knee,moderate,16,63,1,4,17.4,0,0,4,6,1,1,moderate,1,23
Badminton,Ankle/Foot,moderate,14,71,3,0,13.6,1,1,5,7,1,1,moderate,1,9
Wrestling,Chest/Back,moderate,25,71,4,7,8.5,0,0,4,4,1,1,moderate,0,18
Cricket,Ankle/Foot,mild,23,52,3,5,26.0,1,1,0,7,0,0,mild,0,3
Football,Ankle/Foot,moderate,22,74,4,4,17.6,1,0,1,7,1,1,moderate,0,12
Wrestling,Elbow/Forearm,mild,31,71,5,3,17.5,0,0,4,2,0,0,mild,0,2
Badminton,Knee,moderate,24,76,7,5,15.3,1,1,5,6,1,1,moderate,1,22
Athletics,Shoulder,moderate,14,64,3,2,20.6,0,0,3,1,1,1,moderate,1,17
Wrestling,Shoulder,mild,19,83,2,4,5.0,0,0,4,1,0,0,mild,0,3
Badminton,Wrist/Hand,mild,22,80,5,3,19.7,1,0,5,3,0,1,moderate,0,5
Cricket,Shoulder,mild,27,55,7,2,12.0,0,1,0,1,0,0,mild,0,4
Badminton,Chest/Back,mild,23,81,1,4,18.2,1,0,5,4,0,0,mild,0,2
Athletics,Chest/Back,moderate,15,67,5,7,23.9,0,0,3,4,1,1,moderate,1,11
Kabaddi,Shoulder,moderate,14,85,5,2,18.2,0,1,2,1,1,1,moderate,1,8
Kabaddi,Wrist/Hand,mild,27,62,1,2,18.9,0,0,2,3,0,0,mild,0,1
Athletics,Chest/Back,mild,20,82,5,5,23.0,0,0,3,4,0,0,mild,0,2
Badminton,Chest/Back,mild,27,48,7,5,11.9,0,0,5,4,0,0,mild,0,2
Football,Knee,moderate,20,99,4,4,20.2,0,0,1,6,1,1,moderate,1,17
Wrestling,Wrist/Hand,moderate,21,67,8,1,18.5,0,0,4,3,1,1,moderate,1,6
Kabaddi,Thigh/Hamstring,mild,21,81,4,6,8.3,1,0,2,5,0,1,moderate,0,11
Athletics,Shoulder,mild,14,67,5,2,16.8,1,0,3,1,0,0,mild,0,5
Wrestling,Wrist/Hand,severe,20,65,1,3,21.6,0,1,4,3,2,2,severe,1,20
Football,Ankle/Foot,mild,14,60,6,2,18.0,0,1,1,7,0,0,mild,0,3
Badminton,Knee,mild,19,52,2,4,17.8,1,1,5,6,0,0,mild,0,4
Wrestling,Elbow/Forearm,mild,23,45,5,5,12.5,0,1,4,2,0,0,mild,1,4
Athletics,Thigh/Hamstring,severe,14,81,2,1,16.4,1,0,3,5,2,2,severe,1,22
Athletics,Ankle/Foot,severe,23,77,1,1,15.7,1,1,3,7,2,2,severe,1,33
Kabaddi,Thigh/Hamstring,severe,14,60,8,1,8.0,0,1,2,5,2,2,severe,1,18
Kabaddi,Knee,mild,27,65,2,4,24.5,0,0,2,6,0,0,mild,0,6
Kabaddi,Elbow/Forearm,moderate,14,78,6,6,18.9,1,1,2,2,1,2,severe,1,21
Wrestling,Knee,moderate,14,49,6,2,23.7,0,0,4,6,1,1,moderate,0,18
Football,Ankle/Foot,moderate,17,77,1,3,7.7,1,0,1,7,1,1,moderate,1,9
Football,Knee,moderate,23,82,6,5,10.7,1,1,1,6,1,1,moderate,1,20
Badminton,Ankle/Foot,mild,15,63,2,5,18.2,0,0,5,7,0,0,mild,0,5
Badminton,Ankle/Foot,mild,18,74,1,2,9.2,1,0,5,7,0,1,moderate,0,5
Football,Wrist/Hand,mild,16,66,6,3,15.4,1,0,1,3,0,0,mild,1,4
Badminton,Thigh/Hamstring,severe,14,64,2,5,11.3,0,0,5,5,2,2,severe,1,34
Kabaddi,Chest/Back,severe,22,49,8,2,9.5,0,1,2,4,2,2,severe,1,49
Kabaddi,Wrist/Hand,mild,14,63,4,5,19.5,0,1,2,3,0,0,mild,0,3
Cricket,Elbow/Forearm,mild,19,73,3,2,32.7,0,1,0,2,0,0,mild,0,4
Kabaddi,Knee,mild,26,55,6,4,20.8,0,0,2,6,0,0,mild,0,5
Badminton,Chest/Back,mild,26,56,2,3,16.0,0,0,5,4,0,0,mild,0,5
Football,Ankle/Foot,severe,25,57,6,5,13.0,0,1,1,7,2,2,severe,0,24
Football,Knee,mild,16,64,5,3,15.2,1,1,1,6,0,1,moderate,1,25
Cricket,Wrist/Hand,moderate,25,97,2,4,17.9,0,0,0,3,1,1,moderate,1,12
Athletics,Ankle/Foot,moderate,20,77,5,2,13.2,0,1,3,7,1,1,moderate,1,6
Wrestling,Shoulder,mild,19,66,2,4,18.7,1,0,4,1,0,0,mild,0,3
Wrestling,Wrist/Hand,moderate,20,85,2,4,5.1,0,1,4,3,1,2,severe,0,6
Badminton,Ankle/Foot,moderate,18,68,1,4,23.2,0,0,5,7,1,1,moderate,0,11
Kabaddi,Head/Neck,mild,23,70,4,4,10.1,0,0,2,0,0,0,mild,1,1
Kabaddi,Shoulder,severe,14,78,8,6,12.5,1,0,2,1,2,1,moderate,1,61
Kabaddi,Chest/Back,mild,14,63,8,4,16.9,1,1,2,4,0,1,moderate,0,15
Badminton,Knee,severe,29,45,8,4,15.4,0,0,5,6,2,2,severe,1,104
Badminton,Ankle/Foot,moderate,14,81,3,4,14.3,1,1,5,7,1,1,moderate,0,13
Football,Knee,severe,14,81,1,6,22.4,1,1,1,6,2,2,severe,1,88
Wrestling,Head/Neck,moderate,21,56,7,4,14.8,0,1,4,0,1,2,severe,1,20
Cricket,Wrist/Hand,moderate,26,62,4,3,20.2,0,0,0,3,1,1,moderate,1,5
Badminton,Ankle/Foot,moderate,18,55,5,5,11.3,0,1,5,7,1,1,moderate,1,12
Wrestling,Chest/Back,mild,25,79,4,3,9.3,1,1,4,4,0,1,moderate,0,16
Kabaddi,Chest/Back,mild,19,82,7,1,21.2,0,0,2,4,0,0,mild,1,2
Wrestling,Elbow/Forearm,moderate,25,47,8,6,19.4,0,1,4,2,1,2,severe,1,26
Cricket,Chest/Back,mild,20,72,5,4,15.1,0,0,0,4,0,0,mild,0,2
Wrestling,Elbow/Forearm,moderate,19,61,6,3,18.9,0,1,4,2,1,1,moderate,0,11
Kabaddi,Shoulder,moderate,22,45,6,3,18.1,1,0,2,1,1,1,moderate,1,7
Cricket,Thigh/Hamstring,mild,26,75,6,4,17.5,0,1,0,5,0,0,mild,0,4
Badminton,Ankle/Foot,mild,21,76,6,3,14.7,0,0,5,7,0,0,mild,0,5
Badminton,Elbow/Forearm,mild,17,51,9,4,10.7,1,0,5,2,0,0,mild,0,3
Football,Chest/Back,mild,22,57,2,4,24.5,0,1,1,4,0,0,mild,0,2
Athletics,Ankle/Foot,moderate,24,58,1,5,12.4,0,1,3,7,1,1,moderate,1,7
Kabaddi,Ankle/Foot,moderate,30,70,8,1,17.6,0,1,2,7,1,1,moderate,0,10
Wrestling,Ankle/Foot,mild,20,47,2,3,12.2,0,1,4,7,0,0,mild,0,2
Wrestling,Ankle/Foot,moderate,19,71,2,5,12.1,0,0,4,7,1,1,moderate,0,9
Cricket,Chest/Back,mild,20,59,6,3,18.7,0,1,0,4,0,0,mild,0,2
Kabaddi,Chest/Back,moderate,20,67,7,3,22.5,0,0,2,4,1,1,moderate,0,15
Cricket,Ankle/Foot,moderate,14,53,1,3,15.5,0,1,0,7,1,1,moderate,1,6
Badminton,Knee,mild,29,55,4,4,16.1,1,1,5,6,0,0,mild,0,3
Wrestling,Chest/Back,severe,25,79,7,4,22.4,1,1,4,4,2,2,severe,1,66
Football,Knee,severe,22,73,2,4,19.0,1,1,1,6,2,1,moderate,1,107
Kabaddi,Knee,severe,14,66,3,1,16.9,1,0,2,6,2,2,severe,1,112
Wrestling,Head/Neck,moderate,26,67,5,4,18.5,0,0,4,0,1,2,severe,1,28
Athletics,Ankle/Foot,moderate,20,76,4,5,21.1,1,0,3,7,1,1,moderate,1,9
Kabaddi,Knee,mild,20,79,6,3,13.2,0,1,2,6,0,0,mild,0,7
Football,Head/Neck,severe,20,59,7,1,17.7,1,0,1,0,2,2,severe,0,33
Athletics,Thigh/Hamstring,mild,14,59,4,5,8.6,0,0,3,5,0,0,mild,0,4
Football,Knee,severe,22,72,1,3,12.4,1,1,1,6,2,2,severe,1,53
Badminton,Knee,moderate,20,87,3,4,17.1,0,0,5,6,1,1,moderate,1,20
Cricket,Knee,mild,14,51,1,7,11.1,0,1,0,6,0,0,mild,0,3
Wrestling,Shoulder,moderate,14,87,7,1,18.3,0,0,4,1,1,1,moderate,1,12
Badminton,Ankle/Foot,mild,14,51,8,4,19.1,0,1,5,7,0,1,moderate,0,9
Wrestling,Shoulder,mild,26,62,5,3,19.2,0,1,4,1,0,0,mild,0,3
Kabaddi,Knee,severe,14,71,2,1,20.0,1,1,2,6,2,2,severe,1,102
Wrestling,Knee,mild,20,56,4,5,16.7,1,1,4,6,0,0,mild,0,3
Football,Knee,moderate,24,82,7,2,11.1,0,0,1,6,1,1,moderate,1,26
Football,Thigh/Hamstring,severe,29,79,5,3,17.3,0,1,1,5,2,2,severe,1,38
Cricket,Wrist/Hand,severe,23,69,4,5,10.2,0,1,0,3,2,2,severe,1,47
Wrestling,Knee,mild,14,49,9,5,11.9,0,0,4,6,0,1,moderate,0,28
Athletics,Knee,severe,22,66,5,6,16.7,0,0,3,6,2,2,severe,1,46
Football,Thigh/Hamstring,severe,15,70,9,3,25.0,0,0,1,5,2,2,severe,1,35
Athletics,Thigh/Hamstring,mild,14,62,7,2,11.7,1,0,3,5,0,0,mild,0,3
Wrestling,Thigh/Hamstring,moderate,14,60,10,4,17.1,0,1,4,5,1,1,moderate,1,12
Cricket,Wrist/Hand,mild,20,73,5,3,17.1,1,0,0,3,0,0,mild,0,2
Kabaddi,Knee,moderate,19,62,4,6,12.1,0,0,2,6,1,1,moderate,1,26
Wrestling,Elbow/Forearm,severe,14,50,5,5,16.0,0,0,4,2,2,2,severe,1,36
Athletics,Thigh/Hamstring,mild,22,97,3,3,13.7,0,1,3,5,0,0,mild,0,3
Wrestling,Thigh/Hamstring,severe,14,69,5,4,16.0,1,0,4,5,2,2,severe,1,15
Badminton,Shoulder,mild,16,64,2,2,11.8,0,0,5,1,0,0,mild,0,4
Athletics,Elbow/Forearm,moderate,26,74,5,2,16.6,1,0,3,2,1,1,moderate,1,9
Cricket,Elbow/Forearm,mild,14,67,8,2,19.8,0,1,0,2,0,1,moderate,0,9
Football,Chest/Back,moderate,23,63,1,3,18.4,1,0,1,4,1,1,moderate,0,17
Athletics,Thigh/Hamstring,mild,19,61,7,3,9.4,1,1,3,5,0,1,moderate,1,7
Athletics,Chest/Back,severe,20,74,7,2,11.3,0,0,3,4,2,2,severe,1,25
Badminton,Wrist/Hand,moderate,19,80,2,4,14.0,0,0,5,3,1,1,moderate,1,5
Wrestling,Shoulder,moderate,30,71,6,2,18.9,0,0,4,1,1,1,moderate,1,19
Wrestling,Wrist/Hand,moderate,19,54,7,4,21.7,1,0,4,3,1,1,moderate,0,7
Wrestling,Elbow/Forearm,moderate,25,81,1,7,22.2,0,0,4,2,1,2,severe,0,44
Football,Ankle/Foot,mild,15,68,6,4,27.9,0,0,1,7,0,0,mild,1,1
Football,Ankle/Foot,moderate,20,83,5,2,20.1,0,0,1,7,1,1,moderate,0,13
Athletics,Ankle/Foot,mild,22,79,4,2,15.6,0,0,3,7,0,0,mild,0,5
Cricket,Knee,mild,19,65,1,4,15.4,0,1,0,6,0,0,mild,0,3
Athletics,Knee,mild,24,79,10,4,19.1,1,1,3,6,0,1,moderate,1,20
Kabaddi,Thigh/Hamstring,moderate,19,83,1,3,11.4,1,0,2,5,1,1,moderate,0,8
Wrestling,Chest/Back,mild,14,80,8,6,13.6,0,1,4,4,0,0,mild,0,3
Cricket,Elbow/Forearm,moderate,17,73,6,4,18.9,0,0,0,2,1,1,moderate,1,14
Wrestling,Wrist/Hand,moderate,15,74,3,4,15.8,0,1,4,3,1,1,moderate,1,13
Badminton,Knee,mild,16,59,7,6,15.8,1,0,5,6,0,0,mild,0,6
Kabaddi,Shoulder,mild,21,82,9,5,18.2,0,1,2,1,0,1,moderate,1,16
Wrestling,Shoulder,severe,19,66,1,4,17.8,0,0,4,1,2,2,severe,1,61
Athletics,Chest/Back,moderate,23,65,7,2,9.5,1,0,3,4,1,1,moderate,1,14
Football,Thigh/Hamstring,moderate,21,67,1,3,16.4,1,1,1,5,1,1,moderate,0,5
Cricket,Chest/Back,mild,17,76,2,4,13.5,0,0,0,4,0,0,mild,0,5
Football,Wrist/Hand,moderate,23,60,4,5,8.0,0,1,1,3,1,0,mild,0,11
Badminton,Ankle/Foot,mild,21,68,7,2,10.7,1,1,5,7,0,0,mild,0,1
Badminton,Elbow/Forearm,mild,16,64,3,3,22.9,0,0,5,2,0,0,mild,0,2
Athletics,Thigh/Hamstring,moderate,26,86,1,3,21.4,1,0,3,5,1,1,moderate,0,14
Kabaddi,Knee,mild,14,55,9,3,15.2,0,1,2,6,0,0,mild,0,7
Kabaddi,Wrist/Hand,severe,23,58,10,2,19.9,0,0,2,3,2,2,severe,0,40
Football,Ankle/Foot,severe,22,78,4,3,14.0,0,0,1,7,2,2,severe,1,26
Cricket,Shoulder,moderate,15,73,7,2,25.7,0,1,0,1,1,1,moderate,1,10
Wrestling,Head/Neck,severe,22,62,4,3,27.8,0,0,4,0,2,2,severe,1,20
Athletics,Knee,moderate,20,69,3,4,9.9,0,0,3,6,1,1,moderate,0,22
Badminton,Ankle/Foot,severe,26,66,6,1,19.2,0,0,5,7,2,2,severe,1,28
Badminton,Wrist/Hand,mild,17,71,5,4,7.0,1,0,5,3,0,0,mild,0,1
Badminton,Knee,severe,19,62,6,3,13.0,0,1,5,6,2,2,severe,1,103
Athletics,Thigh/Hamstring,severe,22,93,6,4,14.4,0,1,3,5,2,2,severe,1,27
Athletics,Thigh/Hamstring,mild,24,70,7,3,20.0,1,0,3,5,0,0,mild,0,3
Badminton,Ankle/Foot,moderate,24,85,2,3,24.7,1,0,5,7,1,1,moderate,0,11
Athletics,Thigh/Hamstring,moderate,14,56,10,4,8.9,0,1,3,5,1,1,moderate,0,11
Cricket,Thigh/Hamstring,mild,16,80,9,4,19.7,1,0,0,5,0,1,moderate,0,10
Athletics,Thigh/Hamstring,moderate,22,71,4,3,18.8,0,0,3,5,1,1,moderate,0,11
Football,Chest/Back,mild,24,45,1,6,9.3,1,1,1,4,0,0,mild,0,3
Badminton,Wrist/Hand,moderate,20,70,3,4,13.7,1,0,5,3,1,1,moderate,0,10
Kabaddi,Chest/Back,mild,21,61,2,2,21.5,0,0,2,4,0,0,mild,0,2
Wrestling,Knee,moderate,22,54,3,4,24.0,0,0,4,6,1,1,moderate,0,14
Athletics,Shoulder,severe,20,59,9,1,14.3,0,1,3,1,2,2,severe,1,79
Cricket,Ankle/Foot,moderate,24,61,4,1,21.2,1,0,0,7,1,1,moderate,0,10
Football,Thigh/Hamstring,mild,14,58,6,5,20.3,0,0,1,5,0,0,mild,0,4
Athletics,Thigh/Hamstring,mild,16,67,4,2,15.5,0,0,3,5,0,0,mild,0,3
Athletics,Thigh/Hamstring,moderate,17,54,9,3,14.0,0,0,3,5,1,2,severe,0,33
Cricket,Elbow/Forearm,moderate,23,62,6,6,23.0,0,0,0,2,1,1,moderate,0,7
Athletics,Chest/Back,mild,19,83,3,4,16.4,1,1,3,4,0,1,moderate,0,9
Cricket,Thigh/Hamstring,moderate,22,94,5,5,15.0,0,1,0,5,1,1,moderate,0,14
Football,Head/Neck,moderate,14,82,5,3,17.9,0,1,1,0,1,2,severe,1,15
Cricket,Ankle/Foot,severe,22,77,10,5,15.1,0,0,0,7,2,2,severe,1,35
Kabaddi,Elbow/Forearm,mild,19,83,5,3,13.0,0,1,2,2,0,0,mild,1,2
Football,Ankle/Foot,mild,14,66,6,1,16.9,1,0,1,7,0,0,mild,1,2
Badminton,Knee,mild,16,102,5,5,8.9,0,0,5,6,0,0,mild,0,7
Kabaddi,Shoulder,mild,21,59,7,5,9.8,1,0,2,1,0,0,mild,0,4
Kabaddi,Chest/Back,mild,21,63,5,5,15.7,0,0,2,4,0,0,mild,0,5
Athletics,Thigh/Hamstring,mild,28,76,7,3,11.5,1,0,3,5,0,0,mild,0,4
Wrestling,Knee,mild,22,60,6,2,8.1,1,1,4,6,0,1,moderate,0,14
Wrestling,Ankle/Foot,mild,16,45,6,3,18.1,1,1,4,7,0,0,mild,1,5
Badminton,Knee,moderate,17,58,4,2,15.2,0,0,5,6,1,1,moderate,1,23
Cricket,Ankle/Foot,mild,23,78,3,4,14.5,1,0,0,7,0,0,mild,0,1
Kabaddi,Shoulder,mild,23,50,5,3,20.0,0,1,2,1,0,0,mild,0,4
Cricket,Thigh/Hamstring,mild,25,75,5,4,15.1,0,0,0,5,0,0,mild,0,4
Cricket,Ankle/Foot,severe,17,64,1,4,25.6,0,0,0,7,2,2,severe,1,22
Wrestling,Shoulder,mild,17,64,4,1,18.5,1,1,4,1,0,0,mild,0,4
Badminton,Knee,moderate,21,84,4,3,21.9,1,1,5,6,1,1,moderate,1,27
Cricket,Thigh/Hamstring,severe,22,45,2,2,17.2,0,0,0,5,2,2,severe,0,29
Wrestling,Wrist/Hand,mild,28,53,6,1,5.0,0,1,4,3,0,0,mild,0,3
Wrestling,Elbow/Forearm,severe,23,52,1,2,23.9,0,0,4,2,2,2,severe,1,37
Football,Head/Neck,moderate,14,67,4,5,23.6,0,0,1,0,1,2,severe,1,25
Kabaddi,Wrist/Hand,moderate,17,91,7,4,21.7,0,0,2,3,1,1,moderate,0,11
Athletics,Head/Neck,mild,21,74,5,5,16.1,0,1,3,0,0,0,mild,0,2
Wrestling,Thigh/Hamstring,mild,17,59,8,3,15.0,1,0,4,5,0,1,moderate,0,13
Kabaddi,Chest/Back,mild,19,65,8,0,13.7,0,1,2,4,0,1,moderate,0,11
Athletics,Wrist/Hand,severe,14,52,2,5,14.8,1,1,3,3,2,2,severe,1,29
Kabaddi,Thigh/Hamstring,mild,24,45,6,4,13.5,0,0,2,5,0,0,mild,0,4
Kabaddi,Knee,moderate,14,70,5,4,12.6,0,0,2,6,1,1,moderate,1,21
Badminton,Thigh/Hamstring,severe,20,73,5,1,14.7,0,1,5,5,2,2,severe,1,40
Athletics,Thigh/Hamstring,moderate,17,60,6,6,11.7,1,1,3,5,1,1,moderate,0,11
Football,Chest/Back,mild,23,67,2,5,16.3,0,0,1,4,0,0,mild,0,2
Athletics,Ankle/Foot,moderate,22,73,5,5,14.7,0,0,3,7,1,1,moderate,1,5
Athletics,Ankle/Foot,mild,27,80,3,2,17.9,0,0,3,7,0,0,mild,0,1
Badminton,Ankle/Foot,moderate,17,72,6,4,11.9,0,0,5,7,1,1,moderate,0,5
Football,Ankle/Foot,moderate,15,52,1,5,17.9,0,0,1,7,1,1,moderate,0,14
Wrestling,Shoulder,severe,20,45,5,5,21.6,0,0,4,1,2,2,severe,1,84
Athletics,Knee,moderate,20,63,9,2,10.9,0,1,3,6,1,1,moderate,0,14
Athletics,Ankle/Foot,mild,20,68,3,6,11.1,1,0,3,7,0,0,mild,1,5
Athletics,Thigh/Hamstring,mild,17,90,1,4,17.5,1,1,3,5,0,0,mild,0,5
Badminton,Shoulder,severe,24,68,3,1,9.1,0,0,5,1,2,2,severe,1,37
Wrestling,Elbow/Forearm,mild,23,72,3,3,19.2,0,1,4,2,0,0,mild,0,5
Kabaddi,Chest/Back,mild,17,45,5,3,20.1,0,1,2,4,0,0,mild,0,5
Athletics,Elbow/Forearm,mild,19,70,2,2,10.1,0,1,3,2,0,0,mild,0,2
Athletics,Thigh/Hamstring,mild,21,61,4,3,9.4,1,1,3,5,0,0,mild,0,4
Wrestling,Head/Neck,mild,17,62,3,4,14.2,1,1,4,0,0,0,mild,1,2
Badminton,Elbow/Forearm,moderate,21,60,4,1,13.8,0,0,5,2,1,1,moderate,0,6
Badminton,Ankle/Foot,moderate,23,54,3,2,16.6,1,0,5,7,1,1,moderate,0,5
Football,Knee,mild,22,74,3,5,14.2,0,0,1,6,0,0,mild,0,3
Football,Elbow/Forearm,mild,17,84,6,5,20.8,0,1,1,2,0,0,mild,0,4
Athletics,Ankle/Foot,severe,14,81,5,4,13.0,0,1,3,7,2,2,severe,1,25
Wrestling,Wrist/Hand,moderate,17,71,7,7,18.6,0,0,4,3,1,1,moderate,0,5
Cricket,Thigh/Hamstring,moderate,21,65,1,1,27.0,0,0,0,5,1,1,moderate,0,13
Cricket,Shoulder,severe,15,79,3,5,12.9,0,0,0,1,2,2,severe,1,67
Cricket,Elbow/Forearm,mild,22,79,3,5,19.7,1,1,0,2,0,0,mild,0,3
Kabaddi,Ankle/Foot,mild,17,68,4,1,11.5,1,0,2,7,0,0,mild,0,3
Football,Ankle/Foot,mild,15,74,5,4,24.2,1,0,1,7,0,1,moderate,1,5
Wrestling,Thigh/Hamstring,moderate,20,56,4,2,18.9,0,0,4,5,1,1,moderate,1,11
Athletics,Ankle/Foot,moderate,14,65,1,4,17.3,0,1,3,7,1,1,moderate,1,10
Kabaddi,Ankle/Foot,severe,14,82,3,4,15.6,0,0,2,7,2,2,severe,1,27
Football,Wrist/Hand,mild,20,71,4,3,24.7,1,1,1,3,0,0,mild,0,3
Athletics,Thigh/Hamstring,severe,25,70,8,3,14.4,0,0,3,5,2,2,severe,1,22
Athletics,Thigh/Hamstring,moderate,22,75,5,4,12.7,0,0,3,5,1,1,moderate,0,7
Athletics,Knee,mild,16,69,4,2,17.4,0,0,3,6,0,0,mild,0,5
Football,Chest/Back,moderate,15,63,1,3,12.6,1,0,1,4,1,1,moderate,0,10
Football,Wrist/Hand,mild,22,80,2,1,12.0,0,0,1,3,0,0,mild,0,3
Cricket,Shoulder,mild,24,56,8,4,24.6,0,0,0,1,0,0,mild,1,5
Athletics,Ankle/Foot,moderate,16,78,3,4,17.2,0,1,3,7,1,1,moderate,1,11
Wrestling,Head/Neck,severe,15,70,8,4,18.3,0,0,4,0,2,2,severe,1,44
Athletics,Knee,mild,24,53,2,5,17.3,1,0,3,6,0,1,moderate,1,24
Cricket,Chest/Back,severe,18,86,6,4,10.4,0,0,0,4,2,2,severe,1,74
Wrestling,Knee,mild,19,78,4,2,14.2,0,0,4,6,0,0,mild,0,6
Cricket,Chest/Back,mild,20,59,4,3,22.4,0,0,0,4,0,0,mild,0,4
Football,Thigh/Hamstring,moderate,21,71,4,2,17.9,1,0,1,5,1,1,moderate,0,5
Football,Knee,severe,27,71,5,6,12.9,0,0,1,6,2,2,severe,1,66
Badminton,Knee,moderate,16,53,7,3,24.0,1,1,5,6,1,1,moderate,0,13
Kabaddi,Thigh/Hamstring,severe,14,62,1,2,24.1,0,1,2,5,2,2,severe,1,14
Cricket,Elbow/Forearm,severe,22,89,7,4,18.9,0,1,0,2,2,2,severe,0,55
Athletics,Thigh/Hamstring,severe,28,59,4,2,14.4,0,0,3,5,2,2,severe,1,27
Athletics,Wrist/Hand,mild,19,66,3,5,12.1,1,1,3,3,0,2,severe,1,13
Football,Thigh/Hamstring,severe,24,83,5,3,20.5,0,0,1,5,2,2,severe,1,35
Cricket,Knee,severe,20,76,2,3,10.3,0,0,0,6,2,2,severe,1,114
Cricket,Thigh/Hamstring,moderate,15,78,2,4,23.2,1,0,0,5,1,2,severe,1,14
Athletics,Wrist/Hand,mild,18,45,6,4,21.0,0,1,3,3,0,0,mild,0,2
Kabaddi,Thigh/Hamstring,moderate,26,72,8,4,15.4,0,0,2,5,1,2,severe,0,6
Badminton,Knee,moderate,18,58,2,2,9.0,0,1,5,6,1,1,moderate,1,22
Football,Elbow/Forearm,severe,19,57,2,4,12.0,0,1,1,2,2,2,severe,1,23
Cricket,Head/Neck,mild,14,58,10,3,23.9,0,0,0,0,0,0,mild,0,2
Athletics,Thigh/Hamstring,moderate,17,85,6,4,23.7,0,0,3,5,1,1,moderate,0,11
Athletics,Thigh/Hamstring,moderate,19,73,3,0,12.5,1,0,3,5,1,1,moderate,0,5
Badminton,Ankle/Foot,mild,24,77,4,1,9.4,0,0,5,7,0,0,mild,0,2
Wrestling,Chest/Back,moderate,27,71,8,6,13.5,1,0,4,4,1,1,moderate,1,7
Athletics,Knee,mild,29,48,7,5,9.2,0,0,3,6,0,0,mild,0,7
Kabaddi,Thigh/Hamstring,moderate,18,86,5,4,12.9,1,1,2,5,1,1,moderate,0,11
Athletics,Thigh/Hamstring,mild,19,82,5,4,17.1,0,1,3,5,0,0,mild,1,2
Athletics,Head/Neck,mild,22,83,2,5,22.5,1,0,3,0,0,0,mild,0,2
Badminton,Head/Neck,severe,14,74,4,3,11.3,1,1,5,0,2,2,severe,1,39
Cricket,Shoulder,mild,25,66,4,3,20.7,1,0,0,1,0,0,mild,0,3
Cricket,Elbow/Forearm,mild,21,88,4,4,12.3,0,1,0,2,0,0,mild,0,3
Cricket,Shoulder,severe,14,65,9,2,27.0,0,0,0,1,2,2,severe,1,81
Cricket,Wrist/Hand,mild,14,76,4,5,20.0,0,0,0,3,0,0,mild,0,2
Cricket,Head/Neck,mild,22,73,4,4,18.7,0,1,0,0,0,0,mild,1,3
Wrestling,Shoulder,moderate,17,72,5,3,22.0,0,0,4,1,1,1,moderate,0,10
Athletics,Knee,mild,23,56,8,0,17.7,0,0,3,6,0,1,moderate,0,13
Badminton,Knee,mild,16,59,3,4,12.7,0,1,5,6,0,0,mild,1,4
Badminton,Knee,severe,19,83,7,5,17.8,0,1,5,6,2,2,severe,1,40
Cricket,Shoulder,moderate,15,92,2,0,19.2,1,0,0,1,1,1,moderate,1,9
Cricket,Shoulder,moderate,21,74,4,2,8.7,0,0,0,1,1,1,moderate,0,16
Football,Knee,moderate,19,68,3,5,9.8,1,0,1,6,1,1,moderate,1,16
Athletics,Ankle/Foot,moderate,30,68,7,2,10.2,1,0,3,7,1,1,moderate,0,9
Athletics,Chest/Back,moderate,20,63,8,5,27.6,0,0,3,4,1,2,severe,1,53
Athletics,Knee,mild,24,45,1,1,24.5,0,0,3,6,0,0,mild,0,3
Kabaddi,Thigh/Hamstring,moderate,22,68,3,0,15.2,0,0,2,5,1,1,moderate,1,5
Cricket,Knee,moderate,24,87,1,4,17.2,0,0,0,6,1,1,moderate,0,19
Cricket,Shoulder,mild,20,104,5,3,19.1,1,0,0,1,0,1,moderate,1,15
Football,Elbow/Forearm,moderate,23,77,1,3,12.4,0,1,1,2,1,1,moderate,1,5
Football,Head/Neck,moderate,20,89,4,3,19.2,0,1,1,0,1,2,severe,1,34
Cricket,Shoulder,severe,21,52,4,2,10.8,0,0,0,1,2,2,severe,0,58
Football,Knee,moderate,23,64,2,4,16.5,1,0,1,6,1,1,moderate,0,16
Wrestling,Knee,mild,21,57,7,3,16.0,0,0,4,6,0,0,mild,0,5
Badminton,Ankle/Foot,mild,23,85,1,6,5.0,0,0,5,7,0,0,mild,0,2
Kabaddi,Thigh/Hamstring,moderate,15,95,4,4,15.2,1,1,2,5,1,1,moderate,1,14
Badminton,Thigh/Hamstring,moderate,25,59,4,6,9.3,0,1,5,5,1,2,severe,1,15
Kabaddi,Thigh/Hamstring,mild,22,73,6,5,14.9,1,0,2,5,0,0,mild,0,5
Cricket,Knee,severe,25,75,3,1,7.3,0,1,0,6,2,2,severe,1,59
Cricket,Ankle/Foot,severe,16,99,1,5,10.9,1,1,0,7,2,2,severe,1,19
Cricket,Thigh/Hamstring,severe,14,56,2,7,15.7,0,0,0,5,2,2,severe,1,15
Athletics,Thigh/Hamstring,moderate,20,68,5,4,15.4,0,1,3,5,1,1,moderate,0,6
Cricket,Elbow/Forearm,moderate,14,70,5,2,9.0,0,1,0,2,1,1,moderate,0,11
Kabaddi,Thigh/Hamstring,moderate,15,63,6,3,10.3,1,0,2,5,1,1,moderate,0,5
Cricket,Ankle/Foot,moderate,30,74,2,4,16.7,0,0,0,7,1,1,moderate,1,12
Kabaddi,Shoulder,moderate,20,60,3,3,14.7,1,0,2,1,1,1,moderate,0,11
Athletics,Ankle/Foot,mild,18,48,7,4,20.1,0,0,3,7,0,0,mild,0,2
Athletics,Ankle/Foot,severe,28,77,8,5,22.7,0,1,3,7,2,1,moderate,1,40
Football,Thigh/Hamstring,mild,22,72,1,5,18.1,0,0,1,5,0,0,mild,0,3
Kabaddi,Shoulder,severe,25,55,7,3,15.7,0,0,2,1,2,2,severe,1,40
Kabaddi,Elbow/Forearm,severe,27,72,6,2,14.3,0,0,2,2,2,2,severe,0,28
Athletics,Ankle/Foot,severe,15,78,4,1,5.0,1,1,3,7,2,2,severe,1,14
Athletics,Thigh/Hamstring,moderate,19,45,6,5,21.5,1,0,3,5,1,1,moderate,0,11
Athletics,Ankle/Foot,mild,22,71,7,4,15.1,0,0,3,7,0,0,mild,0,1
Football,Shoulder,mild,22,71,5,2,9.6,0,1,1,1,0,0,mild,0,5
Badminton,Knee,mild,19,54,3,2,18.3,0,1,5,6,0,1,moderate,0,5
Badminton,Head/Neck,mild,19,73,5,2,9.8,1,0,5,0,0,0,mild,1,3
Football,Knee,mild,24,55,8,2,13.3,1,0,1,6,0,1,moderate,0,22
Athletics,Thigh/Hamstring,mild,14,58,5,5,22.4,0,0,3,5,0,0,mild,0,4
Cricket,Knee,mild,16,49,4,5,14.7,0,1,0,6,0,0,mild,0,3
Wrestling,Knee,mild,28,68,7,4,12.4,0,1,4,6,0,0,mild,0,7
Wrestling,Head/Neck,mild,14,61,5,4,15.8,0,1,4,0,0,0,mild,0,1
Football,Thigh/Hamstring,moderate,14,56,1,4,12.9,1,1,1,5,1,1,moderate,1,7
Kabaddi,Wrist/Hand,mild,24,57,9,6,18.7,1,1,2,3,0,2,severe,1,52
Kabaddi,Thigh/Hamstring,moderate,14,67,5,6,23.9,1,0,2,5,1,1,moderate,0,11
Football,Ankle/Foot,severe,18,93,2,3,22.0,0,1,1,7,2,2,severe,1,39
Football,Ankle/Foot,mild,17,51,7,5,18.6,0,0,1,7,0,0,mild,0,1
Kabaddi,Chest/Back,mild,21,61,7,2,18.7,0,0,2,4,0,0,mild,1,5
Kabaddi,Thigh/Hamstring,mild,19,68,6,4,5.0,0,1,2,5,0,0,mild,0,4
Cricket,Ankle/Foot,moderate,21,68,6,5,21.9,0,0,0,7,1,1,moderate,0,6
Kabaddi,Thigh/Hamstring,severe,14,76,4,4,19.3,0,1,2,5,2,2,severe,1,37
Football,Ankle/Foot,severe,22,86,8,7,19.8,0,0,1,7,2,2,severe,1,24
Cricket,Shoulder,mild,27,72,4,1,12.2,0,0,0,1,0,0,mild,0,4
Football,Knee,mild,30,55,6,2,23.8,0,1,1,6,0,0,mild,0,3
Football,Wrist/Hand,severe,16,45,8,3,13.5,1,0,1,3,2,2,severe,1,55
Badminton,Head/Neck,severe,18,63,3,3,24.4,0,0,5,0,2,2,severe,0,38
Wrestling,Knee,moderate,14,76,3,5,19.2,0,0,4,6,1,1,moderate,1,18
Badminton,Knee,mild,22,68,5,4,24.7,0,0,5,6,0,0,mild,0,6
Kabaddi,Head/Neck,moderate,17,52,7,7,18.6,1,0,2,0,1,2,severe,1,48
Football,Head/Neck,moderate,18,51,6,2,17.2,1,0,1,0,1,2,severe,1,26
Football,Thigh/Hamstring,moderate,28,85,3,3,16.3,0,1,1,5,1,1,moderate,1,12
Cricket,Elbow/Forearm,severe,25,53,2,4,6.9,0,1,0,2,2,2,severe,1,57
Athletics,Chest/Back,moderate,15,60,3,4,20.3,0,1,3,4,1,1,moderate,0,21
Cricket,Knee,moderate,16,48,8,3,21.9,0,0,0,6,1,1,moderate,1,17
Badminton,Ankle/Foot,mild,15,64,4,3,14.0,0,0,5,7,0,0,mild,0,1
Football,Shoulder,mild,20,76,6,4,17.8,0,0,1,1,0,0,mild,0,3
Football,Ankle/Foot,moderate,20,53,3,4,18.7,0,1,1,7,1,1,moderate,1,11
Athletics,Thigh/Hamstring,moderate,14,45,4,4,14.3,0,0,3,5,1,1,moderate,1,12
Kabaddi,Shoulder,moderate,22,80,1,6,14.5,0,0,2,1,1,2,severe,1,53
Wrestling,Shoulder,mild,25,49,4,5,21.0,0,0,4,1,0,0,mild,0,4
Kabaddi,Shoulder,mild,14,67,5,6,22.6,1,0,2,1,0,0,mild,0,5
Badminton,Knee,severe,16,69,5,1,15.7,0,1,5,6,2,1,moderate,1,99
Kabaddi,Thigh/Hamstring,moderate,14,70,1,3,11.8,0,0,2,5,1,1,moderate,0,13
Football,Thigh/Hamstring,moderate,23,80,1,3,11.5,0,1,1,5,1,1,moderate,0,6
Football,Shoulder,mild,21,83,4,6,5.6,1,0,1,1,0,0,mild,1,4
Cricket,Elbow/Forearm,mild,20,66,8,7,15.8,0,0,0,2,0,0,mild,0,4
Kabaddi,Knee,moderate,27,74,2,7,23.8,0,0,2,6,1,2,severe,1,54
Athletics,Thigh/Hamstring,moderate,19,68,7,2,17.8,0,0,3,5,1,1,moderate,0,7
Football,Ankle/Foot,mild,18,78,9,1,15.4,1,0,1,7,0,0,mild,0,1
Football,Thigh/Hamstring,moderate,14,63,5,4,22.7,1,0,1,5,1,1,moderate,0,6
Cricket,Chest/Back,moderate,33,85,4,4,18.8,0,0,0,4,1,1,moderate,1,12
Football,Head/Neck,moderate,14,60,2,6,22.5,0,0,1,0,1,2,severe,1,58
Football,Thigh/Hamstring,mild,22,86,4,1,18.6,1,1,1,5,0,0,mild,0,5
Cricket,Shoulder,mild,14,82,7,3,21.7,0,0,0,1,0,0,mild,0,5
Athletics,Ankle/Foot,mild,18,56,6,4,5.0,0,0,3,7,0,0,mild,0,2
Badminton,Ankle/Foot,mild,21,98,1,3,15.4,0,1,5,7,0,0,mild,1,5
Athletics,Knee,mild,17,85,6,2,20.1,0,0,3,6,0,0,mild,0,4
Kabaddi,Chest/Back,moderate,21,65,3,2,11.0,1,1,2,4,1,1,moderate,0,14
Badminton,Ankle/Foot,moderate,14,53,5,4,15.8,1,0,5,7,1,1,moderate,0,9
Wrestling,Shoulder,moderate,15,56,1,4,19.0,0,0,4,1,1,1,moderate,0,11
Badminton,Wrist/Hand,mild,19,45,7,4,25.5,1,1,5,3,0,0,mild,0,1
Cricket,Chest/Back,mild,20,47,2,6,28.5,0,0,0,4,0,0,mild,0,2
Cricket,Knee,severe,23,59,7,2,12.9,0,1,0,6,2,2,severe,1,113
Football,Knee,mild,15,45,3,3,15.9,1,0,1,6,0,1,moderate,0,12
Kabaddi,Ankle/Foot,mild,18,51,10,7,8.0,1,1,2,7,0,2,severe,1,21
Cricket,Knee,moderate,25,62,9,7,17.4,0,1,0,6,1,2,severe,1,81
Wrestling,Elbow/Forearm,moderate,15,68,1,6,14.2,0,0,4,2,1,1,moderate,0,10
Badminton,Knee,severe,14,63,8,5,14.9,0,1,5,6,2,2,severe,1,101
Football,Ankle/Foot,mild,18,55,4,3,20.3,0,1,1,7,0,0,mild,0,2
Kabaddi,Ankle/Foot,mild,21,68,6,3,16.2,0,0,2,7,0,0,mild,0,5
Badminton,Shoulder,mild,16,45,4,4,7.7,0,0,5,1,0,0,mild,0,4
Badminton,Ankle/Foot,mild,18,76,7,1,11.6,1,0,5,7,0,0,mild,0,1
Football,Chest/Back,severe,14,82,2,1,19.6,1,1,1,4,2,2,severe,1,65
Football,Thigh/Hamstring,mild,18,51,6,2,24.9,0,0,1,5,0,0,mild,0,3
Badminton,Elbow/Forearm,mild,21,83,6,4,16.2,1,0,5,2,0,1,moderate,0,9
Kabaddi,Shoulder,moderate,20,66,4,4,15.9,0,0,2,1,1,1,moderate,1,14
Badminton,Shoulder,mild,25,68,3,6,21.6,0,0,5,1,0,0,mild,0,5
Wrestling,Shoulder,mild,19,63,6,5,8.2,0,1,4,1,0,0,mild,0,4
Athletics,Thigh/Hamstring,moderate,14,71,1,4,23.4,0,0,3,5,1,1,moderate,0,8
Wrestling,Thigh/Hamstring,moderate,22,59,3,2,24.7,1,1,4,5,1,1,moderate,1,8
Football,Ankle/Foot,mild,19,79,8,6,14.1,0,1,1,7,0,0,mild,0,2
Cricket,Chest/Back,moderate,23,75,3,3,16.7,0,0,0,4,1,1,moderate,0,21
Kabaddi,Ankle/Foot,mild,20,79,2,2,19.5,1,0,2,7,0,0,mild,0,5
Athletics,Thigh/Hamstring,mild,18,69,10,3,14.8,1,0,3,5,0,0,mild,0,3
Wrestling,Knee,mild,20,65,7,5,19.9,0,1,4,6,0,0,mild,0,4
Kabaddi,Shoulder,moderate,18,56,7,3,21.2,0,0,2,1,1,2,severe,0,20
Cricket,Knee,severe,20,81,3,5,9.4,1,1,0,6,2,2,severe,1,31
Badminton,Shoulder,mild,25,79,8,4,24.0,0,1,5,1,0,0,mild,0,2
Cricket,Shoulder,severe,18,51,1,0,28.3,0,0,0,1,2,2,severe,1,36
Badminton,Chest/Back,mild,32,58,4,5,19.9,0,1,5,4,0,0,mild,1,4
Wrestling,Head/Neck,mild,17,69,7,6,12.8,0,0,4,0,0,0,mild,0,1
Badminton,Elbow/Forearm,severe,20,76,8,2,5.0,0,0,5,2,2,2,severe,1,51
Kabaddi,Shoulder,mild,21,71,5,4,20.7,1,1,2,1,0,0,mild,0,3
Badminton,Ankle/Foot,severe,19,62,5,5,21.0,0,0,5,7,2,2,severe,1,37
Kabaddi,Ankle/Foot,mild,25,82,8,5,17.1,0,0,2,7,0,0,mild,0,4
Cricket,Shoulder,mild,23,53,1,3,18.2,0,0,0,1,0,0,mild,0,4
Kabaddi,Ankle/Foot,severe,21,83,5,1,13.4,0,0,2,7,2,2,severe,1,23
Badminton,Ankle/Foot,severe,17,61,3,3,13.1,1,0,5,7,2,2,severe,0,34
Wrestling,Head/Neck,severe,21,72,5,3,13.2,1,0,4,0,2,2,severe,1,55
Athletics,Knee,mild,14,67,1,2,13.3,0,0,3,6,0,0,mild,0,6
Badminton,Thigh/Hamstring,mild,18,71,2,4,13.3,0,0,5,5,0,0,mild,0,4
Wrestling,Shoulder,mild,19,67,5,2,20.2,0,1,4,1,0,0,mild,0,4
Cricket,Ankle/Foot,severe,14,90,10,7,32.1,0,1,0,7,2,2,severe,1,38
Kabaddi,Elbow/Forearm,mild,22,48,5,4,23.3,0,1,2,2,0,0,mild,0,3
Athletics,Chest/Back,severe,19,55,1,2,11.3,0,1,3,4,2,2,severe,1,64
Cricket,Shoulder,mild,14,82,7,5,22.2,1,0,0,1,0,0,mild,0,2
Football,Chest/Back,moderate,20,64,5,1,19.6,0,0,1,4,1,1,moderate,0,20
Kabaddi,Knee,mild,25,61,8,3,8.0,1,1,2,6,0,1,moderate,1,28
Cricket,Elbow/Forearm,mild,14,64,6,0,5.0,0,0,0,2,0,0,mild,0,5
Cricket,Elbow/Forearm,mild,14,67,8,5,17.3,0,1,0,2,0,0,mild,0,5
Football,Knee,moderate,20,69,4,5,23.1,0,0,1,6,1,1,moderate,1,24
Badminton,Thigh/Hamstring,severe,20,77,4,4,12.8,0,0,5,5,2,2,severe,1,34
Athletics,Thigh/Hamstring,mild,23,83,3,2,26.0,0,0,3,5,0,0,mild,0,3
Badminton,Ankle/Foot,severe,18,60,1,2,32.0,0,1,5,7,2,2,severe,1,23
Wrestling,Head/Neck,mild,16,45,5,3,14.5,1,0,4,0,0,0,mild,0,1
Cricket,Thigh/Hamstring,moderate,22,73,6,1,11.6,1,0,0,5,1,1,moderate,0,9
Badminton,Wrist/Hand,mild,23,63,8,5,22.8,0,0,5,3,0,0,mild,0,2
Athletics,Knee,mild,23,56,3,4,15.7,1,1,3,6,0,0,mild,1,6
Athletics,Ankle/Foot,moderate,25,78,6,4,13.6,0,0,3,7,1,1,moderate,0,5
Football,Chest/Back,moderate,16,66,1,3,20.4,1,0,1,4,1,1,moderate,0,12
Cricket,Thigh/Hamstring,severe,17,63,4,3,8.0,0,1,0,5,2,2,severe,1,26
Kabaddi,Thigh/Hamstring,moderate,21,79,1,4,21.6,0,1,2,5,1,0,mild,0,5
Kabaddi,Knee,mild,19,51,3,4,15.6,1,1,2,6,0,1,moderate,1,11
Football,Ankle/Foot,mild,22,63,1,3,16.5,0,1,1,7,0,0,mild,0,2
Cricket,Chest/Back,mild,14,63,2,5,14.6,1,0,0,4,0,0,mild,0,3
Wrestling,Chest/Back,mild,16,54,6,5,17.4,1,0,4,4,0,0,mild,0,3
Badminton,Shoulder,mild,21,51,4,3,18.0,1,1,5,1,0,0,mild,0,5
Badminton,Knee,mild,22,59,6,3,20.2,0,1,5,6,0,0,mild,0,4
Wrestling,Knee,severe,19,65,4,5,18.6,0,0,4,6,2,2,severe,1,76
Wrestling,Shoulder,moderate,19,77,6,5,14.8,0,1,4,1,1,1,moderate,1,15
Kabaddi,Thigh/Hamstring,moderate,21,63,2,6,11.7,0,1,2,5,1,2,severe,1,17
Badminton,Elbow/Forearm,mild,30,79,4,6,17.4,1,1,5,2,0,1,moderate,0,5
Wrestling,Elbow/Forearm,moderate,20,65,1,4,11.5,1,1,4,2,1,1,moderate,1,13
Kabaddi,Thigh/Hamstring,mild,22,81,3,2,11.8,0,0,2,5,0,0,mild,1,2
Badminton,Wrist/Hand,moderate,26,105,9,2,16.3,0,1,5,3,1,1,moderate,1,6
Wrestling,Elbow/Forearm,severe,14,73,8,3,12.8,1,0,4,2,2,2,severe,1,51
Cricket,Ankle/Foot,severe,17,62,3,5,23.8,0,0,0,7,2,2,severe,1,21
Kabaddi,Elbow/Forearm,moderate,16,75,3,4,9.6,0,0,2,2,1,1,moderate,1,6
Athletics,Chest/Back,severe,22,63,7,4,9.6,0,0,3,4,2,2,severe,1,82
Football,Wrist/Hand,mild,15,61,6,6,14.1,0,1,1,3,0,0,mild,1,2
Badminton,Knee,mild,23,68,4,1,11.0,0,0,5,6,0,0,mild,1,7
Badminton,Thigh/Hamstring,mild,21,77,5,1,17.1,1,1,5,5,0,0,mild,0,5
Wrestling,Shoulder,severe,22,84,5,3,22.8,0,0,4,1,2,2,severe,1,69
Football,Shoulder,mild,16,61,3,2,11.0,0,1,1,1,0,1,moderate,0,3
Cricket,Chest/Back,moderate,21,67,7,3,14.5,1,0,0,4,1,1,moderate,0,20
Wrestling,Shoulder,mild,18,59,4,4,15.0,0,0,4,1,0,0,mild,0,4
Wrestling,Head/Neck,mild,18,67,3,2,20.2,0,1,4,0,0,0,mild,0,2
Football,Head/Neck,moderate,17,67,1,4,18.4,1,0,1,0,1,2,severe,1,27
Athletics,Thigh/Hamstring,moderate,14,86,6,5,11.7,0,0,3,5,1,1,moderate,0,10
Kabaddi,Chest/Back,mild,21,77,2,5,15.7,1,0,2,4,0,0,mild,0,5
Badminton,Thigh/Hamstring,mild,21,57,3,4,15.0,0,1,5,5,0,1,moderate,1,5
Badminton,Shoulder,moderate,19,50,6,4,20.5,0,0,5,1,1,1,moderate,0,13
Cricket,Shoulder,moderate,15,76,1,4,17.3,1,0,0,1,1,1,moderate,0,19
Football,Shoulder,severe,19,74,6,7,12.6,1,0,1,1,2,2,severe,1,68
Football,Head/Neck,severe,24,73,5,6,12.8,1,0,1,0,2,2,severe,1,36
Wrestling,Chest/Back,moderate,24,51,5,2,16.8,1,0,4,4,1,1,moderate,1,17
Cricket,Thigh/Hamstring,mild,21,70,1,3,13.8,1,0,0,5,0,0,mild,0,3
Athletics,Ankle/Foot,mild,15,74,4,3,17.1,0,0,3,7,0,0,mild,0,5
Badminton,Knee,severe,25,75,4,3,28.2,0,0,5,6,2,2,severe,1,73
Cricket,Shoulder,mild,19,86,5,7,18.0,0,0,0,1,0,0,mild,0,3
Football,Knee,moderate,22,69,5,5,26.5,0,1,1,6,1,1,moderate,1,16
Cricket,Shoulder,moderate,27,77,7,5,17.3,0,1,0,1,1,1,moderate,0,10
Cricket,Knee,mild,26,83,4,3,15.5,0,1,0,6,0,0,mild,0,5
Athletics,Thigh/Hamstring,moderate,18,73,2,4,11.8,0,0,3,5,1,1,moderate,0,13
Kabaddi,Shoulder,mild,24,72,7,3,15.4,0,0,2,1,0,0,mild,0,4
Athletics,Knee,severe,15,81,10,1,11.4,0,0,3,6,2,1,moderate,1,80
Badminton,Shoulder,mild,14,95,7,3,11.2,0,0,5,1,0,0,mild,0,2
Kabaddi,Ankle/Foot,mild,22,77,2,6,15.9,0,0,2,7,0,0,mild,0,4
Athletics,Shoulder,mild,20,45,6,2,8.7,1,0,3,1,0,0,mild,0,4
Wrestling,Chest/Back,mild,25,84,6,2,12.3,1,1,4,4,0,0,mild,0,2
Wrestling,Wrist/Hand,mild,26,69,1,3,16.8,1,1,4,3,0,0,mild,0,3
Badminton,Shoulder,mild,21,67,6,3,14.1,0,1,5,1,0,0,mild,0,3
Cricket,Chest/Back,moderate,14,56,3,4,7.3,1,1,0,4,1,1,moderate,1,12
Cricket,Knee,moderate,14,68,5,4,16.2,0,0,0,6,1,1,moderate,0,11
Cricket,Elbow/Forearm,severe,15,86,1,3,20.6,0,0,0,2,2,2,severe,1,53
Badminton,Chest/Back,moderate,17,102,5,1,16.9,0,1,5,4,1,1,moderate,1,19
Badminton,Ankle/Foot,moderate,18,78,5,6,7.6,0,0,5,7,1,2,severe,1,42
Athletics,Thigh/Hamstring,mild,30,69,3,3,13.1,0,0,3,5,0,0,mild,0,4
Badminton,Thigh/Hamstring,mild,14,72,5,3,17.0,0,0,5,5,0,0,mild,0,3
Athletics,Thigh/Hamstring,moderate,24,72,3,2,20.3,1,1,3,5,1,1,moderate,0,7
Wrestling,Chest/Back,moderate,20,68,9,1,13.6,1,0,4,4,1,2,severe,1,67
Wrestling,Elbow/Forearm,moderate,18,70,1,3,24.5,0,0,4,2,1,1,moderate,1,11
Athletics,Thigh/Hamstring,moderate,23,60,6,2,17.8,0,1,3,5,1,1,moderate,0,12
Wrestling,Wrist/Hand,mild,14,70,8,3,11.8,0,0,4,3,0,1,moderate,1,6
Wrestling,Shoulder,moderate,27,75,7,2,16.1,0,1,4,1,1,1,moderate,0,21
Football,Wrist/Hand,mild,24,72,4,4,12.6,1,0,1,3,0,1,moderate,0,9
Football,Knee,moderate,14,68,7,1,24.8,1,0,1,6,1,1,moderate,1,17
Athletics,Thigh/Hamstring,mild,16,54,8,4,21.4,1,0,3,5,0,0,mild,0,5
Cricket,Shoulder,moderate,18,46,3,3,14.6,0,1,0,1,1,1,moderate,0,20
Cricket,Elbow/Forearm,moderate,19,69,8,4,15.8,0,0,0,2,1,1,moderate,0,9
Badminton,Head/Neck,moderate,20,52,9,2,21.5,0,0,5,0,1,2,severe,1,28
Cricket,Elbow/Forearm,mild,18,50,6,4,20.7,1,1,0,2,0,1,moderate,0,12
Badminton,Elbow/Forearm,moderate,14,74,7,2,10.3,0,0,5,2,1,1,moderate,0,12
Badminton,Shoulder,moderate,24,57,1,4,16.6,0,0,5,1,1,0,mild,0,15
Cricket,Shoulder,mild,27,75,5,4,17.0,0,0,0,1,0,0,mild,0,4
Wrestling,Wrist/Hand,mild,18,61,2,5,20.5,0,1,4,3,0,0,mild,0,3
Kabaddi,Head/Neck,mild,21,56,3,2,11.1,1,0,2,0,0,1,moderate,1,8
Badminton,Shoulder,moderate,16,75,9,3,23.8,0,0,5,1,1,1,moderate,0,10
Badminton,Shoulder,mild,17,57,1,5,22.3,1,1,5,1,0,1,moderate,1,7
Cricket,Elbow/Forearm,moderate,20,95,7,4,10.1,1,1,0,2,1,1,moderate,1,5
Athletics,Thigh/Hamstring,mild,28,54,4,2,18.3,1,1,3,5,0,0,mild,0,4
Badminton,Ankle/Foot,mild,20,60,1,1,14.5,1,1,5,7,0,1,moderate,1,11
Football,Wrist/Hand,severe,24,65,3,6,17.1,0,0,1,3,2,2,severe,1,54
Cricket,Shoulder,mild,14,77,2,2,19.2,0,0,0,1,0,0,mild,0,2
Football,Head/Neck,mild,17,86,4,3,20.4,0,0,1,0,0,0,mild,0,3
Wrestling,Knee,mild,29,70,3,3,9.8,1,0,4,6,0,0,mild,0,3
Cricket,Chest/Back,moderate,18,55,9,2,18.0,1,1,0,4,1,2,severe,1,90
Wrestling,Elbow/Forearm,moderate,20,79,6,2,15.3,1,0,4,2,1,1,moderate,0,6
Football,Knee,mild,15,49,2,2,10.6,0,1,1,6,0,0,mild,0,4
Badminton,Wrist/Hand,mild,17,79,2,7,10.3,1,0,5,3,0,0,mild,0,2
Cricket,Knee,mild,34,65,1,3,16.3,1,1,0,6,0,1,moderate,0,24
Wrestling,Head/Neck,moderate,23,64,5,5,25.3,0,0,4,0,1,2,severe,1,17
Cricket,Elbow/Forearm,severe,22,75,7,7,15.1,1,1,0,2,2,2,severe,1,24
Kabaddi,Elbow/Forearm,severe,20,80,1,5,11.8,0,0,2,2,2,2,severe,1,46
Football,Knee,moderate,22,77,3,3,23.3,0,1,1,6,1,1,moderate,1,12
Athletics,Thigh/Hamstring,mild,27,69,7,2,19.7,0,1,3,5,0,0,mild,0,5
Wrestling,Wrist/Hand,moderate,26,56,4,6,19.5,0,1,4,3,1,2,severe,1,26
Cricket,Shoulder,mild,20,77,7,2,16.3,0,0,0,1,0,0,mild,0,2
Wrestling,Shoulder,moderate,14,84,5,5,13.6,0,1,4,1,1,1,moderate,0,9
Athletics,Ankle/Foot,severe,15,70,3,1,12.5,1,1,3,7,2,2,severe,1,18
Wrestling,Shoulder,moderate,18,83,5,5,17.0,0,1,4,1,1,1,moderate,1,7
Athletics,Shoulder,mild,17,60,4,1,16.4,0,1,3,1,0,0,mild,0,3
Football,Shoulder,mild,25,47,2,2,22.5,1,0,1,1,0,1,moderate,1,8
Athletics,Thigh/Hamstring,mild,27,65,1,3,14.6,0,0,3,5,0,0,mild,0,3
Athletics,Thigh/Hamstring,moderate,24,51,1,5,7.2,1,0,3,5,1,1,moderate,1,9
Kabaddi,Shoulder,moderate,21,85,4,3,18.8,1,0,2,1,1,1,moderate,1,19
Football,Head/Neck,mild,18,73,7,6,20.0,0,1,1,0,0,0,mild,0,1
Wrestling,Ankle/Foot,moderate,19,63,1,2,22.4,1,0,4,7,1,1,moderate,0,10
Athletics,Knee,moderate,18,76,5,2,17.1,1,0,3,6,1,1,moderate,1,22
Football,Ankle/Foot,moderate,21,51,3,4,12.5,1,0,1,7,1,1,moderate,0,7
Athletics,Chest/Back,mild,15,75,3,3,20.7,0,1,3,4,0,0,mild,0,3
Athletics,Thigh/Hamstring,mild,15,55,6,5,22.0,0,1,3,5,0,0,mild,0,5
Football,Head/Neck,mild,17,50,3,2,12.0,1,0,1,0,0,0,mild,1,2
Kabaddi,Shoulder,moderate,19,68,2,3,20.0,1,1,2,1,1,1,moderate,0,8
Kabaddi,Ankle/Foot,moderate,14,63,2,4,12.6,0,1,2,7,1,1,moderate,0,14
Kabaddi,Elbow/Forearm,severe,19,59,2,4,14.3,1,1,2,2,2,2,severe,1,47
Wrestling,Elbow/Forearm,moderate,21,57,5,4,13.6,0,0,4,2,1,1,moderate,0,7
Badminton,Elbow/Forearm,moderate,20,86,6,5,15.7,0,0,5,2,1,1,moderate,1,5
Badminton,Elbow/Forearm,moderate,14,68,10,2,13.4,0,0,5,2,1,2,severe,1,44
Wrestling,Shoulder,mild,24,73,6,6,15.3,0,0,4,1,0,0,mild,0,5
Badminton,Shoulder,mild,17,91,4,3,17.7,0,1,5,1,0,0,mild,0,2
Wrestling,Wrist/Hand,mild,14,69,3,4,13.3,0,0,4,3,0,0,mild,0,4
Badminton,Ankle/Foot,mild,14,71,5,5,22.5,0,0,5,7,0,0,mild,1,1
Kabaddi,Chest/Back,mild,16,78,1,3,8.2,1,0,2,4,0,0,mild,0,4
Kabaddi,Elbow/Forearm,moderate,14,53,4,6,16.7,0,0,2,2,1,1,moderate,1,14
Kabaddi,Wrist/Hand,mild,21,91,6,5,21.0,0,1,2,3,0,0,mild,0,2
Kabaddi,Chest/Back,mild,24,61,2,3,15.4,1,0,2,4,0,0,mild,1,3
Kabaddi,Chest/Back,moderate,23,90,5,2,5.0,0,0,2,4,1,1,moderate,0,15
Football,Head/Neck,severe,22,73,4,2,22.7,0,0,1,0,2,2,severe,1,19
Football,Shoulder,moderate,19,74,7,4,24.3,0,0,1,1,1,1,moderate,0,8
Football,Head/Neck,mild,25,80,6,3,14.3,0,0,1,0,0,0,mild,0,1
Wrestling,Wrist/Hand,mild,18,50,3,0,18.5,0,0,4,3,0,0,mild,0,1
Athletics,Knee,mild,24,50,1,1,16.7,0,1,3,6,0,0,mild,1,3
Badminton,Wrist/Hand,mild,27,73,6,2,12.6,0,0,5,3,0,0,mild,1,2
Football,Knee,moderate,23,81,5,3,18.6,0,1,1,6,1,1,moderate,1,14
Kabaddi,Knee,moderate,18,64,5,4,13.3,1,1,2,6,1,1,moderate,1,17
Athletics,Ankle/Foot,mild,19,48,3,4,7.4,0,0,3,7,0,0,mild,0,1
Badminton,Ankle/Foot,moderate,14,72,4,6,5.1,1,1,5,7,1,1,moderate,1,5
Wrestling,Knee,mild,16,58,8,2,15.0,0,1,4,6,0,0,mild,0,4
Cricket,Elbow/Forearm,severe,22,82,3,5,9.6,1,0,0,2,2,2,severe,1,51
Wrestling,Ankle/Foot,mild,17,78,4,4,15.5,0,0,4,7,0,0,mild,0,2
Football,Shoulder,mild,25,61,1,2,13.2,1,1,1,1,0,0,mild,0,3
Athletics,Ankle/Foot,severe,15,56,3,4,17.6,0,1,3,7,2,2,severe,1,39
Wrestling,Chest/Back,moderate,15,79,6,3,7.3,1,0,4,4,1,1,moderate,0,21
Athletics,Thigh/Hamstring,mild,25,70,4,4,17.6,1,0,3,5,0,0,mild,1,5
Athletics,Knee,moderate,19,63,8,2,12.9,1,1,3,6,1,2,severe,1,39
Cricket,Knee,mild,19,60,5,3,13.5,0,1,0,6,0,0,mild,0,7
Cricket,Shoulder,mild,16,70,6,3,17.1,0,0,0,1,0,0,mild,0,4
Cricket,Shoulder,mild,15,61,4,4,18.6,1,1,0,1,0,0,mild,0,3
Cricket,Ankle/Foot,mild,14,55,3,6,14.3,1,0,0,7,0,0,mild,1,3
Cricket,Chest/Back,moderate,14,78,6,4,13.7,0,0,0,4,1,1,moderate,1,12
Football,Knee,moderate,21,70,3,3,14.2,1,0,1,6,1,1,moderate,0,22
Cricket,Shoulder,mild,26,64,3,3,30.8,0,0,0,1,0,0,mild,0,4
Wrestling,Head/Neck,mild,22,59,3,1,13.7,0,1,4,0,0,0,mild,0,3
Football,Knee,moderate,17,54,3,1,9.6,0,0,1,6,1,1,moderate,1,20
Wrestling,Head/Neck,severe,14,77,8,3,15.7,1,1,4,0,2,2,severe,1,30
Kabaddi,Head/Neck,mild,22,72,1,4,22.4,0,0,2,0,0,0,mild,1,2
Wrestling,Wrist/Hand,moderate,20,71,1,4,12.4,1,1,4,3,1,1,moderate,0,7
Football,Shoulder,severe,24,95,2,5,8.3,0,1,1,1,2,2,severe,1,59
Football,Thigh/Hamstring,mild,14,47,4,5,22.0,0,0,1,5,0,0,mild,0,5
Football,Knee,moderate,18,66,4,2,13.6,0,0,1,6,1,1,moderate,1,24
Kabaddi,Head/Neck,mild,18,76,4,3,16.7,1,1,2,0,0,0,mild,1,2
Athletics,Thigh/Hamstring,moderate,14,49,9,5,20.2,0,0,3,5,1,2,severe,1,32
Football,Wrist/Hand,severe,22,62,3,4,12.9,1,1,1,3,2,2,severe,1,33
Kabaddi,Knee,mild,19,74,4,4,17.8,1,0,2,6,0,0,mild,1,4
Kabaddi,Shoulder,severe,24,60,1,4,13.6,0,0,2,1,2,2,severe,1,38
Athletics,Ankle/Foot,mild,20,85,6,5,22.6,0,0,3,7,0,0,mild,0,2